ShipmentID,OrderID,SupplierID,ShipDate,PromisedDate,ActualDeliveryDate,Carrier,QtyShipped,Quantity_ordered,On_Time ,In_Full,OTIF,OTIF_Flag(1/0)
SHP-00001,ORD-00001,SUP-02,02-01-2025,11-01-2025,09-01-2025,DHL,11,11,Yes,Yes,Yes,1
SHP-00002,ORD-00002,SUP-08,01-01-2025,09-01-2025,18-01-2025,FedEx,6,9,No,No,No,0
SHP-00003,ORD-00003,SUP-08,01-01-2025,05-01-2025,16-01-2025,Ekart,19,19,No,Yes,No,0
SHP-00004,ORD-00004,SUP-04,03-01-2025,07-01-2025,13-01-2025,BlueDart,33,33,No,Yes,No,0
SHP-00005,ORD-00005,SUP-04,01-01-2025,11-01-2025,07-01-2025,BlueDart,52,59,Yes,No,No,0
SHP-00006,ORD-00006,SUP-05,01-01-2025,05-01-2025,16-01-2025,DHL,41,41,No,Yes,No,0
SHP-00007,ORD-00007,SUP-05,02-01-2025,04-01-2025,15-01-2025,Ekart,2,2,No,Yes,No,0
SHP-00008,ORD-00008,SUP-05,02-01-2025,09-01-2025,15-01-2025,DHL,4,12,No,No,No,0
SHP-00009,ORD-00009,SUP-06,03-01-2025,07-01-2025,11-01-2025,BlueDart,27,27,No,Yes,No,0
SHP-00010,ORD-00010,SUP-01,03-01-2025,06-01-2025,16-01-2025,Ekart,16,16,No,Yes,No,0
SHP-00011,ORD-00011,SUP-06,02-01-2025,06-01-2025,13-01-2025,Delhivery,59,59,No,Yes,No,0
SHP-00012,ORD-00012,SUP-02,02-01-2025,12-01-2025,09-01-2025,BlueDart,14,14,Yes,Yes,Yes,1
SHP-00013,ORD-00013,SUP-08,03-01-2025,12-01-2025,20-01-2025,Delhivery,18,18,No,Yes,No,0
SHP-00014,ORD-00014,SUP-05,04-01-2025,08-01-2025,17-01-2025,Delhivery,26,26,No,Yes,No,0
SHP-00015,ORD-00015,SUP-05,02-01-2025,07-01-2025,14-01-2025,Ekart,6,6,No,Yes,No,0
SHP-00016,ORD-00016,SUP-01,03-01-2025,07-01-2025,17-01-2025,DHL,13,13,No,Yes,No,0
SHP-00017,ORD-00017,SUP-01,04-01-2025,06-01-2025,17-01-2025,Delhivery,50,50,No,Yes,No,0
SHP-00018,ORD-00018,SUP-02,03-01-2025,11-01-2025,08-01-2025,Delhivery,11,11,Yes,Yes,Yes,1
SHP-00019,ORD-00019,SUP-02,03-01-2025,10-01-2025,10-01-2025,Ekart,13,13,Yes,Yes,Yes,1
SHP-00020,ORD-00020,SUP-03,05-01-2025,07-01-2025,09-01-2025,DHL,21,23,No,No,No,0
SHP-00021,ORD-00021,SUP-04,03-01-2025,09-01-2025,11-01-2025,DHL,35,35,No,Yes,No,0
SHP-00022,ORD-00022,SUP-04,03-01-2025,10-01-2025,13-01-2025,BlueDart,28,29,No,No,No,0
SHP-00023,ORD-00023,SUP-01,04-01-2025,08-01-2025,17-01-2025,BlueDart,38,40,No,No,No,0
SHP-00024,ORD-00024,SUP-01,05-01-2025,10-01-2025,22-01-2025,BlueDart,8,14,No,No,No,0
SHP-00025,ORD-00025,SUP-01,06-01-2025,14-01-2025,19-01-2025,DHL,29,29,No,Yes,No,0
SHP-00026,ORD-00026,SUP-07,06-01-2025,13-01-2025,19-01-2025,Ekart,11,11,No,Yes,No,0
SHP-00027,ORD-00027,SUP-07,05-01-2025,11-01-2025,19-01-2025,Ekart,26,29,No,No,No,0
SHP-00028,ORD-00028,SUP-08,05-01-2025,07-01-2025,20-01-2025,BlueDart,7,7,No,Yes,No,0
SHP-00029,ORD-00029,SUP-04,04-01-2025,09-01-2025,14-01-2025,Ekart,50,50,No,Yes,No,0
SHP-00030,ORD-00030,SUP-04,05-01-2025,12-01-2025,11-01-2025,Ekart,41,41,Yes,Yes,Yes,1
SHP-00031,ORD-00031,SUP-04,05-01-2025,13-01-2025,10-01-2025,BlueDart,25,26,Yes,No,No,0
SHP-00032,ORD-00032,SUP-05,04-01-2025,09-01-2025,17-01-2025,DHL,7,7,No,Yes,No,0
SHP-00033,ORD-00033,SUP-05,05-01-2025,13-01-2025,20-01-2025,Ekart,8,8,No,Yes,No,0
SHP-00034,ORD-00034,SUP-01,06-01-2025,09-01-2025,19-01-2025,Delhivery,23,23,No,Yes,No,0
SHP-00035,ORD-00035,SUP-06,05-01-2025,12-01-2025,16-01-2025,Delhivery,41,41,No,Yes,No,0
SHP-00036,ORD-00036,SUP-07,06-01-2025,11-01-2025,22-01-2025,Delhivery,4,9,No,No,No,0
SHP-00037,ORD-00037,SUP-07,07-01-2025,13-01-2025,20-01-2025,BlueDart,42,42,No,Yes,No,0
SHP-00038,ORD-00038,SUP-08,05-01-2025,08-01-2025,20-01-2025,FedEx,50,50,No,Yes,No,0
SHP-00039,ORD-00039,SUP-08,07-01-2025,09-01-2025,22-01-2025,BlueDart,24,24,No,Yes,No,0
SHP-00040,ORD-00040,SUP-04,05-01-2025,13-01-2025,10-01-2025,BlueDart,34,35,Yes,No,No,0
SHP-00041,ORD-00041,SUP-04,06-01-2025,14-01-2025,16-01-2025,Ekart,29,29,No,Yes,No,0
SHP-00042,ORD-00042,SUP-04,06-01-2025,09-01-2025,14-01-2025,Delhivery,23,23,No,Yes,No,0
SHP-00043,ORD-00043,SUP-05,06-01-2025,14-01-2025,19-01-2025,FedEx,11,11,No,Yes,No,0
SHP-00044,ORD-00044,SUP-01,08-01-2025,15-01-2025,23-01-2025,Delhivery,22,27,No,No,No,0
SHP-00045,ORD-00045,SUP-02,08-01-2025,13-01-2025,12-01-2025,Ekart,20,27,Yes,No,No,0
SHP-00046,ORD-00046,SUP-08,08-01-2025,16-01-2025,23-01-2025,DHL,40,40,No,Yes,No,0
SHP-00047,ORD-00047,SUP-05,07-01-2025,10-01-2025,20-01-2025,Delhivery,1,5,No,No,No,0
SHP-00048,ORD-00048,SUP-06,09-01-2025,13-01-2025,18-01-2025,FedEx,19,19,No,Yes,No,0
SHP-00049,ORD-00049,SUP-01,07-01-2025,11-01-2025,20-01-2025,DHL,25,25,No,Yes,No,0
SHP-00050,ORD-00050,SUP-02,08-01-2025,16-01-2025,17-01-2025,DHL,6,13,No,No,No,0
SHP-00051,ORD-00051,SUP-08,07-01-2025,11-01-2025,22-01-2025,DHL,40,40,No,Yes,No,0
SHP-00052,ORD-00052,SUP-08,07-01-2025,17-01-2025,22-01-2025,Delhivery,8,8,No,Yes,No,0
SHP-00053,ORD-00053,SUP-04,08-01-2025,15-01-2025,15-01-2025,DHL,48,48,Yes,Yes,Yes,1
SHP-00054,ORD-00054,SUP-02,10-01-2025,14-01-2025,14-01-2025,FedEx,35,35,Yes,Yes,Yes,1
SHP-00055,ORD-00055,SUP-08,09-01-2025,15-01-2025,24-01-2025,DHL,24,24,No,Yes,No,0
SHP-00056,ORD-00056,SUP-04,08-01-2025,13-01-2025,16-01-2025,Ekart,39,43,No,No,No,0
SHP-00057,ORD-00057,SUP-05,09-01-2025,17-01-2025,22-01-2025,Delhivery,4,4,No,Yes,No,0
SHP-00058,ORD-00058,SUP-06,11-01-2025,12-01-2025,22-01-2025,DHL,41,41,No,Yes,No,0
SHP-00059,ORD-00059,SUP-02,10-01-2025,18-01-2025,17-01-2025,DHL,6,6,Yes,Yes,Yes,1
SHP-00060,ORD-00060,SUP-02,09-01-2025,19-01-2025,14-01-2025,DHL,20,20,Yes,Yes,Yes,1
SHP-00061,ORD-00061,SUP-03,11-01-2025,14-01-2025,15-01-2025,BlueDart,11,11,No,Yes,No,0
SHP-00062,ORD-00062,SUP-05,11-01-2025,18-01-2025,24-01-2025,BlueDart,17,17,No,Yes,No,0
SHP-00063,ORD-00063,SUP-05,09-01-2025,19-01-2025,24-01-2025,Ekart,6,6,No,Yes,No,0
SHP-00064,ORD-00064,SUP-06,12-01-2025,19-01-2025,23-01-2025,Ekart,42,43,No,No,No,0
SHP-00065,ORD-00065,SUP-02,10-01-2025,14-01-2025,16-01-2025,FedEx,13,17,No,No,No,0
SHP-00066,ORD-00066,SUP-03,10-01-2025,13-01-2025,14-01-2025,Delhivery,12,12,No,Yes,No,0
SHP-00067,ORD-00067,SUP-03,11-01-2025,16-01-2025,19-01-2025,BlueDart,31,33,No,No,No,0
SHP-00068,ORD-00068,SUP-04,11-01-2025,14-01-2025,17-01-2025,Ekart,32,39,No,No,No,0
SHP-00069,ORD-00069,SUP-04,10-01-2025,19-01-2025,16-01-2025,BlueDart,34,34,Yes,Yes,Yes,1
SHP-00070,ORD-00070,SUP-05,12-01-2025,16-01-2025,24-01-2025,FedEx,27,27,No,Yes,No,0
SHP-00071,ORD-00071,SUP-01,13-01-2025,19-01-2025,26-01-2025,Ekart,53,53,No,Yes,No,0
SHP-00072,ORD-00072,SUP-01,11-01-2025,19-01-2025,26-01-2025,FedEx,33,33,No,Yes,No,0
SHP-00073,ORD-00073,SUP-07,12-01-2025,21-01-2025,28-01-2025,Ekart,40,40,No,Yes,No,0
SHP-00074,ORD-00074,SUP-02,13-01-2025,18-01-2025,18-01-2025,Ekart,12,12,Yes,Yes,Yes,1
SHP-00075,ORD-00075,SUP-04,12-01-2025,18-01-2025,18-01-2025,DHL,39,39,Yes,Yes,Yes,1
SHP-00076,ORD-00076,SUP-05,11-01-2025,21-01-2025,23-01-2025,BlueDart,11,11,No,Yes,No,0
SHP-00077,ORD-00077,SUP-01,14-01-2025,19-01-2025,29-01-2025,DHL,33,33,No,Yes,No,0
SHP-00078,ORD-00078,SUP-01,14-01-2025,18-01-2025,27-01-2025,FedEx,45,45,No,Yes,No,0
SHP-00079,ORD-00079,SUP-04,13-01-2025,19-01-2025,23-01-2025,FedEx,39,42,No,No,No,0
SHP-00080,ORD-00080,SUP-05,12-01-2025,20-01-2025,29-01-2025,Delhivery,39,39,No,Yes,No,0
SHP-00081,ORD-00081,SUP-05,12-01-2025,18-01-2025,25-01-2025,DHL,6,6,No,Yes,No,0
SHP-00082,ORD-00082,SUP-06,14-01-2025,23-01-2025,20-01-2025,DHL,40,41,Yes,No,No,0
SHP-00083,ORD-00083,SUP-02,15-01-2025,18-01-2025,21-01-2025,BlueDart,11,11,No,Yes,No,0
SHP-00084,ORD-00084,SUP-04,15-01-2025,23-01-2025,20-01-2025,DHL,47,47,Yes,Yes,Yes,1
SHP-00085,ORD-00085,SUP-05,14-01-2025,23-01-2025,27-01-2025,BlueDart,27,27,No,Yes,No,0
SHP-00086,ORD-00086,SUP-05,13-01-2025,17-01-2025,28-01-2025,BlueDart,6,7,No,No,No,0
SHP-00087,ORD-00087,SUP-05,13-01-2025,17-01-2025,27-01-2025,DHL,11,11,No,Yes,No,0
SHP-00088,ORD-00088,SUP-06,15-01-2025,20-01-2025,23-01-2025,FedEx,3,4,No,No,No,0
SHP-00089,ORD-00089,SUP-02,16-01-2025,21-01-2025,21-01-2025,BlueDart,19,23,Yes,No,No,0
SHP-00090,ORD-00090,SUP-03,14-01-2025,20-01-2025,18-01-2025,DHL,7,7,Yes,Yes,Yes,1
SHP-00091,ORD-00091,SUP-03,15-01-2025,17-01-2025,20-01-2025,FedEx,20,20,No,Yes,No,0
SHP-00092,ORD-00092,SUP-04,15-01-2025,21-01-2025,23-01-2025,FedEx,29,29,No,Yes,No,0
SHP-00093,ORD-00093,SUP-02,17-01-2025,22-01-2025,22-01-2025,DHL,7,7,Yes,Yes,Yes,1
SHP-00094,ORD-00094,SUP-08,17-01-2025,22-01-2025,31-01-2025,Ekart,7,12,No,No,No,0
SHP-00095,ORD-00095,SUP-03,17-01-2025,24-01-2025,21-01-2025,DHL,28,28,Yes,Yes,Yes,1
SHP-00096,ORD-00096,SUP-08,15-01-2025,18-01-2025,30-01-2025,Ekart,20,20,No,Yes,No,0
SHP-00097,ORD-00097,SUP-04,16-01-2025,18-01-2025,21-01-2025,DHL,41,41,No,Yes,No,0
SHP-00098,ORD-00098,SUP-05,15-01-2025,25-01-2025,27-01-2025,FedEx,9,9,No,Yes,No,0
SHP-00099,ORD-00099,SUP-01,18-01-2025,26-01-2025,04-02-2025,Ekart,39,45,No,No,No,0
SHP-00100,ORD-00100,SUP-01,17-01-2025,20-01-2025,30-01-2025,BlueDart,3,3,No,Yes,No,0
SHP-00101,ORD-00101,SUP-06,17-01-2025,25-01-2025,25-01-2025,FedEx,17,17,Yes,Yes,Yes,1
SHP-00102,ORD-00102,SUP-07,18-01-2025,24-01-2025,02-02-2025,DHL,27,27,No,Yes,No,0
SHP-00103,ORD-00103,SUP-08,16-01-2025,19-01-2025,01-02-2025,Ekart,50,50,No,Yes,No,0
SHP-00104,ORD-00104,SUP-04,18-01-2025,19-01-2025,24-01-2025,Ekart,27,27,No,Yes,No,0
SHP-00105,ORD-00105,SUP-05,16-01-2025,22-01-2025,29-01-2025,DHL,6,6,No,Yes,No,0
SHP-00106,ORD-00106,SUP-05,18-01-2025,19-01-2025,31-01-2025,Delhivery,7,7,No,Yes,No,0
SHP-00107,ORD-00107,SUP-01,17-01-2025,27-01-2025,29-01-2025,Delhivery,59,59,No,Yes,No,0
SHP-00108,ORD-00108,SUP-07,17-01-2025,27-01-2025,04-02-2025,FedEx,26,26,No,Yes,No,0
SHP-00109,ORD-00109,SUP-03,18-01-2025,22-01-2025,23-01-2025,Ekart,16,16,No,Yes,No,0
SHP-00110,ORD-00110,SUP-04,17-01-2025,24-01-2025,23-01-2025,FedEx,55,55,Yes,Yes,Yes,1
SHP-00111,ORD-00111,SUP-06,18-01-2025,27-01-2025,27-01-2025,Delhivery,23,23,Yes,Yes,Yes,1
SHP-00112,ORD-00112,SUP-07,20-01-2025,27-01-2025,05-02-2025,Ekart,14,14,No,Yes,No,0
SHP-00113,ORD-00113,SUP-02,19-01-2025,27-01-2025,26-01-2025,DHL,27,27,Yes,Yes,Yes,1
SHP-00114,ORD-00114,SUP-03,20-01-2025,26-01-2025,24-01-2025,Ekart,6,6,Yes,Yes,Yes,1
SHP-00115,ORD-00115,SUP-03,19-01-2025,23-01-2025,27-01-2025,FedEx,36,42,No,No,No,0
SHP-00116,ORD-00116,SUP-03,18-01-2025,25-01-2025,24-01-2025,FedEx,19,19,Yes,Yes,Yes,1
SHP-00117,ORD-00117,SUP-05,18-01-2025,28-01-2025,01-02-2025,Delhivery,5,5,No,Yes,No,0
SHP-00118,ORD-00118,SUP-06,21-01-2025,26-01-2025,01-02-2025,Delhivery,50,50,No,Yes,No,0
SHP-00119,ORD-00119,SUP-06,21-01-2025,23-01-2025,28-01-2025,Ekart,17,24,No,No,No,0
SHP-00120,ORD-00120,SUP-07,20-01-2025,22-01-2025,03-02-2025,Delhivery,35,35,No,Yes,No,0
SHP-00121,ORD-00121,SUP-02,21-01-2025,24-01-2025,26-01-2025,BlueDart,17,17,No,Yes,No,0
SHP-00122,ORD-00122,SUP-03,19-01-2025,28-01-2025,27-01-2025,Ekart,18,18,Yes,Yes,Yes,1
SHP-00123,ORD-00123,SUP-04,19-01-2025,22-01-2025,25-01-2025,DHL,28,28,No,Yes,No,0
SHP-00124,ORD-00124,SUP-04,21-01-2025,29-01-2025,27-01-2025,DHL,18,18,Yes,Yes,Yes,1
SHP-00125,ORD-00125,SUP-05,21-01-2025,25-01-2025,02-02-2025,Delhivery,6,6,No,Yes,No,0
SHP-00126,ORD-00126,SUP-05,19-01-2025,28-01-2025,31-01-2025,Ekart,7,14,No,No,No,0
SHP-00127,ORD-00127,SUP-06,21-01-2025,27-01-2025,27-01-2025,BlueDart,53,53,Yes,Yes,Yes,1
SHP-00128,ORD-00128,SUP-08,22-01-2025,28-01-2025,06-02-2025,Ekart,14,18,No,No,No,0
SHP-00129,ORD-00129,SUP-06,21-01-2025,26-01-2025,27-01-2025,FedEx,20,20,No,Yes,No,0
SHP-00130,ORD-00130,SUP-02,23-01-2025,30-01-2025,30-01-2025,DHL,16,16,Yes,Yes,Yes,1
SHP-00131,ORD-00131,SUP-02,23-01-2025,28-01-2025,28-01-2025,Delhivery,1,3,Yes,No,No,0
SHP-00132,ORD-00132,SUP-03,23-01-2025,29-01-2025,27-01-2025,Delhivery,15,15,Yes,Yes,Yes,1
SHP-00133,ORD-00133,SUP-04,23-01-2025,30-01-2025,29-01-2025,DHL,64,64,Yes,Yes,Yes,1
SHP-00134,ORD-00134,SUP-04,21-01-2025,30-01-2025,27-01-2025,Ekart,22,22,Yes,Yes,Yes,1
SHP-00135,ORD-00135,SUP-07,23-01-2025,30-01-2025,06-02-2025,Delhivery,19,27,No,No,No,0
SHP-00136,ORD-00136,SUP-04,23-01-2025,25-01-2025,31-01-2025,DHL,38,41,No,No,No,0
SHP-00137,ORD-00137,SUP-05,24-01-2025,31-01-2025,10-02-2025,FedEx,19,27,No,No,No,0
SHP-00138,ORD-00138,SUP-06,23-01-2025,28-01-2025,30-01-2025,Ekart,24,24,No,Yes,No,0
SHP-00139,ORD-00139,SUP-02,24-01-2025,02-02-2025,28-01-2025,Ekart,12,12,Yes,Yes,Yes,1
SHP-00140,ORD-00140,SUP-08,23-01-2025,31-01-2025,07-02-2025,FedEx,10,10,No,Yes,No,0
SHP-00141,ORD-00141,SUP-03,23-01-2025,02-02-2025,27-01-2025,DHL,34,34,Yes,Yes,Yes,1
SHP-00142,ORD-00142,SUP-04,25-01-2025,31-01-2025,31-01-2025,FedEx,73,73,Yes,Yes,Yes,1
SHP-00143,ORD-00143,SUP-05,24-01-2025,29-01-2025,07-02-2025,FedEx,31,31,No,Yes,No,0
SHP-00144,ORD-00144,SUP-01,24-01-2025,29-01-2025,10-02-2025,Delhivery,10,10,No,Yes,No,0
SHP-00145,ORD-00145,SUP-02,24-01-2025,01-02-2025,30-01-2025,BlueDart,8,15,Yes,No,No,0
SHP-00146,ORD-00146,SUP-02,25-01-2025,31-01-2025,30-01-2025,DHL,23,23,Yes,Yes,Yes,1
SHP-00147,ORD-00147,SUP-04,25-01-2025,27-01-2025,31-01-2025,DHL,4,4,No,Yes,No,0
SHP-00148,ORD-00148,SUP-05,24-01-2025,03-02-2025,06-02-2025,BlueDart,8,8,No,Yes,No,0
SHP-00149,ORD-00149,SUP-07,26-01-2025,29-01-2025,09-02-2025,Delhivery,19,19,No,Yes,No,0
SHP-00150,ORD-00150,SUP-08,25-01-2025,01-02-2025,09-02-2025,DHL,49,49,No,Yes,No,0
SHP-00151,ORD-00151,SUP-03,25-01-2025,31-01-2025,29-01-2025,BlueDart,15,15,Yes,Yes,Yes,1
SHP-00152,ORD-00152,SUP-04,26-01-2025,04-02-2025,01-02-2025,BlueDart,13,13,Yes,Yes,Yes,1
SHP-00153,ORD-00153,SUP-05,26-01-2025,30-01-2025,09-02-2025,FedEx,20,23,No,No,No,0
SHP-00154,ORD-00154,SUP-05,27-01-2025,29-01-2025,10-02-2025,BlueDart,5,8,No,No,No,0
SHP-00155,ORD-00155,SUP-05,25-01-2025,28-01-2025,09-02-2025,Ekart,1,8,No,No,No,0
SHP-00156,ORD-00156,SUP-01,26-01-2025,04-02-2025,10-02-2025,Ekart,6,6,No,Yes,No,0
SHP-00157,ORD-00157,SUP-07,26-01-2025,05-02-2025,10-02-2025,FedEx,21,21,No,Yes,No,0
SHP-00158,ORD-00158,SUP-07,26-01-2025,03-02-2025,13-02-2025,Delhivery,12,12,No,Yes,No,0
SHP-00159,ORD-00159,SUP-05,26-01-2025,02-02-2025,12-02-2025,Ekart,10,10,No,Yes,No,0
SHP-00160,ORD-00160,SUP-05,27-01-2025,02-02-2025,08-02-2025,Ekart,6,6,No,Yes,No,0
SHP-00161,ORD-00161,SUP-06,29-01-2025,05-02-2025,04-02-2025,Ekart,43,43,Yes,Yes,Yes,1
SHP-00162,ORD-00162,SUP-07,28-01-2025,02-02-2025,13-02-2025,BlueDart,9,9,No,Yes,No,0
SHP-00163,ORD-00163,SUP-07,28-01-2025,31-01-2025,13-02-2025,Delhivery,4,12,No,No,No,0
SHP-00164,ORD-00164,SUP-08,29-01-2025,30-01-2025,17-02-2025,BlueDart,17,17,No,Yes,No,0
SHP-00165,ORD-00165,SUP-08,27-01-2025,06-02-2025,11-02-2025,BlueDart,31,31,No,Yes,No,0
SHP-00166,ORD-00166,SUP-03,27-01-2025,31-01-2025,31-01-2025,DHL,13,13,Yes,Yes,Yes,1
SHP-00167,ORD-00167,SUP-04,27-01-2025,03-02-2025,02-02-2025,DHL,30,30,Yes,Yes,Yes,1
SHP-00168,ORD-00168,SUP-04,28-01-2025,30-01-2025,04-02-2025,BlueDart,22,22,No,Yes,No,0
SHP-00169,ORD-00169,SUP-04,28-01-2025,03-02-2025,04-02-2025,Ekart,25,27,No,No,No,0
SHP-00170,ORD-00170,SUP-05,27-01-2025,06-02-2025,10-02-2025,FedEx,23,30,No,No,No,0
SHP-00171,ORD-00171,SUP-05,29-01-2025,04-02-2025,12-02-2025,DHL,4,4,No,Yes,No,0
SHP-00172,ORD-00172,SUP-01,29-01-2025,31-01-2025,12-02-2025,DHL,45,45,No,Yes,No,0
SHP-00173,ORD-00173,SUP-02,28-01-2025,05-02-2025,02-02-2025,BlueDart,14,14,Yes,Yes,Yes,1
SHP-00174,ORD-00174,SUP-08,28-01-2025,01-02-2025,13-02-2025,Delhivery,20,20,No,Yes,No,0
SHP-00175,ORD-00175,SUP-04,30-01-2025,05-02-2025,06-02-2025,DHL,23,23,No,Yes,No,0
SHP-00176,ORD-00176,SUP-05,30-01-2025,01-02-2025,12-02-2025,Ekart,33,33,No,Yes,No,0
SHP-00177,ORD-00177,SUP-05,30-01-2025,02-02-2025,13-02-2025,BlueDart,8,8,No,Yes,No,0
SHP-00178,ORD-00178,SUP-01,30-01-2025,04-02-2025,12-02-2025,Ekart,12,12,No,Yes,No,0
SHP-00179,ORD-00179,SUP-07,29-01-2025,08-02-2025,14-02-2025,BlueDart,14,14,No,Yes,No,0
SHP-00180,ORD-00180,SUP-08,29-01-2025,02-02-2025,13-02-2025,FedEx,8,8,No,Yes,No,0
SHP-00181,ORD-00181,SUP-04,30-01-2025,01-02-2025,05-02-2025,Delhivery,52,52,No,Yes,No,0
SHP-00182,ORD-00182,SUP-05,31-01-2025,02-02-2025,13-02-2025,BlueDart,30,30,No,Yes,No,0
SHP-00183,ORD-00183,SUP-01,01-02-2025,07-02-2025,16-02-2025,FedEx,42,42,No,Yes,No,0
SHP-00184,ORD-00184,SUP-04,01-02-2025,04-02-2025,08-02-2025,Ekart,20,20,No,Yes,No,0
SHP-00185,ORD-00185,SUP-05,01-02-2025,07-02-2025,15-02-2025,Ekart,11,11,No,Yes,No,0
SHP-00186,ORD-00186,SUP-06,02-02-2025,04-02-2025,13-02-2025,DHL,26,29,No,No,No,0
SHP-00187,ORD-00187,SUP-02,01-02-2025,05-02-2025,08-02-2025,Ekart,6,12,No,No,No,0
SHP-00188,ORD-00188,SUP-02,01-02-2025,08-02-2025,08-02-2025,Delhivery,7,7,Yes,Yes,Yes,1
SHP-00189,ORD-00189,SUP-08,31-01-2025,09-02-2025,17-02-2025,BlueDart,13,13,No,Yes,No,0
SHP-00190,ORD-00190,SUP-05,01-02-2025,08-02-2025,14-02-2025,DHL,7,7,No,Yes,No,0
SHP-00191,ORD-00191,SUP-06,03-02-2025,11-02-2025,09-02-2025,Delhivery,41,43,Yes,No,No,0
SHP-00192,ORD-00192,SUP-06,03-02-2025,08-02-2025,10-02-2025,DHL,32,32,No,Yes,No,0
SHP-00193,ORD-00193,SUP-08,02-02-2025,06-02-2025,17-02-2025,Ekart,49,49,No,Yes,No,0
SHP-00194,ORD-00194,SUP-08,02-02-2025,09-02-2025,18-02-2025,Delhivery,29,29,No,Yes,No,0
SHP-00195,ORD-00195,SUP-05,03-02-2025,11-02-2025,16-02-2025,Delhivery,6,6,No,Yes,No,0
SHP-00196,ORD-00196,SUP-01,04-02-2025,09-02-2025,18-02-2025,DHL,32,32,No,Yes,No,0
SHP-00197,ORD-00197,SUP-07,02-02-2025,07-02-2025,20-02-2025,Ekart,15,15,No,Yes,No,0
SHP-00198,ORD-00198,SUP-03,03-02-2025,06-02-2025,07-02-2025,DHL,46,48,No,No,No,0
SHP-00199,ORD-00199,SUP-04,04-02-2025,11-02-2025,14-02-2025,FedEx,44,44,No,Yes,No,0
SHP-00200,ORD-00200,SUP-05,03-02-2025,11-02-2025,16-02-2025,FedEx,2,5,No,No,No,0
SHP-00201,ORD-00201,SUP-05,04-02-2025,05-02-2025,17-02-2025,Ekart,12,12,No,Yes,No,0
SHP-00202,ORD-00202,SUP-07,03-02-2025,10-02-2025,17-02-2025,Ekart,13,13,No,Yes,No,0
SHP-00203,ORD-00203,SUP-03,05-02-2025,12-02-2025,11-02-2025,DHL,20,20,Yes,Yes,Yes,1
SHP-00204,ORD-00204,SUP-04,05-02-2025,07-02-2025,11-02-2025,FedEx,45,45,No,Yes,No,0
SHP-00205,ORD-00205,SUP-04,03-02-2025,07-02-2025,10-02-2025,FedEx,42,42,No,Yes,No,0
SHP-00206,ORD-00206,SUP-05,04-02-2025,06-02-2025,17-02-2025,Ekart,1,5,No,No,No,0
SHP-00207,ORD-00207,SUP-01,06-02-2025,08-02-2025,20-02-2025,BlueDart,18,18,No,Yes,No,0
SHP-00208,ORD-00208,SUP-01,05-02-2025,07-02-2025,19-02-2025,BlueDart,21,21,No,Yes,No,0
SHP-00209,ORD-00209,SUP-01,06-02-2025,07-02-2025,23-02-2025,Ekart,26,26,No,Yes,No,0
SHP-00210,ORD-00210,SUP-02,05-02-2025,08-02-2025,14-02-2025,Delhivery,11,17,No,No,No,0
SHP-00211,ORD-00211,SUP-07,05-02-2025,09-02-2025,18-02-2025,FedEx,22,22,No,Yes,No,0
SHP-00212,ORD-00212,SUP-03,05-02-2025,09-02-2025,13-02-2025,BlueDart,50,50,No,Yes,No,0
SHP-00213,ORD-00213,SUP-03,06-02-2025,07-02-2025,10-02-2025,Delhivery,23,23,No,Yes,No,0
SHP-00214,ORD-00214,SUP-05,05-02-2025,10-02-2025,20-02-2025,Ekart,41,41,No,Yes,No,0
SHP-00215,ORD-00215,SUP-05,04-02-2025,12-02-2025,21-02-2025,DHL,7,7,No,Yes,No,0
SHP-00216,ORD-00216,SUP-01,05-02-2025,10-02-2025,19-02-2025,Delhivery,27,27,No,Yes,No,0
SHP-00217,ORD-00217,SUP-02,06-02-2025,09-02-2025,15-02-2025,BlueDart,15,15,No,Yes,No,0
SHP-00218,ORD-00218,SUP-07,05-02-2025,10-02-2025,19-02-2025,Ekart,20,20,No,Yes,No,0
SHP-00219,ORD-00219,SUP-02,07-02-2025,12-02-2025,13-02-2025,Ekart,20,20,No,Yes,No,0
SHP-00220,ORD-00220,SUP-03,07-02-2025,15-02-2025,13-02-2025,FedEx,17,17,Yes,Yes,Yes,1
SHP-00221,ORD-00221,SUP-03,06-02-2025,14-02-2025,10-02-2025,FedEx,43,49,Yes,No,No,0
SHP-00222,ORD-00222,SUP-03,05-02-2025,14-02-2025,09-02-2025,FedEx,15,15,Yes,Yes,Yes,1
SHP-00223,ORD-00223,SUP-04,05-02-2025,08-02-2025,11-02-2025,Ekart,20,20,No,Yes,No,0
SHP-00224,ORD-00224,SUP-04,06-02-2025,13-02-2025,13-02-2025,DHL,16,16,Yes,Yes,Yes,1
SHP-00225,ORD-00225,SUP-05,05-02-2025,13-02-2025,18-02-2025,Ekart,7,7,No,Yes,No,0
SHP-00226,ORD-00226,SUP-06,08-02-2025,13-02-2025,17-02-2025,DHL,46,46,No,Yes,No,0
SHP-00227,ORD-00227,SUP-07,07-02-2025,10-02-2025,25-02-2025,Ekart,16,16,No,Yes,No,0
SHP-00228,ORD-00228,SUP-07,06-02-2025,13-02-2025,21-02-2025,BlueDart,17,19,No,No,No,0
SHP-00229,ORD-00229,SUP-08,07-02-2025,11-02-2025,21-02-2025,BlueDart,14,15,No,No,No,0
SHP-00230,ORD-00230,SUP-05,06-02-2025,13-02-2025,23-02-2025,Delhivery,9,9,No,Yes,No,0
SHP-00231,ORD-00231,SUP-01,07-02-2025,17-02-2025,20-02-2025,DHL,35,37,No,No,No,0
SHP-00232,ORD-00232,SUP-07,07-02-2025,12-02-2025,21-02-2025,FedEx,26,32,No,No,No,0
SHP-00233,ORD-00233,SUP-02,09-02-2025,17-02-2025,14-02-2025,FedEx,8,8,Yes,Yes,Yes,1
SHP-00234,ORD-00234,SUP-03,09-02-2025,15-02-2025,12-02-2025,DHL,26,26,Yes,Yes,Yes,1
SHP-00235,ORD-00235,SUP-04,08-02-2025,12-02-2025,15-02-2025,FedEx,33,33,No,Yes,No,0
SHP-00236,ORD-00236,SUP-04,08-02-2025,10-02-2025,18-02-2025,Delhivery,27,27,No,Yes,No,0
SHP-00237,ORD-00237,SUP-04,08-02-2025,13-02-2025,16-02-2025,DHL,37,37,No,Yes,No,0
SHP-00238,ORD-00238,SUP-05,07-02-2025,14-02-2025,22-02-2025,Ekart,4,10,No,No,No,0
SHP-00239,ORD-00239,SUP-01,09-02-2025,13-02-2025,22-02-2025,BlueDart,23,23,No,Yes,No,0
SHP-00240,ORD-00240,SUP-02,08-02-2025,11-02-2025,15-02-2025,BlueDart,17,17,No,Yes,No,0
SHP-00241,ORD-00241,SUP-03,08-02-2025,15-02-2025,16-02-2025,Ekart,25,29,No,No,No,0
SHP-00242,ORD-00242,SUP-04,10-02-2025,12-02-2025,15-02-2025,Ekart,18,18,No,Yes,No,0
SHP-00243,ORD-00243,SUP-05,08-02-2025,16-02-2025,21-02-2025,BlueDart,17,17,No,Yes,No,0
SHP-00244,ORD-00244,SUP-05,09-02-2025,16-02-2025,22-02-2025,Delhivery,7,7,No,Yes,No,0
SHP-00245,ORD-00245,SUP-06,10-02-2025,17-02-2025,16-02-2025,FedEx,23,23,Yes,Yes,Yes,1
SHP-00246,ORD-00246,SUP-06,11-02-2025,19-02-2025,20-02-2025,Delhivery,15,23,No,No,No,0
SHP-00247,ORD-00247,SUP-01,10-02-2025,18-02-2025,23-02-2025,DHL,32,32,No,Yes,No,0
SHP-00248,ORD-00248,SUP-08,11-02-2025,14-02-2025,28-02-2025,Delhivery,18,18,No,Yes,No,0
SHP-00249,ORD-00249,SUP-08,09-02-2025,19-02-2025,28-02-2025,BlueDart,35,35,No,Yes,No,0
SHP-00250,ORD-00250,SUP-04,09-02-2025,16-02-2025,16-02-2025,FedEx,35,43,Yes,No,No,0
SHP-00251,ORD-00251,SUP-04,11-02-2025,14-02-2025,16-02-2025,Ekart,30,30,No,Yes,No,0
SHP-00252,ORD-00252,SUP-05,11-02-2025,18-02-2025,24-02-2025,FedEx,6,6,No,Yes,No,0
SHP-00253,ORD-00253,SUP-05,09-02-2025,19-02-2025,22-02-2025,Delhivery,8,8,No,Yes,No,0
SHP-00254,ORD-00254,SUP-07,12-02-2025,14-02-2025,28-02-2025,Ekart,18,18,No,Yes,No,0
SHP-00255,ORD-00255,SUP-02,10-02-2025,16-02-2025,15-02-2025,Delhivery,21,21,Yes,Yes,Yes,1
SHP-00256,ORD-00256,SUP-03,12-02-2025,15-02-2025,16-02-2025,BlueDart,31,31,No,Yes,No,0
SHP-00257,ORD-00257,SUP-04,11-02-2025,18-02-2025,19-02-2025,BlueDart,44,44,No,Yes,No,0
SHP-00258,ORD-00258,SUP-05,10-02-2025,18-02-2025,24-02-2025,Delhivery,5,5,No,Yes,No,0
SHP-00259,ORD-00259,SUP-01,12-02-2025,15-02-2025,27-02-2025,Delhivery,38,38,No,Yes,No,0
SHP-00260,ORD-00260,SUP-02,12-02-2025,21-02-2025,18-02-2025,DHL,19,19,Yes,Yes,Yes,1
SHP-00261,ORD-00261,SUP-08,11-02-2025,20-02-2025,26-02-2025,FedEx,27,27,No,Yes,No,0
SHP-00262,ORD-00262,SUP-08,11-02-2025,15-02-2025,26-02-2025,DHL,12,12,No,Yes,No,0
SHP-00263,ORD-00263,SUP-04,11-02-2025,17-02-2025,18-02-2025,DHL,26,26,No,Yes,No,0
SHP-00264,ORD-00264,SUP-05,13-02-2025,16-02-2025,28-02-2025,Delhivery,30,30,No,Yes,No,0
SHP-00265,ORD-00265,SUP-06,14-02-2025,20-02-2025,25-02-2025,Ekart,23,23,No,Yes,No,0
SHP-00266,ORD-00266,SUP-08,12-02-2025,22-02-2025,27-02-2025,FedEx,12,12,No,Yes,No,0
SHP-00267,ORD-00267,SUP-03,12-02-2025,19-02-2025,15-02-2025,Ekart,30,30,Yes,Yes,Yes,1
SHP-00268,ORD-00268,SUP-06,15-02-2025,22-02-2025,22-02-2025,Delhivery,59,59,Yes,Yes,Yes,1
SHP-00269,ORD-00269,SUP-07,15-02-2025,21-02-2025,05-03-2025,Ekart,12,12,No,Yes,No,0
SHP-00270,ORD-00270,SUP-02,13-02-2025,20-02-2025,18-02-2025,Delhivery,19,21,Yes,No,No,0
SHP-00271,ORD-00271,SUP-08,14-02-2025,19-02-2025,03-03-2025,BlueDart,9,9,No,Yes,No,0
SHP-00272,ORD-00272,SUP-03,13-02-2025,22-02-2025,16-02-2025,DHL,13,13,Yes,Yes,Yes,1
SHP-00273,ORD-00273,SUP-04,15-02-2025,18-02-2025,25-02-2025,FedEx,38,38,No,Yes,No,0
SHP-00274,ORD-00274,SUP-04,14-02-2025,20-02-2025,22-02-2025,DHL,25,25,No,Yes,No,0
SHP-00275,ORD-00275,SUP-05,13-02-2025,16-02-2025,26-02-2025,FedEx,5,5,No,Yes,No,0
SHP-00276,ORD-00276,SUP-01,14-02-2025,17-02-2025,27-02-2025,Delhivery,9,14,No,No,No,0
SHP-00277,ORD-00277,SUP-06,16-02-2025,21-02-2025,22-02-2025,Ekart,35,35,No,Yes,No,0
SHP-00278,ORD-00278,SUP-07,14-02-2025,18-02-2025,28-02-2025,Delhivery,1,4,No,No,No,0
SHP-00279,ORD-00279,SUP-03,14-02-2025,18-02-2025,22-02-2025,Ekart,11,14,No,No,No,0
SHP-00280,ORD-00280,SUP-05,16-02-2025,22-02-2025,28-02-2025,FedEx,21,25,No,No,No,0
SHP-00281,ORD-00281,SUP-05,16-02-2025,23-02-2025,05-03-2025,Delhivery,9,9,No,Yes,No,0
SHP-00282,ORD-00282,SUP-05,16-02-2025,18-02-2025,05-03-2025,BlueDart,4,4,No,Yes,No,0
SHP-00283,ORD-00283,SUP-06,16-02-2025,22-02-2025,22-02-2025,Ekart,25,25,Yes,Yes,Yes,1
SHP-00284,ORD-00284,SUP-07,15-02-2025,23-02-2025,02-03-2025,Delhivery,17,17,No,Yes,No,0
SHP-00285,ORD-00285,SUP-08,15-02-2025,24-02-2025,04-03-2025,BlueDart,13,16,No,No,No,0
SHP-00286,ORD-00286,SUP-04,15-02-2025,21-02-2025,20-02-2025,FedEx,46,46,Yes,Yes,Yes,1
SHP-00287,ORD-00287,SUP-05,16-02-2025,21-02-2025,05-03-2025,BlueDart,7,7,No,Yes,No,0
SHP-00288,ORD-00288,SUP-02,18-02-2025,20-02-2025,27-02-2025,BlueDart,4,4,No,Yes,No,0
SHP-00289,ORD-00289,SUP-03,16-02-2025,20-02-2025,20-02-2025,Delhivery,32,32,Yes,Yes,Yes,1
SHP-00290,ORD-00290,SUP-04,16-02-2025,19-02-2025,21-02-2025,BlueDart,36,36,No,Yes,No,0
SHP-00291,ORD-00291,SUP-05,16-02-2025,19-02-2025,03-03-2025,Ekart,3,3,No,Yes,No,0
SHP-00292,ORD-00292,SUP-07,17-02-2025,25-02-2025,03-03-2025,Delhivery,16,16,No,Yes,No,0
SHP-00293,ORD-00293,SUP-02,18-02-2025,27-02-2025,24-02-2025,FedEx,25,25,Yes,Yes,Yes,1
SHP-00294,ORD-00294,SUP-08,17-02-2025,22-02-2025,05-03-2025,FedEx,2,5,No,No,No,0
SHP-00295,ORD-00295,SUP-08,19-02-2025,26-02-2025,05-03-2025,Delhivery,47,52,No,No,No,0
SHP-00296,ORD-00296,SUP-05,17-02-2025,22-02-2025,02-03-2025,Ekart,12,19,No,No,No,0
SHP-00297,ORD-00297,SUP-01,19-02-2025,25-02-2025,08-03-2025,Delhivery,30,36,No,No,No,0
SHP-00298,ORD-00298,SUP-02,20-02-2025,26-02-2025,25-02-2025,BlueDart,14,14,Yes,Yes,Yes,1
SHP-00299,ORD-00299,SUP-02,20-02-2025,21-02-2025,01-03-2025,DHL,38,38,No,Yes,No,0
SHP-00300,ORD-00300,SUP-08,18-02-2025,22-02-2025,09-03-2025,BlueDart,11,11,No,Yes,No,0
SHP-00301,ORD-00301,SUP-04,20-02-2025,24-02-2025,28-02-2025,DHL,25,25,No,Yes,No,0
SHP-00302,ORD-00302,SUP-04,20-02-2025,24-02-2025,27-02-2025,BlueDart,14,14,No,Yes,No,0
SHP-00303,ORD-00303,SUP-05,18-02-2025,26-02-2025,03-03-2025,Delhivery,3,8,No,No,No,0
SHP-00304,ORD-00304,SUP-05,19-02-2025,23-02-2025,05-03-2025,DHL,9,9,No,Yes,No,0
SHP-00305,ORD-00305,SUP-06,20-02-2025,24-02-2025,03-03-2025,Delhivery,31,31,No,Yes,No,0
SHP-00306,ORD-00306,SUP-01,20-02-2025,27-02-2025,04-03-2025,Delhivery,51,51,No,Yes,No,0
SHP-00307,ORD-00307,SUP-02,19-02-2025,28-02-2025,24-02-2025,FedEx,22,22,Yes,Yes,Yes,1
SHP-00308,ORD-00308,SUP-02,20-02-2025,25-02-2025,26-02-2025,Ekart,11,15,No,No,No,0
SHP-00309,ORD-00309,SUP-04,20-02-2025,23-02-2025,25-02-2025,FedEx,25,26,No,No,No,0
SHP-00310,ORD-00310,SUP-05,20-02-2025,25-02-2025,05-03-2025,BlueDart,32,32,No,Yes,No,0
SHP-00311,ORD-00311,SUP-05,19-02-2025,23-02-2025,04-03-2025,Ekart,1,6,No,No,No,0
SHP-00312,ORD-00312,SUP-01,21-02-2025,23-02-2025,06-03-2025,Delhivery,16,16,No,Yes,No,0
SHP-00313,ORD-00313,SUP-02,20-02-2025,26-02-2025,27-02-2025,DHL,19,19,No,Yes,No,0
SHP-00314,ORD-00314,SUP-02,20-02-2025,26-02-2025,24-02-2025,FedEx,21,27,Yes,No,No,0
SHP-00315,ORD-00315,SUP-08,22-02-2025,27-02-2025,13-03-2025,DHL,9,9,No,Yes,No,0
SHP-00316,ORD-00316,SUP-04,21-02-2025,26-02-2025,28-02-2025,Ekart,16,24,No,No,No,0
SHP-00317,ORD-00317,SUP-05,21-02-2025,25-02-2025,06-03-2025,Delhivery,20,20,No,Yes,No,0
SHP-00318,ORD-00318,SUP-01,22-02-2025,27-02-2025,07-03-2025,Delhivery,15,15,No,Yes,No,0
SHP-00319,ORD-00319,SUP-06,22-02-2025,01-03-2025,01-03-2025,Ekart,41,42,Yes,No,No,0
SHP-00320,ORD-00320,SUP-03,21-02-2025,01-03-2025,01-03-2025,BlueDart,9,9,Yes,Yes,Yes,1
SHP-00321,ORD-00321,SUP-05,21-02-2025,24-02-2025,05-03-2025,FedEx,43,43,No,Yes,No,0
SHP-00322,ORD-00322,SUP-05,21-02-2025,27-02-2025,06-03-2025,BlueDart,7,7,No,Yes,No,0
SHP-00323,ORD-00323,SUP-05,21-02-2025,03-03-2025,06-03-2025,Ekart,6,6,No,Yes,No,0
SHP-00324,ORD-00324,SUP-01,24-02-2025,03-03-2025,08-03-2025,DHL,33,33,No,Yes,No,0
SHP-00325,ORD-00325,SUP-06,22-02-2025,03-03-2025,01-03-2025,BlueDart,37,37,Yes,Yes,Yes,1
SHP-00326,ORD-00326,SUP-07,24-02-2025,01-03-2025,09-03-2025,Delhivery,13,13,No,Yes,No,0
SHP-00327,ORD-00327,SUP-03,23-02-2025,28-02-2025,27-02-2025,FedEx,54,55,Yes,No,No,0
SHP-00328,ORD-00328,SUP-03,23-02-2025,26-02-2025,26-02-2025,DHL,17,17,Yes,Yes,Yes,1
SHP-00329,ORD-00329,SUP-04,24-02-2025,25-02-2025,02-03-2025,Delhivery,26,26,No,Yes,No,0
SHP-00330,ORD-00330,SUP-04,22-02-2025,03-03-2025,27-02-2025,BlueDart,34,34,Yes,Yes,Yes,1
SHP-00331,ORD-00331,SUP-05,24-02-2025,28-02-2025,09-03-2025,Ekart,8,8,No,Yes,No,0
SHP-00332,ORD-00332,SUP-06,24-02-2025,27-02-2025,03-03-2025,Ekart,32,32,No,Yes,No,0
SHP-00333,ORD-00333,SUP-07,24-02-2025,01-03-2025,09-03-2025,Ekart,17,17,No,Yes,No,0
SHP-00334,ORD-00334,SUP-03,24-02-2025,27-02-2025,28-02-2025,Delhivery,12,12,No,Yes,No,0
SHP-00335,ORD-00335,SUP-05,23-02-2025,27-02-2025,12-03-2025,FedEx,25,25,No,Yes,No,0
SHP-00336,ORD-00336,SUP-05,24-02-2025,04-03-2025,09-03-2025,Delhivery,2,2,No,Yes,No,0
SHP-00337,ORD-00337,SUP-05,24-02-2025,04-03-2025,10-03-2025,Delhivery,5,9,No,No,No,0
SHP-00338,ORD-00338,SUP-06,24-02-2025,03-03-2025,02-03-2025,FedEx,1,4,Yes,No,No,0
SHP-00339,ORD-00339,SUP-06,25-02-2025,01-03-2025,03-03-2025,DHL,12,12,No,Yes,No,0
SHP-00340,ORD-00340,SUP-01,24-02-2025,03-03-2025,13-03-2025,Ekart,23,31,No,No,No,0
SHP-00341,ORD-00341,SUP-07,26-02-2025,01-03-2025,12-03-2025,BlueDart,13,18,No,No,No,0
SHP-00342,ORD-00342,SUP-02,26-02-2025,28-02-2025,05-03-2025,Delhivery,39,39,No,Yes,No,0
SHP-00343,ORD-00343,SUP-03,26-02-2025,28-02-2025,03-03-2025,DHL,14,14,No,Yes,No,0
SHP-00344,ORD-00344,SUP-03,25-02-2025,05-03-2025,01-03-2025,BlueDart,33,33,Yes,Yes,Yes,1
SHP-00345,ORD-00345,SUP-08,24-02-2025,04-03-2025,10-03-2025,Ekart,11,11,No,Yes,No,0
SHP-00346,ORD-00346,SUP-04,26-02-2025,05-03-2025,04-03-2025,Ekart,32,32,Yes,Yes,Yes,1
SHP-00347,ORD-00347,SUP-05,25-02-2025,01-03-2025,14-03-2025,FedEx,3,3,No,Yes,No,0
SHP-00348,ORD-00348,SUP-05,26-02-2025,06-03-2025,10-03-2025,Ekart,8,8,No,Yes,No,0
SHP-00349,ORD-00349,SUP-06,27-02-2025,01-03-2025,05-03-2025,FedEx,32,32,No,Yes,No,0
SHP-00350,ORD-00350,SUP-08,25-02-2025,28-02-2025,12-03-2025,BlueDart,17,17,No,Yes,No,0
SHP-00351,ORD-00351,SUP-03,25-02-2025,06-03-2025,01-03-2025,BlueDart,24,24,Yes,Yes,Yes,1
SHP-00352,ORD-00352,SUP-04,26-02-2025,03-03-2025,05-03-2025,Delhivery,27,27,No,Yes,No,0
SHP-00353,ORD-00353,SUP-04,26-02-2025,07-03-2025,04-03-2025,Ekart,29,29,Yes,Yes,Yes,1
SHP-00354,ORD-00354,SUP-04,27-02-2025,04-03-2025,06-03-2025,Ekart,31,31,No,Yes,No,0
SHP-00355,ORD-00355,SUP-05,25-02-2025,02-03-2025,09-03-2025,DHL,15,15,No,Yes,No,0
SHP-00356,ORD-00356,SUP-01,27-02-2025,05-03-2025,16-03-2025,Delhivery,14,14,No,Yes,No,0
SHP-00357,ORD-00357,SUP-02,26-02-2025,04-03-2025,03-03-2025,Ekart,6,14,Yes,No,No,0
SHP-00358,ORD-00358,SUP-03,26-02-2025,08-03-2025,01-03-2025,Delhivery,40,40,Yes,Yes,Yes,1
SHP-00359,ORD-00359,SUP-04,28-02-2025,02-03-2025,10-03-2025,DHL,49,49,No,Yes,No,0
SHP-00360,ORD-00360,SUP-05,28-02-2025,01-03-2025,17-03-2025,Ekart,1,7,No,No,No,0
SHP-00361,ORD-00361,SUP-06,27-02-2025,03-03-2025,05-03-2025,BlueDart,27,35,No,No,No,0
SHP-00362,ORD-00362,SUP-07,01-03-2025,08-03-2025,16-03-2025,Ekart,9,11,No,No,No,0
SHP-00363,ORD-00363,SUP-08,28-02-2025,08-03-2025,15-03-2025,Delhivery,16,16,No,Yes,No,0
SHP-00364,ORD-00364,SUP-04,28-02-2025,07-03-2025,06-03-2025,Delhivery,39,39,Yes,Yes,Yes,1
SHP-00365,ORD-00365,SUP-04,01-03-2025,09-03-2025,07-03-2025,BlueDart,38,38,Yes,Yes,Yes,1
SHP-00366,ORD-00366,SUP-05,27-02-2025,03-03-2025,16-03-2025,FedEx,33,34,No,No,No,0
SHP-00367,ORD-00367,SUP-06,01-03-2025,05-03-2025,08-03-2025,Delhivery,42,42,No,Yes,No,0
SHP-00368,ORD-00368,SUP-01,01-03-2025,09-03-2025,15-03-2025,BlueDart,10,17,No,No,No,0
SHP-00369,ORD-00369,SUP-02,28-02-2025,06-03-2025,06-03-2025,Ekart,22,22,Yes,Yes,Yes,1
SHP-00370,ORD-00370,SUP-07,28-02-2025,06-03-2025,15-03-2025,Ekart,10,10,No,Yes,No,0
SHP-00371,ORD-00371,SUP-03,01-03-2025,05-03-2025,07-03-2025,Ekart,30,30,No,Yes,No,0
SHP-00372,ORD-00372,SUP-04,02-03-2025,04-03-2025,10-03-2025,Ekart,53,54,No,No,No,0
SHP-00373,ORD-00373,SUP-06,01-03-2025,08-03-2025,10-03-2025,Ekart,40,42,No,No,No,0
SHP-00374,ORD-00374,SUP-06,01-03-2025,07-03-2025,08-03-2025,FedEx,21,21,No,Yes,No,0
SHP-00375,ORD-00375,SUP-02,01-03-2025,10-03-2025,06-03-2025,Ekart,12,12,Yes,Yes,Yes,1
SHP-00376,ORD-00376,SUP-02,02-03-2025,11-03-2025,09-03-2025,BlueDart,8,8,Yes,Yes,Yes,1
SHP-00377,ORD-00377,SUP-08,03-03-2025,04-03-2025,22-03-2025,FedEx,16,16,No,Yes,No,0
SHP-00378,ORD-00378,SUP-04,02-03-2025,10-03-2025,10-03-2025,DHL,45,52,Yes,No,No,0
SHP-00379,ORD-00379,SUP-04,02-03-2025,11-03-2025,09-03-2025,DHL,12,12,Yes,Yes,Yes,1
SHP-00380,ORD-00380,SUP-05,01-03-2025,04-03-2025,14-03-2025,DHL,26,26,No,Yes,No,0
SHP-00381,ORD-00381,SUP-05,01-03-2025,06-03-2025,14-03-2025,BlueDart,1,6,No,No,No,0
SHP-00382,ORD-00382,SUP-07,02-03-2025,10-03-2025,16-03-2025,DHL,39,39,No,Yes,No,0
SHP-00383,ORD-00383,SUP-03,04-03-2025,08-03-2025,08-03-2025,Ekart,14,14,Yes,Yes,Yes,1
SHP-00384,ORD-00384,SUP-03,02-03-2025,10-03-2025,07-03-2025,Delhivery,54,54,Yes,Yes,Yes,1
SHP-00385,ORD-00385,SUP-04,04-03-2025,10-03-2025,10-03-2025,Ekart,41,41,Yes,Yes,Yes,1
SHP-00386,ORD-00386,SUP-04,04-03-2025,07-03-2025,09-03-2025,Delhivery,30,30,No,Yes,No,0
SHP-00387,ORD-00387,SUP-06,04-03-2025,10-03-2025,11-03-2025,Ekart,35,43,No,No,No,0
SHP-00388,ORD-00388,SUP-01,04-03-2025,12-03-2025,16-03-2025,BlueDart,16,16,No,Yes,No,0
SHP-00389,ORD-00389,SUP-02,04-03-2025,11-03-2025,08-03-2025,BlueDart,16,16,Yes,Yes,Yes,1
SHP-00390,ORD-00390,SUP-03,04-03-2025,12-03-2025,10-03-2025,Ekart,11,11,Yes,Yes,Yes,1
SHP-00391,ORD-00391,SUP-03,03-03-2025,12-03-2025,09-03-2025,Delhivery,47,47,Yes,Yes,Yes,1
SHP-00392,ORD-00392,SUP-01,05-03-2025,14-03-2025,20-03-2025,BlueDart,14,14,No,Yes,No,0
SHP-00393,ORD-00393,SUP-07,04-03-2025,14-03-2025,18-03-2025,DHL,17,22,No,No,No,0
SHP-00394,ORD-00394,SUP-02,05-03-2025,09-03-2025,10-03-2025,BlueDart,12,12,No,Yes,No,0
SHP-00395,ORD-00395,SUP-04,05-03-2025,07-03-2025,11-03-2025,FedEx,20,20,No,Yes,No,0
SHP-00396,ORD-00396,SUP-04,05-03-2025,07-03-2025,10-03-2025,FedEx,20,20,No,Yes,No,0
SHP-00397,ORD-00397,SUP-05,06-03-2025,08-03-2025,18-03-2025,DHL,13,13,No,Yes,No,0
SHP-00398,ORD-00398,SUP-06,05-03-2025,13-03-2025,16-03-2025,FedEx,16,16,No,Yes,No,0
SHP-00399,ORD-00399,SUP-01,06-03-2025,11-03-2025,23-03-2025,BlueDart,10,10,No,Yes,No,0
SHP-00400,ORD-00400,SUP-02,07-03-2025,15-03-2025,12-03-2025,Ekart,8,8,Yes,Yes,Yes,1
SHP-00401,ORD-00401,SUP-03,07-03-2025,09-03-2025,12-03-2025,BlueDart,18,18,No,Yes,No,0
SHP-00402,ORD-00402,SUP-08,06-03-2025,09-03-2025,25-03-2025,BlueDart,20,20,No,Yes,No,0
SHP-00403,ORD-00403,SUP-04,05-03-2025,14-03-2025,11-03-2025,Ekart,30,30,Yes,Yes,Yes,1
SHP-00404,ORD-00404,SUP-05,05-03-2025,08-03-2025,22-03-2025,Delhivery,31,31,No,Yes,No,0
SHP-00405,ORD-00405,SUP-05,07-03-2025,10-03-2025,20-03-2025,Ekart,6,6,No,Yes,No,0
SHP-00406,ORD-00406,SUP-06,08-03-2025,10-03-2025,17-03-2025,Delhivery,17,17,No,Yes,No,0
SHP-00407,ORD-00407,SUP-06,08-03-2025,11-03-2025,16-03-2025,DHL,46,46,No,Yes,No,0
SHP-00408,ORD-00408,SUP-07,08-03-2025,13-03-2025,22-03-2025,BlueDart,25,25,No,Yes,No,0
SHP-00409,ORD-00409,SUP-08,07-03-2025,15-03-2025,23-03-2025,DHL,23,23,No,Yes,No,0
SHP-00410,ORD-00410,SUP-04,06-03-2025,15-03-2025,11-03-2025,Ekart,37,37,Yes,Yes,Yes,1
SHP-00411,ORD-00411,SUP-01,07-03-2025,15-03-2025,24-03-2025,FedEx,45,45,No,Yes,No,0
SHP-00412,ORD-00412,SUP-08,07-03-2025,11-03-2025,24-03-2025,BlueDart,9,9,No,Yes,No,0
SHP-00413,ORD-00413,SUP-08,07-03-2025,16-03-2025,21-03-2025,FedEx,70,70,No,Yes,No,0
SHP-00414,ORD-00414,SUP-04,07-03-2025,16-03-2025,17-03-2025,Ekart,23,23,No,Yes,No,0
SHP-00415,ORD-00415,SUP-04,07-03-2025,13-03-2025,13-03-2025,FedEx,22,22,Yes,Yes,Yes,1
SHP-00416,ORD-00416,SUP-05,07-03-2025,11-03-2025,21-03-2025,DHL,36,36,No,Yes,No,0
SHP-00417,ORD-00417,SUP-06,10-03-2025,18-03-2025,16-03-2025,BlueDart,44,44,Yes,Yes,Yes,1
SHP-00418,ORD-00418,SUP-01,08-03-2025,13-03-2025,22-03-2025,Ekart,20,20,No,Yes,No,0
SHP-00419,ORD-00419,SUP-07,08-03-2025,15-03-2025,22-03-2025,Ekart,38,38,No,Yes,No,0
SHP-00420,ORD-00420,SUP-07,08-03-2025,15-03-2025,21-03-2025,FedEx,12,12,No,Yes,No,0
SHP-00421,ORD-00421,SUP-08,10-03-2025,12-03-2025,29-03-2025,Ekart,44,44,No,Yes,No,0
SHP-00422,ORD-00422,SUP-04,09-03-2025,13-03-2025,15-03-2025,DHL,28,28,No,Yes,No,0
SHP-00423,ORD-00423,SUP-04,09-03-2025,12-03-2025,15-03-2025,DHL,30,35,No,No,No,0
SHP-00424,ORD-00424,SUP-05,09-03-2025,11-03-2025,22-03-2025,DHL,33,33,No,Yes,No,0
SHP-00425,ORD-00425,SUP-05,10-03-2025,11-03-2025,23-03-2025,DHL,13,13,No,Yes,No,0
SHP-00426,ORD-00426,SUP-06,09-03-2025,15-03-2025,16-03-2025,Ekart,55,55,No,Yes,No,0
SHP-00427,ORD-00427,SUP-01,10-03-2025,12-03-2025,23-03-2025,DHL,22,22,No,Yes,No,0
SHP-00428,ORD-00428,SUP-07,10-03-2025,19-03-2025,24-03-2025,Delhivery,16,16,No,Yes,No,0
SHP-00429,ORD-00429,SUP-08,10-03-2025,15-03-2025,27-03-2025,BlueDart,13,13,No,Yes,No,0
SHP-00430,ORD-00430,SUP-08,11-03-2025,17-03-2025,26-03-2025,DHL,19,19,No,Yes,No,0
SHP-00431,ORD-00431,SUP-05,09-03-2025,17-03-2025,21-03-2025,FedEx,9,9,No,Yes,No,0
SHP-00432,ORD-00432,SUP-01,10-03-2025,19-03-2025,22-03-2025,Delhivery,11,16,No,No,No,0
SHP-00433,ORD-00433,SUP-06,11-03-2025,20-03-2025,18-03-2025,FedEx,26,26,Yes,Yes,Yes,1
SHP-00434,ORD-00434,SUP-07,11-03-2025,16-03-2025,25-03-2025,Ekart,26,26,No,Yes,No,0
SHP-00435,ORD-00435,SUP-03,11-03-2025,14-03-2025,14-03-2025,DHL,12,15,Yes,No,No,0
SHP-00436,ORD-00436,SUP-03,10-03-2025,13-03-2025,14-03-2025,Ekart,19,19,No,Yes,No,0
SHP-00437,ORD-00437,SUP-04,12-03-2025,19-03-2025,22-03-2025,FedEx,37,37,No,Yes,No,0
SHP-00438,ORD-00438,SUP-04,10-03-2025,17-03-2025,20-03-2025,Ekart,50,50,No,Yes,No,0
SHP-00439,ORD-00439,SUP-05,10-03-2025,14-03-2025,23-03-2025,FedEx,26,26,No,Yes,No,0
SHP-00440,ORD-00440,SUP-05,12-03-2025,18-03-2025,25-03-2025,Delhivery,7,7,No,Yes,No,0
SHP-00441,ORD-00441,SUP-02,11-03-2025,14-03-2025,16-03-2025,DHL,15,15,No,Yes,No,0
SHP-00442,ORD-00442,SUP-07,11-03-2025,17-03-2025,29-03-2025,Delhivery,19,19,No,Yes,No,0
SHP-00443,ORD-00443,SUP-08,12-03-2025,20-03-2025,31-03-2025,BlueDart,36,43,No,No,No,0
SHP-00444,ORD-00444,SUP-03,13-03-2025,15-03-2025,16-03-2025,BlueDart,19,19,No,Yes,No,0
SHP-00445,ORD-00445,SUP-04,13-03-2025,16-03-2025,19-03-2025,FedEx,56,56,No,Yes,No,0
SHP-00446,ORD-00446,SUP-04,11-03-2025,15-03-2025,17-03-2025,Ekart,5,5,No,Yes,No,0
SHP-00447,ORD-00447,SUP-05,13-03-2025,21-03-2025,25-03-2025,DHL,32,32,No,Yes,No,0
SHP-00448,ORD-00448,SUP-01,13-03-2025,15-03-2025,26-03-2025,Delhivery,33,33,No,Yes,No,0
SHP-00449,ORD-00449,SUP-06,12-03-2025,21-03-2025,18-03-2025,Delhivery,7,7,Yes,Yes,Yes,1
SHP-00450,ORD-00450,SUP-06,13-03-2025,21-03-2025,20-03-2025,DHL,25,25,Yes,Yes,Yes,1
SHP-00451,ORD-00451,SUP-02,12-03-2025,17-03-2025,19-03-2025,DHL,15,15,No,Yes,No,0
SHP-00452,ORD-00452,SUP-08,14-03-2025,21-03-2025,29-03-2025,FedEx,24,24,No,Yes,No,0
SHP-00453,ORD-00453,SUP-04,14-03-2025,15-03-2025,20-03-2025,BlueDart,50,50,No,Yes,No,0
SHP-00454,ORD-00454,SUP-05,12-03-2025,20-03-2025,25-03-2025,DHL,10,18,No,No,No,0
SHP-00455,ORD-00455,SUP-05,14-03-2025,19-03-2025,28-03-2025,BlueDart,5,5,No,Yes,No,0
SHP-00456,ORD-00456,SUP-07,14-03-2025,19-03-2025,01-04-2025,Delhivery,17,17,No,Yes,No,0
SHP-00457,ORD-00457,SUP-03,15-03-2025,18-03-2025,19-03-2025,Delhivery,38,38,No,Yes,No,0
SHP-00458,ORD-00458,SUP-05,13-03-2025,21-03-2025,25-03-2025,Ekart,3,3,No,Yes,No,0
SHP-00459,ORD-00459,SUP-06,16-03-2025,24-03-2025,23-03-2025,FedEx,57,57,Yes,Yes,Yes,1
SHP-00460,ORD-00460,SUP-06,16-03-2025,17-03-2025,22-03-2025,BlueDart,16,16,No,Yes,No,0
SHP-00461,ORD-00461,SUP-01,16-03-2025,17-03-2025,02-04-2025,Delhivery,38,38,No,Yes,No,0
SHP-00462,ORD-00462,SUP-02,15-03-2025,19-03-2025,20-03-2025,Delhivery,38,38,No,Yes,No,0
SHP-00463,ORD-00463,SUP-02,15-03-2025,18-03-2025,21-03-2025,Delhivery,5,5,No,Yes,No,0
SHP-00464,ORD-00464,SUP-08,16-03-2025,23-03-2025,01-04-2025,Delhivery,24,24,No,Yes,No,0
SHP-00465,ORD-00465,SUP-08,16-03-2025,23-03-2025,31-03-2025,Delhivery,11,11,No,Yes,No,0
SHP-00466,ORD-00466,SUP-04,14-03-2025,22-03-2025,19-03-2025,BlueDart,71,71,Yes,Yes,Yes,1
SHP-00467,ORD-00467,SUP-04,16-03-2025,19-03-2025,26-03-2025,FedEx,25,25,No,Yes,No,0
SHP-00468,ORD-00468,SUP-05,16-03-2025,17-03-2025,28-03-2025,DHL,6,6,No,Yes,No,0
SHP-00469,ORD-00469,SUP-01,16-03-2025,20-03-2025,29-03-2025,DHL,9,9,No,Yes,No,0
SHP-00470,ORD-00470,SUP-07,16-03-2025,23-03-2025,30-03-2025,Ekart,5,9,No,No,No,0
SHP-00471,ORD-00471,SUP-08,17-03-2025,19-03-2025,31-03-2025,Ekart,49,49,No,Yes,No,0
SHP-00472,ORD-00472,SUP-04,16-03-2025,25-03-2025,24-03-2025,BlueDart,39,39,Yes,Yes,Yes,1
SHP-00473,ORD-00473,SUP-05,17-03-2025,25-03-2025,01-04-2025,DHL,7,7,No,Yes,No,0
SHP-00474,ORD-00474,SUP-01,18-03-2025,20-03-2025,01-04-2025,Ekart,24,32,No,No,No,0
SHP-00475,ORD-00475,SUP-06,18-03-2025,24-03-2025,27-03-2025,Ekart,17,17,No,Yes,No,0
SHP-00476,ORD-00476,SUP-06,18-03-2025,20-03-2025,26-03-2025,Delhivery,41,41,No,Yes,No,0
SHP-00477,ORD-00477,SUP-02,17-03-2025,19-03-2025,22-03-2025,Delhivery,24,24,No,Yes,No,0
SHP-00478,ORD-00478,SUP-07,16-03-2025,19-03-2025,30-03-2025,Delhivery,13,13,No,Yes,No,0
SHP-00479,ORD-00479,SUP-08,17-03-2025,23-03-2025,01-04-2025,Ekart,14,16,No,No,No,0
SHP-00480,ORD-00480,SUP-08,18-03-2025,20-03-2025,02-04-2025,Delhivery,57,60,No,No,No,0
SHP-00481,ORD-00481,SUP-04,18-03-2025,23-03-2025,24-03-2025,Delhivery,25,29,No,No,No,0
SHP-00482,ORD-00482,SUP-04,16-03-2025,19-03-2025,21-03-2025,Ekart,33,33,No,Yes,No,0
SHP-00483,ORD-00483,SUP-06,17-03-2025,24-03-2025,24-03-2025,Delhivery,36,36,Yes,Yes,Yes,1
SHP-00484,ORD-00484,SUP-01,17-03-2025,26-03-2025,31-03-2025,BlueDart,10,10,No,Yes,No,0
SHP-00485,ORD-00485,SUP-01,17-03-2025,23-03-2025,30-03-2025,BlueDart,32,34,No,No,No,0
SHP-00486,ORD-00486,SUP-02,17-03-2025,21-03-2025,22-03-2025,BlueDart,19,19,No,Yes,No,0
SHP-00487,ORD-00487,SUP-02,19-03-2025,20-03-2025,25-03-2025,FedEx,14,14,No,Yes,No,0
SHP-00488,ORD-00488,SUP-04,17-03-2025,24-03-2025,22-03-2025,Ekart,29,29,Yes,Yes,Yes,1
SHP-00489,ORD-00489,SUP-07,20-03-2025,23-03-2025,03-04-2025,DHL,12,14,No,No,No,0
SHP-00490,ORD-00490,SUP-02,19-03-2025,27-03-2025,24-03-2025,DHL,21,21,Yes,Yes,Yes,1
SHP-00491,ORD-00491,SUP-02,20-03-2025,25-03-2025,25-03-2025,DHL,15,15,Yes,Yes,Yes,1
SHP-00492,ORD-00492,SUP-08,20-03-2025,27-03-2025,04-04-2025,BlueDart,11,11,No,Yes,No,0
SHP-00493,ORD-00493,SUP-04,19-03-2025,27-03-2025,25-03-2025,Ekart,33,33,Yes,Yes,Yes,1
SHP-00494,ORD-00494,SUP-04,18-03-2025,22-03-2025,24-03-2025,Ekart,14,14,No,Yes,No,0
SHP-00495,ORD-00495,SUP-06,21-03-2025,29-03-2025,01-04-2025,Delhivery,12,13,No,No,No,0
SHP-00496,ORD-00496,SUP-01,20-03-2025,24-03-2025,06-04-2025,Delhivery,22,22,No,Yes,No,0
SHP-00497,ORD-00497,SUP-02,20-03-2025,25-03-2025,29-03-2025,DHL,17,17,No,Yes,No,0
SHP-00498,ORD-00498,SUP-08,20-03-2025,26-03-2025,08-04-2025,BlueDart,10,11,No,No,No,0
SHP-00499,ORD-00499,SUP-04,20-03-2025,27-03-2025,28-03-2025,DHL,21,21,No,Yes,No,0
SHP-00500,ORD-00500,SUP-05,19-03-2025,29-03-2025,31-03-2025,FedEx,9,9,No,Yes,No,0
SHP-00501,ORD-00501,SUP-07,21-03-2025,25-03-2025,08-04-2025,Delhivery,21,23,No,No,No,0
SHP-00502,ORD-00502,SUP-07,20-03-2025,26-03-2025,07-04-2025,DHL,19,19,No,Yes,No,0
SHP-00503,ORD-00503,SUP-03,21-03-2025,26-03-2025,26-03-2025,Ekart,18,18,Yes,Yes,Yes,1
SHP-00504,ORD-00504,SUP-04,22-03-2025,23-03-2025,28-03-2025,DHL,41,42,No,No,No,0
SHP-00505,ORD-00505,SUP-05,21-03-2025,28-03-2025,03-04-2025,DHL,35,35,No,Yes,No,0
SHP-00506,ORD-00506,SUP-05,21-03-2025,24-03-2025,04-04-2025,Ekart,8,8,No,Yes,No,0
SHP-00507,ORD-00507,SUP-06,21-03-2025,27-03-2025,28-03-2025,BlueDart,41,41,No,Yes,No,0
SHP-00508,ORD-00508,SUP-01,23-03-2025,30-03-2025,05-04-2025,Ekart,49,49,No,Yes,No,0
SHP-00509,ORD-00509,SUP-03,22-03-2025,27-03-2025,27-03-2025,FedEx,52,52,Yes,Yes,Yes,1
SHP-00510,ORD-00510,SUP-04,22-03-2025,30-03-2025,27-03-2025,Ekart,60,60,Yes,Yes,Yes,1
SHP-00511,ORD-00511,SUP-04,21-03-2025,30-03-2025,27-03-2025,BlueDart,13,13,Yes,Yes,Yes,1
SHP-00512,ORD-00512,SUP-05,22-03-2025,29-03-2025,03-04-2025,Delhivery,28,28,No,Yes,No,0
SHP-00513,ORD-00513,SUP-05,21-03-2025,28-03-2025,02-04-2025,FedEx,1,7,No,No,No,0
SHP-00514,ORD-00514,SUP-01,23-03-2025,29-03-2025,04-04-2025,BlueDart,36,36,No,Yes,No,0
SHP-00515,ORD-00515,SUP-01,24-03-2025,31-03-2025,06-04-2025,BlueDart,58,58,No,Yes,No,0
SHP-00516,ORD-00516,SUP-08,23-03-2025,31-03-2025,07-04-2025,BlueDart,50,50,No,Yes,No,0
SHP-00517,ORD-00517,SUP-05,23-03-2025,01-04-2025,05-04-2025,BlueDart,22,22,No,Yes,No,0
SHP-00518,ORD-00518,SUP-01,24-03-2025,27-03-2025,06-04-2025,Delhivery,17,17,No,Yes,No,0
SHP-00519,ORD-00519,SUP-04,23-03-2025,01-04-2025,30-03-2025,Ekart,43,43,Yes,Yes,Yes,1
SHP-00520,ORD-00520,SUP-04,24-03-2025,30-03-2025,29-03-2025,Ekart,44,44,Yes,Yes,Yes,1
SHP-00521,ORD-00521,SUP-06,24-03-2025,02-04-2025,31-03-2025,Delhivery,22,22,Yes,Yes,Yes,1
SHP-00522,ORD-00522,SUP-01,26-03-2025,29-03-2025,08-04-2025,Ekart,26,26,No,Yes,No,0
SHP-00523,ORD-00523,SUP-02,25-03-2025,03-04-2025,29-03-2025,DHL,24,24,Yes,Yes,Yes,1
SHP-00524,ORD-00524,SUP-07,25-03-2025,28-03-2025,08-04-2025,DHL,7,13,No,No,No,0
SHP-00525,ORD-00525,SUP-08,25-03-2025,31-03-2025,13-04-2025,DHL,39,39,No,Yes,No,0
SHP-00526,ORD-00526,SUP-04,26-03-2025,28-03-2025,01-04-2025,Delhivery,34,37,No,No,No,0
SHP-00527,ORD-00527,SUP-04,25-03-2025,27-03-2025,04-04-2025,BlueDart,34,35,No,No,No,0
SHP-00528,ORD-00528,SUP-01,27-03-2025,28-03-2025,09-04-2025,DHL,33,33,No,Yes,No,0
SHP-00529,ORD-00529,SUP-07,26-03-2025,29-03-2025,08-04-2025,Delhivery,17,17,No,Yes,No,0
SHP-00530,ORD-00530,SUP-02,26-03-2025,28-03-2025,04-04-2025,Delhivery,21,21,No,Yes,No,0
SHP-00531,ORD-00531,SUP-03,27-03-2025,04-04-2025,01-04-2025,DHL,18,18,Yes,Yes,Yes,1
SHP-00532,ORD-00532,SUP-04,25-03-2025,03-04-2025,30-03-2025,Ekart,31,31,Yes,Yes,Yes,1
SHP-00533,ORD-00533,SUP-04,25-03-2025,28-03-2025,02-04-2025,FedEx,47,47,No,Yes,No,0
SHP-00534,ORD-00534,SUP-04,25-03-2025,28-03-2025,31-03-2025,BlueDart,25,25,No,Yes,No,0
SHP-00535,ORD-00535,SUP-06,28-03-2025,29-03-2025,08-04-2025,BlueDart,50,50,No,Yes,No,0
SHP-00536,ORD-00536,SUP-06,26-03-2025,04-04-2025,01-04-2025,Ekart,24,24,Yes,Yes,Yes,1
SHP-00537,ORD-00537,SUP-02,26-03-2025,02-04-2025,30-03-2025,BlueDart,11,11,Yes,Yes,Yes,1
SHP-00538,ORD-00538,SUP-02,27-03-2025,31-03-2025,05-04-2025,DHL,5,7,No,No,No,0
SHP-00539,ORD-00539,SUP-03,27-03-2025,01-04-2025,30-03-2025,BlueDart,21,21,Yes,Yes,Yes,1
SHP-00540,ORD-00540,SUP-04,26-03-2025,04-04-2025,05-04-2025,FedEx,16,16,No,Yes,No,0
SHP-00541,ORD-00541,SUP-05,28-03-2025,05-04-2025,10-04-2025,BlueDart,19,19,No,Yes,No,0
SHP-00542,ORD-00542,SUP-05,26-03-2025,30-03-2025,12-04-2025,DHL,6,6,No,Yes,No,0
SHP-00543,ORD-00543,SUP-05,26-03-2025,30-03-2025,08-04-2025,BlueDart,12,12,No,Yes,No,0
SHP-00544,ORD-00544,SUP-06,29-03-2025,30-03-2025,07-04-2025,DHL,43,43,No,Yes,No,0
SHP-00545,ORD-00545,SUP-02,29-03-2025,31-03-2025,03-04-2025,Ekart,11,11,No,Yes,No,0
SHP-00546,ORD-00546,SUP-08,28-03-2025,01-04-2025,13-04-2025,Delhivery,9,9,No,Yes,No,0
SHP-00547,ORD-00547,SUP-08,28-03-2025,03-04-2025,12-04-2025,DHL,67,67,No,Yes,No,0
SHP-00548,ORD-00548,SUP-08,27-03-2025,04-04-2025,11-04-2025,BlueDart,9,9,No,Yes,No,0
SHP-00549,ORD-00549,SUP-04,28-03-2025,05-04-2025,03-04-2025,Ekart,48,48,Yes,Yes,Yes,1
SHP-00550,ORD-00550,SUP-05,27-03-2025,30-03-2025,13-04-2025,BlueDart,6,6,No,Yes,No,0
SHP-00551,ORD-00551,SUP-05,28-03-2025,06-04-2025,10-04-2025,Ekart,1,4,No,No,No,0
SHP-00552,ORD-00552,SUP-04,28-03-2025,01-04-2025,05-04-2025,FedEx,25,25,No,Yes,No,0
SHP-00553,ORD-00553,SUP-04,28-03-2025,03-04-2025,07-04-2025,DHL,49,49,No,Yes,No,0
SHP-00554,ORD-00554,SUP-05,29-03-2025,03-04-2025,12-04-2025,Delhivery,6,6,No,Yes,No,0
SHP-00555,ORD-00555,SUP-06,29-03-2025,01-04-2025,05-04-2025,FedEx,47,47,No,Yes,No,0
SHP-00556,ORD-00556,SUP-08,31-03-2025,08-04-2025,15-04-2025,FedEx,1,5,No,No,No,0
SHP-00557,ORD-00557,SUP-03,31-03-2025,07-04-2025,05-04-2025,DHL,37,37,Yes,Yes,Yes,1
SHP-00558,ORD-00558,SUP-08,31-03-2025,08-04-2025,16-04-2025,DHL,27,27,No,Yes,No,0
SHP-00559,ORD-00559,SUP-04,30-03-2025,08-04-2025,09-04-2025,DHL,26,26,No,Yes,No,0
SHP-00560,ORD-00560,SUP-04,29-03-2025,07-04-2025,05-04-2025,BlueDart,32,38,Yes,No,No,0
SHP-00561,ORD-00561,SUP-07,31-03-2025,09-04-2025,14-04-2025,FedEx,35,35,No,Yes,No,0
SHP-00562,ORD-00562,SUP-08,31-03-2025,09-04-2025,16-04-2025,BlueDart,6,6,No,Yes,No,0
SHP-00563,ORD-00563,SUP-08,31-03-2025,06-04-2025,15-04-2025,Delhivery,12,12,No,Yes,No,0
SHP-00564,ORD-00564,SUP-04,01-04-2025,04-04-2025,06-04-2025,DHL,59,59,No,Yes,No,0
SHP-00565,ORD-00565,SUP-05,30-03-2025,03-04-2025,11-04-2025,DHL,6,6,No,Yes,No,0
SHP-00566,ORD-00566,SUP-01,02-04-2025,09-04-2025,16-04-2025,BlueDart,39,43,No,No,No,0
SHP-00567,ORD-00567,SUP-03,31-03-2025,03-04-2025,04-04-2025,FedEx,23,23,No,Yes,No,0
SHP-00568,ORD-00568,SUP-05,02-04-2025,05-04-2025,17-04-2025,DHL,20,26,No,No,No,0
SHP-00569,ORD-00569,SUP-05,02-04-2025,08-04-2025,15-04-2025,Delhivery,2,5,No,No,No,0
SHP-00570,ORD-00570,SUP-05,01-04-2025,06-04-2025,16-04-2025,Delhivery,5,5,No,Yes,No,0
SHP-00571,ORD-00571,SUP-07,02-04-2025,08-04-2025,18-04-2025,Delhivery,7,7,No,Yes,No,0
SHP-00572,ORD-00572,SUP-03,01-04-2025,08-04-2025,07-04-2025,DHL,43,51,Yes,No,No,0
SHP-00573,ORD-00573,SUP-04,01-04-2025,06-04-2025,06-04-2025,BlueDart,22,29,Yes,No,No,0
SHP-00574,ORD-00574,SUP-02,03-04-2025,05-04-2025,07-04-2025,Delhivery,1,1,No,Yes,No,0
SHP-00575,ORD-00575,SUP-08,04-04-2025,08-04-2025,21-04-2025,DHL,18,18,No,Yes,No,0
SHP-00576,ORD-00576,SUP-04,04-04-2025,05-04-2025,11-04-2025,FedEx,54,54,No,Yes,No,0
SHP-00577,ORD-00577,SUP-04,02-04-2025,12-04-2025,12-04-2025,FedEx,26,26,Yes,Yes,Yes,1
SHP-00578,ORD-00578,SUP-05,02-04-2025,09-04-2025,15-04-2025,BlueDart,6,6,No,Yes,No,0
SHP-00579,ORD-00579,SUP-06,05-04-2025,11-04-2025,14-04-2025,DHL,64,64,No,Yes,No,0
SHP-00580,ORD-00580,SUP-01,03-04-2025,10-04-2025,18-04-2025,BlueDart,13,13,No,Yes,No,0
SHP-00581,ORD-00581,SUP-04,03-04-2025,08-04-2025,09-04-2025,Ekart,32,32,No,Yes,No,0
SHP-00582,ORD-00582,SUP-05,04-04-2025,12-04-2025,21-04-2025,Delhivery,38,38,No,Yes,No,0
SHP-00583,ORD-00583,SUP-05,03-04-2025,11-04-2025,16-04-2025,BlueDart,5,5,No,Yes,No,0
SHP-00584,ORD-00584,SUP-05,04-04-2025,11-04-2025,16-04-2025,DHL,7,7,No,Yes,No,0
SHP-00585,ORD-00585,SUP-02,04-04-2025,08-04-2025,10-04-2025,Ekart,15,15,No,Yes,No,0
SHP-00586,ORD-00586,SUP-03,04-04-2025,13-04-2025,10-04-2025,Ekart,11,11,Yes,Yes,Yes,1
SHP-00587,ORD-00587,SUP-04,06-04-2025,12-04-2025,12-04-2025,Delhivery,41,41,Yes,Yes,Yes,1
SHP-00588,ORD-00588,SUP-06,07-04-2025,13-04-2025,15-04-2025,BlueDart,22,22,No,Yes,No,0
SHP-00589,ORD-00589,SUP-08,06-04-2025,14-04-2025,20-04-2025,FedEx,62,69,No,No,No,0
SHP-00590,ORD-00590,SUP-03,07-04-2025,13-04-2025,10-04-2025,FedEx,11,11,Yes,Yes,Yes,1
SHP-00591,ORD-00591,SUP-04,05-04-2025,09-04-2025,12-04-2025,FedEx,31,31,No,Yes,No,0
SHP-00592,ORD-00592,SUP-06,07-04-2025,12-04-2025,13-04-2025,Delhivery,25,25,No,Yes,No,0
SHP-00593,ORD-00593,SUP-06,08-04-2025,15-04-2025,15-04-2025,Delhivery,47,47,Yes,Yes,Yes,1
SHP-00594,ORD-00594,SUP-02,08-04-2025,16-04-2025,13-04-2025,DHL,10,10,Yes,Yes,Yes,1
SHP-00595,ORD-00595,SUP-07,08-04-2025,13-04-2025,24-04-2025,DHL,16,16,No,Yes,No,0
SHP-00596,ORD-00596,SUP-03,06-04-2025,13-04-2025,09-04-2025,FedEx,44,44,Yes,Yes,Yes,1
SHP-00597,ORD-00597,SUP-04,06-04-2025,10-04-2025,12-04-2025,Delhivery,33,33,No,Yes,No,0
SHP-00598,ORD-00598,SUP-01,09-04-2025,11-04-2025,22-04-2025,BlueDart,44,44,No,Yes,No,0
SHP-00599,ORD-00599,SUP-06,07-04-2025,10-04-2025,14-04-2025,Delhivery,46,46,No,Yes,No,0
SHP-00600,ORD-00600,SUP-07,07-04-2025,16-04-2025,21-04-2025,Delhivery,18,23,No,No,No,0
SHP-00601,ORD-00601,SUP-03,09-04-2025,15-04-2025,13-04-2025,Ekart,9,9,Yes,Yes,Yes,1
SHP-00602,ORD-00602,SUP-03,07-04-2025,10-04-2025,15-04-2025,DHL,12,12,No,Yes,No,0
SHP-00603,ORD-00603,SUP-04,07-04-2025,15-04-2025,12-04-2025,BlueDart,38,38,Yes,Yes,Yes,1
SHP-00604,ORD-00604,SUP-05,09-04-2025,12-04-2025,22-04-2025,BlueDart,1,1,No,Yes,No,0
SHP-00605,ORD-00605,SUP-05,07-04-2025,10-04-2025,19-04-2025,Ekart,11,11,No,Yes,No,0
SHP-00606,ORD-00606,SUP-06,10-04-2025,12-04-2025,17-04-2025,Delhivery,27,27,No,Yes,No,0
SHP-00607,ORD-00607,SUP-01,08-04-2025,16-04-2025,21-04-2025,Delhivery,9,9,No,Yes,No,0
SHP-00608,ORD-00608,SUP-02,10-04-2025,12-04-2025,14-04-2025,DHL,8,8,No,Yes,No,0
SHP-00609,ORD-00609,SUP-07,09-04-2025,13-04-2025,27-04-2025,Ekart,10,10,No,Yes,No,0
SHP-00610,ORD-00610,SUP-08,09-04-2025,16-04-2025,28-04-2025,Delhivery,10,10,No,Yes,No,0
SHP-00611,ORD-00611,SUP-04,08-04-2025,16-04-2025,15-04-2025,FedEx,17,17,Yes,Yes,Yes,1
SHP-00612,ORD-00612,SUP-05,08-04-2025,15-04-2025,21-04-2025,FedEx,32,36,No,No,No,0
SHP-00613,ORD-00613,SUP-05,08-04-2025,13-04-2025,23-04-2025,DHL,1,3,No,No,No,0
SHP-00614,ORD-00614,SUP-05,08-04-2025,12-04-2025,21-04-2025,FedEx,5,5,No,Yes,No,0
SHP-00615,ORD-00615,SUP-03,11-04-2025,19-04-2025,16-04-2025,BlueDart,9,17,Yes,No,No,0
SHP-00616,ORD-00616,SUP-03,10-04-2025,15-04-2025,18-04-2025,Delhivery,41,42,No,No,No,0
SHP-00617,ORD-00617,SUP-03,10-04-2025,17-04-2025,16-04-2025,BlueDart,16,16,Yes,Yes,Yes,1
SHP-00618,ORD-00618,SUP-05,09-04-2025,14-04-2025,22-04-2025,Ekart,6,6,No,Yes,No,0
SHP-00619,ORD-00619,SUP-05,11-04-2025,14-04-2025,25-04-2025,BlueDart,13,13,No,Yes,No,0
SHP-00620,ORD-00620,SUP-06,12-04-2025,20-04-2025,18-04-2025,BlueDart,14,14,Yes,Yes,Yes,1
SHP-00621,ORD-00621,SUP-06,10-04-2025,18-04-2025,18-04-2025,Ekart,37,37,Yes,Yes,Yes,1
SHP-00622,ORD-00622,SUP-02,12-04-2025,18-04-2025,18-04-2025,Ekart,21,21,Yes,Yes,Yes,1
SHP-00623,ORD-00623,SUP-08,12-04-2025,19-04-2025,27-04-2025,FedEx,30,32,No,No,No,0
SHP-00624,ORD-00624,SUP-04,12-04-2025,16-04-2025,17-04-2025,DHL,36,36,No,Yes,No,0
SHP-00625,ORD-00625,SUP-04,11-04-2025,20-04-2025,18-04-2025,Ekart,49,49,Yes,Yes,Yes,1
SHP-00626,ORD-00626,SUP-05,10-04-2025,15-04-2025,24-04-2025,Ekart,18,18,No,Yes,No,0
SHP-00627,ORD-00627,SUP-05,12-04-2025,14-04-2025,26-04-2025,Delhivery,10,10,No,Yes,No,0
SHP-00628,ORD-00628,SUP-06,12-04-2025,19-04-2025,19-04-2025,BlueDart,39,39,Yes,Yes,Yes,1
SHP-00629,ORD-00629,SUP-02,11-04-2025,14-04-2025,18-04-2025,Delhivery,18,18,No,Yes,No,0
SHP-00630,ORD-00630,SUP-02,11-04-2025,16-04-2025,16-04-2025,Ekart,42,42,Yes,Yes,Yes,1
SHP-00631,ORD-00631,SUP-08,13-04-2025,20-04-2025,28-04-2025,Delhivery,19,19,No,Yes,No,0
SHP-00632,ORD-00632,SUP-04,13-04-2025,21-04-2025,19-04-2025,DHL,42,44,Yes,No,No,0
SHP-00633,ORD-00633,SUP-05,12-04-2025,16-04-2025,25-04-2025,Delhivery,21,21,No,Yes,No,0
SHP-00634,ORD-00634,SUP-05,11-04-2025,19-04-2025,24-04-2025,DHL,7,7,No,Yes,No,0
SHP-00635,ORD-00635,SUP-05,13-04-2025,17-04-2025,25-04-2025,BlueDart,8,8,No,Yes,No,0
SHP-00636,ORD-00636,SUP-01,12-04-2025,15-04-2025,27-04-2025,BlueDart,39,39,No,Yes,No,0
SHP-00637,ORD-00637,SUP-07,14-04-2025,15-04-2025,30-04-2025,Delhivery,5,8,No,No,No,0
SHP-00638,ORD-00638,SUP-07,13-04-2025,15-04-2025,27-04-2025,Delhivery,5,5,No,Yes,No,0
SHP-00639,ORD-00639,SUP-03,12-04-2025,21-04-2025,16-04-2025,BlueDart,16,16,Yes,Yes,Yes,1
SHP-00640,ORD-00640,SUP-03,14-04-2025,19-04-2025,17-04-2025,BlueDart,17,17,Yes,Yes,Yes,1
SHP-00641,ORD-00641,SUP-04,13-04-2025,19-04-2025,19-04-2025,BlueDart,24,24,Yes,Yes,Yes,1
SHP-00642,ORD-00642,SUP-05,14-04-2025,15-04-2025,01-05-2025,FedEx,5,5,No,Yes,No,0
SHP-00643,ORD-00643,SUP-06,14-04-2025,20-04-2025,21-04-2025,Ekart,29,29,No,Yes,No,0
SHP-00644,ORD-00644,SUP-02,15-04-2025,19-04-2025,21-04-2025,BlueDart,31,31,No,Yes,No,0
SHP-00645,ORD-00645,SUP-02,15-04-2025,20-04-2025,20-04-2025,BlueDart,8,8,Yes,Yes,Yes,1
SHP-00646,ORD-00646,SUP-08,15-04-2025,18-04-2025,04-05-2025,BlueDart,34,34,No,Yes,No,0
SHP-00647,ORD-00647,SUP-04,14-04-2025,19-04-2025,20-04-2025,BlueDart,35,35,No,Yes,No,0
SHP-00648,ORD-00648,SUP-05,15-04-2025,22-04-2025,30-04-2025,Delhivery,7,7,No,Yes,No,0
SHP-00649,ORD-00649,SUP-02,14-04-2025,17-04-2025,19-04-2025,Ekart,26,26,No,Yes,No,0
SHP-00650,ORD-00650,SUP-08,14-04-2025,21-04-2025,30-04-2025,Delhivery,18,18,No,Yes,No,0
SHP-00651,ORD-00651,SUP-04,16-04-2025,21-04-2025,21-04-2025,Delhivery,44,44,Yes,Yes,Yes,1
SHP-00652,ORD-00652,SUP-01,16-04-2025,18-04-2025,29-04-2025,DHL,24,25,No,No,No,0
SHP-00653,ORD-00653,SUP-07,17-04-2025,18-04-2025,01-05-2025,FedEx,17,17,No,Yes,No,0
SHP-00654,ORD-00654,SUP-04,16-04-2025,22-04-2025,26-04-2025,BlueDart,49,49,No,Yes,No,0
SHP-00655,ORD-00655,SUP-05,15-04-2025,19-04-2025,30-04-2025,Delhivery,31,31,No,Yes,No,0
SHP-00656,ORD-00656,SUP-05,17-04-2025,19-04-2025,01-05-2025,DHL,9,9,No,Yes,No,0
SHP-00657,ORD-00657,SUP-05,16-04-2025,22-04-2025,29-04-2025,DHL,28,28,No,Yes,No,0
SHP-00658,ORD-00658,SUP-05,18-04-2025,24-04-2025,30-04-2025,FedEx,9,9,No,Yes,No,0
SHP-00659,ORD-00659,SUP-06,17-04-2025,25-04-2025,26-04-2025,Delhivery,16,16,No,Yes,No,0
SHP-00660,ORD-00660,SUP-02,19-04-2025,24-04-2025,24-04-2025,DHL,18,18,Yes,Yes,Yes,1
SHP-00661,ORD-00661,SUP-07,17-04-2025,23-04-2025,01-05-2025,Delhivery,13,13,No,Yes,No,0
SHP-00662,ORD-00662,SUP-08,17-04-2025,21-04-2025,02-05-2025,BlueDart,6,6,No,Yes,No,0
SHP-00663,ORD-00663,SUP-05,18-04-2025,27-04-2025,01-05-2025,FedEx,4,4,No,Yes,No,0
SHP-00664,ORD-00664,SUP-02,20-04-2025,24-04-2025,25-04-2025,Ekart,14,14,No,Yes,No,0
SHP-00665,ORD-00665,SUP-07,19-04-2025,21-04-2025,05-05-2025,Ekart,29,30,No,No,No,0
SHP-00666,ORD-00666,SUP-07,20-04-2025,23-04-2025,06-05-2025,Ekart,8,8,No,Yes,No,0
SHP-00667,ORD-00667,SUP-04,18-04-2025,26-04-2025,26-04-2025,DHL,42,42,Yes,Yes,Yes,1
SHP-00668,ORD-00668,SUP-04,20-04-2025,25-04-2025,27-04-2025,FedEx,55,55,No,Yes,No,0
SHP-00669,ORD-00669,SUP-05,18-04-2025,26-04-2025,01-05-2025,Delhivery,5,5,No,Yes,No,0
SHP-00670,ORD-00670,SUP-05,20-04-2025,23-04-2025,03-05-2025,Delhivery,9,9,No,Yes,No,0
SHP-00671,ORD-00671,SUP-08,21-04-2025,29-04-2025,05-05-2025,Delhivery,47,47,No,Yes,No,0
SHP-00672,ORD-00672,SUP-03,19-04-2025,24-04-2025,23-04-2025,BlueDart,9,9,Yes,Yes,Yes,1
SHP-00673,ORD-00673,SUP-04,19-04-2025,28-04-2025,24-04-2025,DHL,22,22,Yes,Yes,Yes,1
SHP-00674,ORD-00674,SUP-04,20-04-2025,26-04-2025,25-04-2025,DHL,21,21,Yes,Yes,Yes,1
SHP-00675,ORD-00675,SUP-05,20-04-2025,26-04-2025,07-05-2025,Ekart,21,21,No,Yes,No,0
SHP-00676,ORD-00676,SUP-05,20-04-2025,27-04-2025,03-05-2025,FedEx,8,8,No,Yes,No,0
SHP-00677,ORD-00677,SUP-07,22-04-2025,30-04-2025,10-05-2025,DHL,11,11,No,Yes,No,0
SHP-00678,ORD-00678,SUP-04,21-04-2025,29-04-2025,27-04-2025,Ekart,53,53,Yes,Yes,Yes,1
SHP-00679,ORD-00679,SUP-04,21-04-2025,27-04-2025,27-04-2025,Ekart,27,27,Yes,Yes,Yes,1
SHP-00680,ORD-00680,SUP-05,20-04-2025,30-04-2025,03-05-2025,DHL,8,8,No,Yes,No,0
SHP-00681,ORD-00681,SUP-01,21-04-2025,27-04-2025,04-05-2025,DHL,39,39,No,Yes,No,0
SHP-00682,ORD-00682,SUP-02,23-04-2025,26-04-2025,30-04-2025,Ekart,12,12,No,Yes,No,0
SHP-00683,ORD-00683,SUP-08,23-04-2025,24-04-2025,08-05-2025,DHL,18,18,No,Yes,No,0
SHP-00684,ORD-00684,SUP-04,22-04-2025,26-04-2025,29-04-2025,Ekart,26,32,No,No,No,0
SHP-00685,ORD-00685,SUP-04,22-04-2025,26-04-2025,28-04-2025,Delhivery,38,38,No,Yes,No,0
SHP-00686,ORD-00686,SUP-04,21-04-2025,29-04-2025,26-04-2025,DHL,33,33,Yes,Yes,Yes,1
SHP-00687,ORD-00687,SUP-01,22-04-2025,02-05-2025,05-05-2025,Ekart,24,24,No,Yes,No,0
SHP-00688,ORD-00688,SUP-02,23-04-2025,30-04-2025,28-04-2025,DHL,23,23,Yes,Yes,Yes,1
SHP-00689,ORD-00689,SUP-03,24-04-2025,29-04-2025,28-04-2025,Ekart,11,11,Yes,Yes,Yes,1
SHP-00690,ORD-00690,SUP-04,22-04-2025,29-04-2025,02-05-2025,FedEx,46,46,No,Yes,No,0
SHP-00691,ORD-00691,SUP-05,23-04-2025,28-04-2025,10-05-2025,DHL,6,6,No,Yes,No,0
SHP-00692,ORD-00692,SUP-05,24-04-2025,01-05-2025,11-05-2025,Delhivery,1,3,No,No,No,0
SHP-00693,ORD-00693,SUP-06,23-04-2025,02-05-2025,29-04-2025,BlueDart,32,32,Yes,Yes,Yes,1
SHP-00694,ORD-00694,SUP-01,25-04-2025,29-04-2025,10-05-2025,BlueDart,11,11,No,Yes,No,0
SHP-00695,ORD-00695,SUP-06,25-04-2025,02-05-2025,06-05-2025,Delhivery,34,34,No,Yes,No,0
SHP-00696,ORD-00696,SUP-02,23-04-2025,30-04-2025,27-04-2025,Ekart,5,5,Yes,Yes,Yes,1
SHP-00697,ORD-00697,SUP-07,23-04-2025,26-04-2025,08-05-2025,Delhivery,11,11,No,Yes,No,0
SHP-00698,ORD-00698,SUP-03,24-04-2025,27-04-2025,02-05-2025,DHL,34,34,No,Yes,No,0
SHP-00699,ORD-00699,SUP-03,24-04-2025,27-04-2025,29-04-2025,DHL,18,18,No,Yes,No,0
SHP-00700,ORD-00700,SUP-04,25-04-2025,30-04-2025,03-05-2025,FedEx,39,39,No,Yes,No,0
SHP-00701,ORD-00701,SUP-05,23-04-2025,26-04-2025,06-05-2025,Delhivery,9,9,No,Yes,No,0
SHP-00702,ORD-00702,SUP-05,25-04-2025,03-05-2025,09-05-2025,DHL,2,2,No,Yes,No,0
SHP-00703,ORD-00703,SUP-01,24-04-2025,30-04-2025,07-05-2025,Delhivery,16,16,No,Yes,No,0
SHP-00704,ORD-00704,SUP-06,25-04-2025,27-04-2025,04-05-2025,Delhivery,37,37,No,Yes,No,0
SHP-00705,ORD-00705,SUP-02,25-04-2025,03-05-2025,29-04-2025,BlueDart,23,24,Yes,No,No,0
SHP-00706,ORD-00706,SUP-08,24-04-2025,27-04-2025,13-05-2025,Ekart,11,11,No,Yes,No,0
SHP-00707,ORD-00707,SUP-03,24-04-2025,27-04-2025,28-04-2025,Ekart,34,34,No,Yes,No,0
SHP-00708,ORD-00708,SUP-04,24-04-2025,03-05-2025,29-04-2025,FedEx,31,31,Yes,Yes,Yes,1
SHP-00709,ORD-00709,SUP-04,26-04-2025,30-04-2025,02-05-2025,DHL,34,37,No,No,No,0
SHP-00710,ORD-00710,SUP-05,26-04-2025,28-04-2025,13-05-2025,BlueDart,10,10,No,Yes,No,0
SHP-00711,ORD-00711,SUP-06,25-04-2025,28-04-2025,03-05-2025,Ekart,56,56,No,Yes,No,0
SHP-00712,ORD-00712,SUP-03,25-04-2025,01-05-2025,03-05-2025,BlueDart,12,12,No,Yes,No,0
SHP-00713,ORD-00713,SUP-08,25-04-2025,03-05-2025,09-05-2025,Delhivery,23,23,No,Yes,No,0
SHP-00714,ORD-00714,SUP-04,27-04-2025,28-04-2025,03-05-2025,Delhivery,57,57,No,Yes,No,0
SHP-00715,ORD-00715,SUP-06,26-04-2025,01-05-2025,05-05-2025,Ekart,7,10,No,No,No,0
SHP-00716,ORD-00716,SUP-06,26-04-2025,03-05-2025,03-05-2025,Ekart,13,19,Yes,No,No,0
SHP-00717,ORD-00717,SUP-08,28-04-2025,30-04-2025,15-05-2025,Delhivery,15,15,No,Yes,No,0
SHP-00718,ORD-00718,SUP-04,26-04-2025,06-05-2025,02-05-2025,FedEx,30,30,Yes,Yes,Yes,1
SHP-00719,ORD-00719,SUP-04,28-04-2025,30-04-2025,05-05-2025,Ekart,23,23,No,Yes,No,0
SHP-00720,ORD-00720,SUP-05,26-04-2025,29-04-2025,09-05-2025,FedEx,22,22,No,Yes,No,0
SHP-00721,ORD-00721,SUP-05,27-04-2025,06-05-2025,10-05-2025,FedEx,1,3,No,No,No,0
SHP-00722,ORD-00722,SUP-01,29-04-2025,03-05-2025,12-05-2025,FedEx,24,24,No,Yes,No,0
SHP-00723,ORD-00723,SUP-06,27-04-2025,01-05-2025,03-05-2025,FedEx,25,25,No,Yes,No,0
SHP-00724,ORD-00724,SUP-01,29-04-2025,06-05-2025,12-05-2025,FedEx,27,27,No,Yes,No,0
SHP-00725,ORD-00725,SUP-02,29-04-2025,04-05-2025,08-05-2025,FedEx,26,30,No,No,No,0
SHP-00726,ORD-00726,SUP-03,27-04-2025,03-05-2025,30-04-2025,Delhivery,14,14,Yes,Yes,Yes,1
SHP-00727,ORD-00727,SUP-08,27-04-2025,02-05-2025,12-05-2025,Ekart,29,29,No,Yes,No,0
SHP-00728,ORD-00728,SUP-05,29-04-2025,01-05-2025,14-05-2025,Delhivery,6,6,No,Yes,No,0
SHP-00729,ORD-00729,SUP-04,29-04-2025,06-05-2025,07-05-2025,FedEx,21,21,No,Yes,No,0
SHP-00730,ORD-00730,SUP-04,30-04-2025,05-05-2025,10-05-2025,FedEx,13,13,No,Yes,No,0
SHP-00731,ORD-00731,SUP-05,28-04-2025,05-05-2025,11-05-2025,DHL,14,14,No,Yes,No,0
SHP-00732,ORD-00732,SUP-01,29-04-2025,06-05-2025,12-05-2025,Delhivery,44,44,No,Yes,No,0
SHP-00733,ORD-00733,SUP-01,29-04-2025,06-05-2025,12-05-2025,Ekart,43,43,No,Yes,No,0
SHP-00734,ORD-00734,SUP-02,01-05-2025,09-05-2025,05-05-2025,DHL,7,7,Yes,Yes,Yes,1
SHP-00735,ORD-00735,SUP-07,29-04-2025,05-05-2025,13-05-2025,Ekart,19,19,No,Yes,No,0
SHP-00736,ORD-00736,SUP-02,01-05-2025,08-05-2025,10-05-2025,Delhivery,18,18,No,Yes,No,0
SHP-00737,ORD-00737,SUP-04,01-05-2025,03-05-2025,07-05-2025,FedEx,47,47,No,Yes,No,0
SHP-00738,ORD-00738,SUP-04,01-05-2025,08-05-2025,07-05-2025,BlueDart,20,20,Yes,Yes,Yes,1
SHP-00739,ORD-00739,SUP-05,29-04-2025,03-05-2025,16-05-2025,FedEx,33,33,No,Yes,No,0
SHP-00740,ORD-00740,SUP-02,30-04-2025,03-05-2025,09-05-2025,Ekart,10,10,No,Yes,No,0
SHP-00741,ORD-00741,SUP-02,01-05-2025,09-05-2025,06-05-2025,FedEx,25,25,Yes,Yes,Yes,1
SHP-00742,ORD-00742,SUP-07,30-04-2025,07-05-2025,18-05-2025,FedEx,11,11,No,Yes,No,0
SHP-00743,ORD-00743,SUP-08,30-04-2025,03-05-2025,19-05-2025,DHL,19,19,No,Yes,No,0
SHP-00744,ORD-00744,SUP-03,02-05-2025,09-05-2025,07-05-2025,BlueDart,49,49,Yes,Yes,Yes,1
SHP-00745,ORD-00745,SUP-04,30-04-2025,10-05-2025,10-05-2025,FedEx,49,49,Yes,Yes,Yes,1
SHP-00746,ORD-00746,SUP-05,02-05-2025,07-05-2025,19-05-2025,FedEx,8,8,No,Yes,No,0
SHP-00747,ORD-00747,SUP-05,02-05-2025,09-05-2025,19-05-2025,DHL,10,10,No,Yes,No,0
SHP-00748,ORD-00748,SUP-06,01-05-2025,09-05-2025,08-05-2025,FedEx,31,31,Yes,Yes,Yes,1
SHP-00749,ORD-00749,SUP-01,02-05-2025,11-05-2025,15-05-2025,BlueDart,22,22,No,Yes,No,0
SHP-00750,ORD-00750,SUP-02,03-05-2025,07-05-2025,10-05-2025,FedEx,19,21,No,No,No,0
SHP-00751,ORD-00751,SUP-07,01-05-2025,04-05-2025,14-05-2025,DHL,26,26,No,Yes,No,0
SHP-00752,ORD-00752,SUP-08,02-05-2025,05-05-2025,17-05-2025,Ekart,32,34,No,No,No,0
SHP-00753,ORD-00753,SUP-04,03-05-2025,08-05-2025,09-05-2025,FedEx,37,37,No,Yes,No,0
SHP-00754,ORD-00754,SUP-05,02-05-2025,04-05-2025,19-05-2025,FedEx,7,7,No,Yes,No,0
SHP-00755,ORD-00755,SUP-01,02-05-2025,09-05-2025,14-05-2025,FedEx,39,39,No,Yes,No,0
SHP-00756,ORD-00756,SUP-01,04-05-2025,11-05-2025,16-05-2025,BlueDart,45,53,No,No,No,0
SHP-00757,ORD-00757,SUP-02,04-05-2025,11-05-2025,11-05-2025,BlueDart,12,17,Yes,No,No,0
SHP-00758,ORD-00758,SUP-04,04-05-2025,08-05-2025,10-05-2025,FedEx,31,31,No,Yes,No,0
SHP-00759,ORD-00759,SUP-05,03-05-2025,12-05-2025,17-05-2025,FedEx,11,11,No,Yes,No,0
SHP-00760,ORD-00760,SUP-06,03-05-2025,11-05-2025,11-05-2025,FedEx,28,28,Yes,Yes,Yes,1
SHP-00761,ORD-00761,SUP-01,03-05-2025,06-05-2025,16-05-2025,FedEx,24,24,No,Yes,No,0
SHP-00762,ORD-00762,SUP-02,03-05-2025,10-05-2025,12-05-2025,Delhivery,13,13,No,Yes,No,0
SHP-00763,ORD-00763,SUP-03,04-05-2025,12-05-2025,10-05-2025,BlueDart,11,11,Yes,Yes,Yes,1
SHP-00764,ORD-00764,SUP-08,04-05-2025,08-05-2025,21-05-2025,Ekart,45,45,No,Yes,No,0
SHP-00765,ORD-00765,SUP-04,05-05-2025,08-05-2025,12-05-2025,Delhivery,29,29,No,Yes,No,0
SHP-00766,ORD-00766,SUP-04,05-05-2025,08-05-2025,13-05-2025,DHL,24,24,No,Yes,No,0
SHP-00767,ORD-00767,SUP-05,03-05-2025,07-05-2025,17-05-2025,DHL,5,12,No,No,No,0
SHP-00768,ORD-00768,SUP-06,04-05-2025,07-05-2025,10-05-2025,Ekart,20,20,No,Yes,No,0
SHP-00769,ORD-00769,SUP-07,04-05-2025,11-05-2025,18-05-2025,Delhivery,8,9,No,No,No,0
SHP-00770,ORD-00770,SUP-02,06-05-2025,09-05-2025,10-05-2025,BlueDart,32,32,No,Yes,No,0
SHP-00771,ORD-00771,SUP-08,05-05-2025,14-05-2025,24-05-2025,DHL,22,22,No,Yes,No,0
SHP-00772,ORD-00772,SUP-04,05-05-2025,13-05-2025,11-05-2025,BlueDart,38,39,Yes,No,No,0
SHP-00773,ORD-00773,SUP-04,05-05-2025,07-05-2025,12-05-2025,DHL,27,27,No,Yes,No,0
SHP-00774,ORD-00774,SUP-05,06-05-2025,10-05-2025,21-05-2025,FedEx,28,28,No,Yes,No,0
SHP-00775,ORD-00775,SUP-05,05-05-2025,14-05-2025,19-05-2025,FedEx,12,12,No,Yes,No,0
SHP-00776,ORD-00776,SUP-06,05-05-2025,08-05-2025,12-05-2025,FedEx,9,9,No,Yes,No,0
SHP-00777,ORD-00777,SUP-07,06-05-2025,08-05-2025,22-05-2025,DHL,19,19,No,Yes,No,0
SHP-00778,ORD-00778,SUP-08,05-05-2025,11-05-2025,19-05-2025,DHL,11,11,No,Yes,No,0
SHP-00779,ORD-00779,SUP-08,07-05-2025,08-05-2025,22-05-2025,BlueDart,11,11,No,Yes,No,0
SHP-00780,ORD-00780,SUP-04,06-05-2025,12-05-2025,13-05-2025,Delhivery,53,53,No,Yes,No,0
SHP-00781,ORD-00781,SUP-04,06-05-2025,10-05-2025,11-05-2025,Delhivery,18,24,No,No,No,0
SHP-00782,ORD-00782,SUP-05,05-05-2025,09-05-2025,18-05-2025,DHL,24,24,No,Yes,No,0
SHP-00783,ORD-00783,SUP-05,07-05-2025,15-05-2025,19-05-2025,BlueDart,1,6,No,No,No,0
SHP-00784,ORD-00784,SUP-01,08-05-2025,14-05-2025,21-05-2025,Delhivery,35,35,No,Yes,No,0
SHP-00785,ORD-00785,SUP-06,07-05-2025,14-05-2025,14-05-2025,DHL,45,45,Yes,Yes,Yes,1
SHP-00786,ORD-00786,SUP-08,08-05-2025,15-05-2025,24-05-2025,Ekart,17,17,No,Yes,No,0
SHP-00787,ORD-00787,SUP-04,08-05-2025,09-05-2025,14-05-2025,DHL,44,44,No,Yes,No,0
SHP-00788,ORD-00788,SUP-04,08-05-2025,16-05-2025,14-05-2025,DHL,22,22,Yes,Yes,Yes,1
SHP-00789,ORD-00789,SUP-05,07-05-2025,13-05-2025,22-05-2025,DHL,30,30,No,Yes,No,0
SHP-00790,ORD-00790,SUP-02,08-05-2025,17-05-2025,14-05-2025,Ekart,12,16,Yes,No,No,0
SHP-00791,ORD-00791,SUP-02,09-05-2025,14-05-2025,18-05-2025,Ekart,26,26,No,Yes,No,0
SHP-00792,ORD-00792,SUP-07,08-05-2025,12-05-2025,22-05-2025,DHL,13,13,No,Yes,No,0
SHP-00793,ORD-00793,SUP-08,08-05-2025,14-05-2025,22-05-2025,Ekart,18,18,No,Yes,No,0
SHP-00794,ORD-00794,SUP-03,07-05-2025,16-05-2025,11-05-2025,Ekart,17,23,Yes,No,No,0
SHP-00795,ORD-00795,SUP-05,07-05-2025,10-05-2025,21-05-2025,Delhivery,3,3,No,Yes,No,0
SHP-00796,ORD-00796,SUP-05,07-05-2025,16-05-2025,20-05-2025,Ekart,9,10,No,No,No,0
SHP-00797,ORD-00797,SUP-06,08-05-2025,15-05-2025,14-05-2025,BlueDart,14,14,Yes,Yes,Yes,1
SHP-00798,ORD-00798,SUP-07,08-05-2025,12-05-2025,22-05-2025,Ekart,14,14,No,Yes,No,0
SHP-00799,ORD-00799,SUP-08,08-05-2025,16-05-2025,23-05-2025,FedEx,16,16,No,Yes,No,0
SHP-00800,ORD-00800,SUP-04,09-05-2025,14-05-2025,15-05-2025,Delhivery,30,30,No,Yes,No,0
SHP-00801,ORD-00801,SUP-05,08-05-2025,12-05-2025,21-05-2025,DHL,33,38,No,No,No,0
SHP-00802,ORD-00802,SUP-06,10-05-2025,17-05-2025,17-05-2025,Delhivery,36,36,Yes,Yes,Yes,1
SHP-00803,ORD-00803,SUP-01,11-05-2025,13-05-2025,23-05-2025,Delhivery,18,18,No,Yes,No,0
SHP-00804,ORD-00804,SUP-07,09-05-2025,12-05-2025,23-05-2025,Delhivery,17,17,No,Yes,No,0
SHP-00805,ORD-00805,SUP-07,10-05-2025,12-05-2025,28-05-2025,DHL,25,25,No,Yes,No,0
SHP-00806,ORD-00806,SUP-07,09-05-2025,17-05-2025,23-05-2025,FedEx,7,7,No,Yes,No,0
SHP-00807,ORD-00807,SUP-05,11-05-2025,12-05-2025,24-05-2025,BlueDart,7,7,No,Yes,No,0
SHP-00808,ORD-00808,SUP-01,10-05-2025,18-05-2025,23-05-2025,Ekart,23,23,No,Yes,No,0
SHP-00809,ORD-00809,SUP-07,10-05-2025,15-05-2025,24-05-2025,FedEx,54,54,No,Yes,No,0
SHP-00810,ORD-00810,SUP-07,10-05-2025,14-05-2025,23-05-2025,BlueDart,10,16,No,No,No,0
SHP-00811,ORD-00811,SUP-03,11-05-2025,20-05-2025,15-05-2025,FedEx,54,54,Yes,Yes,Yes,1
SHP-00812,ORD-00812,SUP-04,12-05-2025,17-05-2025,20-05-2025,Delhivery,37,41,No,No,No,0
SHP-00813,ORD-00813,SUP-04,11-05-2025,14-05-2025,17-05-2025,FedEx,32,32,No,Yes,No,0
SHP-00814,ORD-00814,SUP-05,12-05-2025,18-05-2025,24-05-2025,FedEx,5,9,No,No,No,0
SHP-00815,ORD-00815,SUP-06,13-05-2025,16-05-2025,22-05-2025,FedEx,25,25,No,Yes,No,0
SHP-00816,ORD-00816,SUP-02,11-05-2025,14-05-2025,17-05-2025,DHL,7,7,No,Yes,No,0
SHP-00817,ORD-00817,SUP-03,13-05-2025,18-05-2025,21-05-2025,Ekart,15,15,No,Yes,No,0
SHP-00818,ORD-00818,SUP-03,11-05-2025,17-05-2025,19-05-2025,FedEx,17,17,No,Yes,No,0
SHP-00819,ORD-00819,SUP-04,12-05-2025,15-05-2025,17-05-2025,Delhivery,32,32,No,Yes,No,0
SHP-00820,ORD-00820,SUP-04,12-05-2025,15-05-2025,18-05-2025,BlueDart,51,51,No,Yes,No,0
SHP-00821,ORD-00821,SUP-04,11-05-2025,16-05-2025,18-05-2025,DHL,21,21,No,Yes,No,0
SHP-00822,ORD-00822,SUP-05,11-05-2025,18-05-2025,24-05-2025,Ekart,8,8,No,Yes,No,0
SHP-00823,ORD-00823,SUP-06,13-05-2025,15-05-2025,20-05-2025,FedEx,58,58,No,Yes,No,0
SHP-00824,ORD-00824,SUP-06,14-05-2025,21-05-2025,25-05-2025,Delhivery,19,19,No,Yes,No,0
SHP-00825,ORD-00825,SUP-03,12-05-2025,18-05-2025,16-05-2025,Delhivery,11,11,Yes,Yes,Yes,1
SHP-00826,ORD-00826,SUP-04,12-05-2025,22-05-2025,18-05-2025,FedEx,42,48,Yes,No,No,0
SHP-00827,ORD-00827,SUP-04,12-05-2025,22-05-2025,18-05-2025,Delhivery,16,16,Yes,Yes,Yes,1
SHP-00828,ORD-00828,SUP-05,12-05-2025,19-05-2025,25-05-2025,FedEx,14,14,No,Yes,No,0
SHP-00829,ORD-00829,SUP-05,12-05-2025,20-05-2025,27-05-2025,FedEx,8,8,No,Yes,No,0
SHP-00830,ORD-00830,SUP-05,13-05-2025,22-05-2025,30-05-2025,Delhivery,1,7,No,No,No,0
SHP-00831,ORD-00831,SUP-06,15-05-2025,17-05-2025,23-05-2025,DHL,26,26,No,Yes,No,0
SHP-00832,ORD-00832,SUP-02,15-05-2025,17-05-2025,19-05-2025,Delhivery,13,19,No,No,No,0
SHP-00833,ORD-00833,SUP-02,13-05-2025,18-05-2025,18-05-2025,Ekart,16,16,Yes,Yes,Yes,1
SHP-00834,ORD-00834,SUP-07,14-05-2025,19-05-2025,28-05-2025,Delhivery,17,17,No,Yes,No,0
SHP-00835,ORD-00835,SUP-08,15-05-2025,19-05-2025,03-06-2025,Ekart,41,44,No,No,No,0
SHP-00836,ORD-00836,SUP-04,14-05-2025,23-05-2025,19-05-2025,Ekart,15,15,Yes,Yes,Yes,1
SHP-00837,ORD-00837,SUP-05,13-05-2025,17-05-2025,26-05-2025,Delhivery,7,7,No,Yes,No,0
SHP-00838,ORD-00838,SUP-05,14-05-2025,16-05-2025,26-05-2025,BlueDart,8,8,No,Yes,No,0
SHP-00839,ORD-00839,SUP-07,16-05-2025,21-05-2025,30-05-2025,DHL,30,30,No,Yes,No,0
SHP-00840,ORD-00840,SUP-07,16-05-2025,22-05-2025,03-06-2025,FedEx,16,16,No,Yes,No,0
SHP-00841,ORD-00841,SUP-06,16-05-2025,18-05-2025,27-05-2025,BlueDart,30,30,No,Yes,No,0
SHP-00842,ORD-00842,SUP-01,16-05-2025,22-05-2025,28-05-2025,Ekart,16,16,No,Yes,No,0
SHP-00843,ORD-00843,SUP-02,17-05-2025,24-05-2025,26-05-2025,Delhivery,8,8,No,Yes,No,0
SHP-00844,ORD-00844,SUP-07,17-05-2025,21-05-2025,31-05-2025,BlueDart,20,20,No,Yes,No,0
SHP-00845,ORD-00845,SUP-03,15-05-2025,24-05-2025,19-05-2025,Ekart,5,5,Yes,Yes,Yes,1
SHP-00846,ORD-00846,SUP-04,16-05-2025,19-05-2025,22-05-2025,DHL,58,58,No,Yes,No,0
SHP-00847,ORD-00847,SUP-04,17-05-2025,20-05-2025,25-05-2025,Delhivery,53,53,No,Yes,No,0
SHP-00848,ORD-00848,SUP-05,15-05-2025,25-05-2025,30-05-2025,Ekart,17,17,No,Yes,No,0
SHP-00849,ORD-00849,SUP-01,16-05-2025,22-05-2025,28-05-2025,BlueDart,36,38,No,No,No,0
SHP-00850,ORD-00850,SUP-02,18-05-2025,23-05-2025,23-05-2025,BlueDart,19,19,Yes,Yes,Yes,1
SHP-00851,ORD-00851,SUP-02,18-05-2025,24-05-2025,23-05-2025,Ekart,19,19,Yes,Yes,Yes,1
SHP-00852,ORD-00852,SUP-08,18-05-2025,23-05-2025,03-06-2025,FedEx,42,44,No,No,No,0
SHP-00853,ORD-00853,SUP-04,17-05-2025,20-05-2025,23-05-2025,Delhivery,25,25,No,Yes,No,0
SHP-00854,ORD-00854,SUP-05,17-05-2025,26-05-2025,29-05-2025,Ekart,5,5,No,Yes,No,0
SHP-00855,ORD-00855,SUP-06,19-05-2025,24-05-2025,26-05-2025,BlueDart,1,7,No,No,No,0
SHP-00856,ORD-00856,SUP-06,17-05-2025,24-05-2025,24-05-2025,FedEx,54,62,Yes,No,No,0
SHP-00857,ORD-00857,SUP-07,17-05-2025,20-05-2025,31-05-2025,Delhivery,11,11,No,Yes,No,0
SHP-00858,ORD-00858,SUP-03,17-05-2025,21-05-2025,21-05-2025,Delhivery,14,14,Yes,Yes,Yes,1
SHP-00859,ORD-00859,SUP-03,17-05-2025,24-05-2025,21-05-2025,DHL,17,23,Yes,No,No,0
SHP-00860,ORD-00860,SUP-05,17-05-2025,22-05-2025,30-05-2025,BlueDart,7,7,No,Yes,No,0
SHP-00861,ORD-00861,SUP-01,18-05-2025,23-05-2025,31-05-2025,FedEx,41,41,No,Yes,No,0
SHP-00862,ORD-00862,SUP-02,19-05-2025,28-05-2025,25-05-2025,FedEx,30,30,Yes,Yes,Yes,1
SHP-00863,ORD-00863,SUP-07,18-05-2025,25-05-2025,01-06-2025,Delhivery,13,13,No,Yes,No,0
SHP-00864,ORD-00864,SUP-03,19-05-2025,28-05-2025,24-05-2025,Ekart,9,9,Yes,Yes,Yes,1
SHP-00865,ORD-00865,SUP-08,18-05-2025,24-05-2025,03-06-2025,DHL,39,39,No,Yes,No,0
SHP-00866,ORD-00866,SUP-04,20-05-2025,27-05-2025,26-05-2025,Ekart,16,16,Yes,Yes,Yes,1
SHP-00867,ORD-00867,SUP-04,19-05-2025,21-05-2025,25-05-2025,Delhivery,16,16,No,Yes,No,0
SHP-00868,ORD-00868,SUP-05,20-05-2025,25-05-2025,04-06-2025,Delhivery,1,1,No,Yes,No,0
SHP-00869,ORD-00869,SUP-05,18-05-2025,27-05-2025,31-05-2025,FedEx,12,12,No,Yes,No,0
SHP-00870,ORD-00870,SUP-06,19-05-2025,27-05-2025,26-05-2025,Ekart,46,46,Yes,Yes,Yes,1
SHP-00871,ORD-00871,SUP-02,19-05-2025,23-05-2025,24-05-2025,DHL,7,14,No,No,No,0
SHP-00872,ORD-00872,SUP-02,19-05-2025,23-05-2025,28-05-2025,BlueDart,27,27,No,Yes,No,0
SHP-00873,ORD-00873,SUP-07,21-05-2025,22-05-2025,06-06-2025,Delhivery,13,13,No,Yes,No,0
SHP-00874,ORD-00874,SUP-08,19-05-2025,25-05-2025,02-06-2025,FedEx,10,10,No,Yes,No,0
SHP-00875,ORD-00875,SUP-03,19-05-2025,24-05-2025,23-05-2025,DHL,21,21,Yes,Yes,Yes,1
SHP-00876,ORD-00876,SUP-04,19-05-2025,29-05-2025,25-05-2025,Delhivery,32,32,Yes,Yes,Yes,1
SHP-00877,ORD-00877,SUP-05,19-05-2025,27-05-2025,05-06-2025,DHL,8,8,No,Yes,No,0
SHP-00878,ORD-00878,SUP-05,19-05-2025,22-05-2025,01-06-2025,DHL,11,11,No,Yes,No,0
SHP-00879,ORD-00879,SUP-06,22-05-2025,27-05-2025,30-05-2025,BlueDart,54,60,No,No,No,0
SHP-00880,ORD-00880,SUP-01,20-05-2025,26-05-2025,04-06-2025,BlueDart,21,22,No,No,No,0
SHP-00881,ORD-00881,SUP-06,22-05-2025,29-05-2025,30-05-2025,Delhivery,28,28,No,Yes,No,0
SHP-00882,ORD-00882,SUP-02,20-05-2025,24-05-2025,29-05-2025,Delhivery,14,14,No,Yes,No,0
SHP-00883,ORD-00883,SUP-03,20-05-2025,23-05-2025,28-05-2025,DHL,18,20,No,No,No,0
SHP-00884,ORD-00884,SUP-08,22-05-2025,28-05-2025,08-06-2025,BlueDart,19,19,No,Yes,No,0
SHP-00885,ORD-00885,SUP-05,22-05-2025,24-05-2025,04-06-2025,Ekart,34,34,No,Yes,No,0
SHP-00886,ORD-00886,SUP-05,22-05-2025,30-05-2025,04-06-2025,DHL,3,3,No,Yes,No,0
SHP-00887,ORD-00887,SUP-05,20-05-2025,24-05-2025,06-06-2025,Ekart,8,8,No,Yes,No,0
SHP-00888,ORD-00888,SUP-06,22-05-2025,31-05-2025,30-05-2025,FedEx,37,37,Yes,Yes,Yes,1
SHP-00889,ORD-00889,SUP-06,22-05-2025,27-05-2025,02-06-2025,BlueDart,46,47,No,No,No,0
SHP-00890,ORD-00890,SUP-07,21-05-2025,25-05-2025,05-06-2025,FedEx,15,15,No,Yes,No,0
SHP-00891,ORD-00891,SUP-08,23-05-2025,27-05-2025,08-06-2025,DHL,48,48,No,Yes,No,0
SHP-00892,ORD-00892,SUP-08,23-05-2025,28-05-2025,07-06-2025,DHL,29,29,No,Yes,No,0
SHP-00893,ORD-00893,SUP-04,23-05-2025,24-05-2025,29-05-2025,BlueDart,32,32,No,Yes,No,0
SHP-00894,ORD-00894,SUP-04,23-05-2025,31-05-2025,29-05-2025,Delhivery,33,33,Yes,Yes,Yes,1
SHP-00895,ORD-00895,SUP-05,23-05-2025,31-05-2025,05-06-2025,FedEx,9,9,No,Yes,No,0
SHP-00896,ORD-00896,SUP-01,22-05-2025,27-05-2025,03-06-2025,BlueDart,21,21,No,Yes,No,0
SHP-00897,ORD-00897,SUP-07,24-05-2025,26-05-2025,06-06-2025,Ekart,4,7,No,No,No,0
SHP-00898,ORD-00898,SUP-08,24-05-2025,28-05-2025,08-06-2025,BlueDart,11,11,No,Yes,No,0
SHP-00899,ORD-00899,SUP-05,24-05-2025,27-05-2025,06-06-2025,Ekart,37,37,No,Yes,No,0
SHP-00900,ORD-00900,SUP-01,23-05-2025,27-05-2025,05-06-2025,FedEx,31,31,No,Yes,No,0
SHP-00901,ORD-00901,SUP-01,24-05-2025,29-05-2025,07-06-2025,Ekart,30,30,No,Yes,No,0
SHP-00902,ORD-00902,SUP-07,25-05-2025,01-06-2025,10-06-2025,Delhivery,16,16,No,Yes,No,0
SHP-00903,ORD-00903,SUP-02,23-05-2025,28-05-2025,30-05-2025,BlueDart,26,26,No,Yes,No,0
SHP-00904,ORD-00904,SUP-02,24-05-2025,02-06-2025,29-05-2025,Delhivery,14,14,Yes,Yes,Yes,1
SHP-00905,ORD-00905,SUP-03,23-05-2025,01-06-2025,26-05-2025,Delhivery,10,10,Yes,Yes,Yes,1
SHP-00906,ORD-00906,SUP-03,25-05-2025,28-05-2025,29-05-2025,FedEx,13,13,No,Yes,No,0
SHP-00907,ORD-00907,SUP-04,23-05-2025,01-06-2025,28-05-2025,BlueDart,44,44,Yes,Yes,Yes,1
SHP-00908,ORD-00908,SUP-04,23-05-2025,27-05-2025,29-05-2025,Ekart,19,19,No,Yes,No,0
SHP-00909,ORD-00909,SUP-01,26-05-2025,29-05-2025,10-06-2025,Ekart,35,41,No,No,No,0
SHP-00910,ORD-00910,SUP-02,25-05-2025,27-05-2025,03-06-2025,Delhivery,29,29,No,Yes,No,0
SHP-00911,ORD-00911,SUP-02,24-05-2025,03-06-2025,29-05-2025,FedEx,10,10,Yes,Yes,Yes,1
SHP-00912,ORD-00912,SUP-03,25-05-2025,27-05-2025,02-06-2025,Delhivery,22,22,No,Yes,No,0
SHP-00913,ORD-00913,SUP-04,24-05-2025,01-06-2025,03-06-2025,Delhivery,39,39,No,Yes,No,0
SHP-00914,ORD-00914,SUP-05,26-05-2025,28-05-2025,12-06-2025,Delhivery,35,35,No,Yes,No,0
SHP-00915,ORD-00915,SUP-05,25-05-2025,02-06-2025,07-06-2025,BlueDart,6,6,No,Yes,No,0
SHP-00916,ORD-00916,SUP-06,27-05-2025,04-06-2025,02-06-2025,Ekart,10,10,Yes,Yes,Yes,1
SHP-00917,ORD-00917,SUP-07,25-05-2025,02-06-2025,08-06-2025,Delhivery,11,11,No,Yes,No,0
SHP-00918,ORD-00918,SUP-07,27-05-2025,28-05-2025,10-06-2025,BlueDart,29,29,No,Yes,No,0
SHP-00919,ORD-00919,SUP-02,25-05-2025,03-06-2025,30-05-2025,Delhivery,15,18,Yes,No,No,0
SHP-00920,ORD-00920,SUP-03,27-05-2025,01-06-2025,01-06-2025,DHL,13,17,Yes,No,No,0
SHP-00921,ORD-00921,SUP-04,26-05-2025,29-05-2025,03-06-2025,BlueDart,64,64,No,Yes,No,0
SHP-00922,ORD-00922,SUP-05,26-05-2025,04-06-2025,10-06-2025,BlueDart,22,22,No,Yes,No,0
SHP-00923,ORD-00923,SUP-05,26-05-2025,31-05-2025,08-06-2025,BlueDart,2,2,No,Yes,No,0
SHP-00924,ORD-00924,SUP-06,28-05-2025,29-05-2025,06-06-2025,Ekart,46,46,No,Yes,No,0
SHP-00925,ORD-00925,SUP-02,26-05-2025,29-05-2025,02-06-2025,Ekart,6,6,No,Yes,No,0
SHP-00926,ORD-00926,SUP-03,28-05-2025,29-05-2025,05-06-2025,BlueDart,21,21,No,Yes,No,0
SHP-00927,ORD-00927,SUP-04,27-05-2025,30-05-2025,03-06-2025,FedEx,33,33,No,Yes,No,0
SHP-00928,ORD-00928,SUP-05,27-05-2025,05-06-2025,10-06-2025,DHL,38,38,No,Yes,No,0
SHP-00929,ORD-00929,SUP-06,29-05-2025,04-06-2025,09-06-2025,Delhivery,31,31,No,Yes,No,0
SHP-00930,ORD-00930,SUP-06,28-05-2025,31-05-2025,06-06-2025,BlueDart,28,28,No,Yes,No,0
SHP-00931,ORD-00931,SUP-02,29-05-2025,02-06-2025,03-06-2025,FedEx,27,27,No,Yes,No,0
SHP-00932,ORD-00932,SUP-08,27-05-2025,30-05-2025,12-06-2025,Ekart,6,6,No,Yes,No,0
SHP-00933,ORD-00933,SUP-03,27-05-2025,04-06-2025,31-05-2025,DHL,13,13,Yes,Yes,Yes,1
SHP-00934,ORD-00934,SUP-05,28-05-2025,04-06-2025,10-06-2025,DHL,8,8,No,Yes,No,0
SHP-00935,ORD-00935,SUP-08,30-05-2025,06-06-2025,16-06-2025,DHL,10,18,No,No,No,0
SHP-00936,ORD-00936,SUP-03,30-05-2025,05-06-2025,07-06-2025,FedEx,30,30,No,Yes,No,0
SHP-00937,ORD-00937,SUP-06,31-05-2025,02-06-2025,07-06-2025,FedEx,18,25,No,No,No,0
SHP-00938,ORD-00938,SUP-06,29-05-2025,07-06-2025,09-06-2025,Ekart,9,9,No,Yes,No,0
SHP-00939,ORD-00939,SUP-07,30-05-2025,03-06-2025,12-06-2025,Ekart,15,15,No,Yes,No,0
SHP-00940,ORD-00940,SUP-08,30-05-2025,03-06-2025,16-06-2025,DHL,46,46,No,Yes,No,0
SHP-00941,ORD-00941,SUP-08,31-05-2025,04-06-2025,16-06-2025,DHL,19,19,No,Yes,No,0
SHP-00942,ORD-00942,SUP-04,30-05-2025,06-06-2025,04-06-2025,Delhivery,36,36,Yes,Yes,Yes,1
SHP-00943,ORD-00943,SUP-07,30-05-2025,07-06-2025,13-06-2025,DHL,14,14,No,Yes,No,0
SHP-00944,ORD-00944,SUP-08,01-06-2025,06-06-2025,18-06-2025,FedEx,10,10,No,Yes,No,0
SHP-00945,ORD-00945,SUP-03,31-05-2025,04-06-2025,04-06-2025,Ekart,15,15,Yes,Yes,Yes,1
SHP-00946,ORD-00946,SUP-04,31-05-2025,03-06-2025,06-06-2025,Ekart,36,36,No,Yes,No,0
SHP-00947,ORD-00947,SUP-04,01-06-2025,02-06-2025,09-06-2025,FedEx,22,22,No,Yes,No,0
SHP-00948,ORD-00948,SUP-05,31-05-2025,09-06-2025,13-06-2025,Delhivery,6,7,No,No,No,0
SHP-00949,ORD-00949,SUP-06,31-05-2025,05-06-2025,07-06-2025,DHL,53,60,No,No,No,0
SHP-00950,ORD-00950,SUP-01,31-05-2025,08-06-2025,17-06-2025,DHL,19,19,No,Yes,No,0
SHP-00951,ORD-00951,SUP-07,01-06-2025,05-06-2025,16-06-2025,BlueDart,22,26,No,No,No,0
SHP-00952,ORD-00952,SUP-02,02-06-2025,04-06-2025,11-06-2025,DHL,10,18,No,No,No,0
SHP-00953,ORD-00953,SUP-03,02-06-2025,09-06-2025,07-06-2025,DHL,10,10,Yes,Yes,Yes,1
SHP-00954,ORD-00954,SUP-03,02-06-2025,04-06-2025,06-06-2025,Delhivery,36,36,No,Yes,No,0
SHP-00955,ORD-00955,SUP-04,31-05-2025,07-06-2025,06-06-2025,BlueDart,15,15,Yes,Yes,Yes,1
SHP-00956,ORD-00956,SUP-04,31-05-2025,10-06-2025,06-06-2025,FedEx,28,34,Yes,No,No,0
SHP-00957,ORD-00957,SUP-05,31-05-2025,03-06-2025,14-06-2025,Ekart,13,13,No,Yes,No,0
SHP-00958,ORD-00958,SUP-05,02-06-2025,09-06-2025,15-06-2025,FedEx,1,6,No,No,No,0
SHP-00959,ORD-00959,SUP-05,31-05-2025,10-06-2025,14-06-2025,Ekart,8,8,No,Yes,No,0
SHP-00960,ORD-00960,SUP-01,02-06-2025,11-06-2025,16-06-2025,DHL,44,44,No,Yes,No,0
SHP-00961,ORD-00961,SUP-06,02-06-2025,10-06-2025,10-06-2025,BlueDart,38,46,Yes,No,No,0
SHP-00962,ORD-00962,SUP-02,03-06-2025,05-06-2025,08-06-2025,BlueDart,1,2,No,No,No,0
SHP-00963,ORD-00963,SUP-02,03-06-2025,09-06-2025,12-06-2025,DHL,39,39,No,Yes,No,0
SHP-00964,ORD-00964,SUP-02,01-06-2025,10-06-2025,06-06-2025,DHL,13,13,Yes,Yes,Yes,1
SHP-00965,ORD-00965,SUP-08,02-06-2025,06-06-2025,17-06-2025,BlueDart,7,7,No,Yes,No,0
SHP-00966,ORD-00966,SUP-08,02-06-2025,11-06-2025,17-06-2025,FedEx,16,16,No,Yes,No,0
SHP-00967,ORD-00967,SUP-04,02-06-2025,04-06-2025,08-06-2025,BlueDart,24,24,No,Yes,No,0
SHP-00968,ORD-00968,SUP-04,01-06-2025,11-06-2025,11-06-2025,BlueDart,22,22,Yes,Yes,Yes,1
SHP-00969,ORD-00969,SUP-05,02-06-2025,07-06-2025,16-06-2025,FedEx,12,12,No,Yes,No,0
SHP-00970,ORD-00970,SUP-01,03-06-2025,12-06-2025,16-06-2025,Delhivery,36,36,No,Yes,No,0
SHP-00971,ORD-00971,SUP-03,02-06-2025,09-06-2025,07-06-2025,Delhivery,18,22,Yes,No,No,0
SHP-00972,ORD-00972,SUP-08,03-06-2025,12-06-2025,22-06-2025,DHL,11,19,No,No,No,0
SHP-00973,ORD-00973,SUP-04,03-06-2025,10-06-2025,09-06-2025,DHL,50,50,Yes,Yes,Yes,1
SHP-00974,ORD-00974,SUP-04,04-06-2025,06-06-2025,10-06-2025,DHL,42,42,No,Yes,No,0
SHP-00975,ORD-00975,SUP-05,02-06-2025,10-06-2025,19-06-2025,Delhivery,38,38,No,Yes,No,0
SHP-00976,ORD-00976,SUP-05,03-06-2025,10-06-2025,15-06-2025,BlueDart,8,8,No,Yes,No,0
SHP-00977,ORD-00977,SUP-01,04-06-2025,13-06-2025,17-06-2025,Delhivery,22,22,No,Yes,No,0
SHP-00978,ORD-00978,SUP-01,03-06-2025,09-06-2025,18-06-2025,Ekart,34,34,No,Yes,No,0
SHP-00979,ORD-00979,SUP-05,03-06-2025,08-06-2025,18-06-2025,Delhivery,29,29,No,Yes,No,0
SHP-00980,ORD-00980,SUP-05,03-06-2025,11-06-2025,20-06-2025,Delhivery,1,6,No,No,No,0
SHP-00981,ORD-00981,SUP-01,06-06-2025,08-06-2025,19-06-2025,FedEx,34,34,No,Yes,No,0
SHP-00982,ORD-00982,SUP-07,06-06-2025,10-06-2025,22-06-2025,Delhivery,25,25,No,Yes,No,0
SHP-00983,ORD-00983,SUP-07,06-06-2025,08-06-2025,20-06-2025,DHL,19,19,No,Yes,No,0
SHP-00984,ORD-00984,SUP-08,04-06-2025,08-06-2025,19-06-2025,DHL,18,18,No,Yes,No,0
SHP-00985,ORD-00985,SUP-04,06-06-2025,08-06-2025,16-06-2025,DHL,25,25,No,Yes,No,0
SHP-00986,ORD-00986,SUP-05,05-06-2025,12-06-2025,17-06-2025,DHL,6,6,No,Yes,No,0
SHP-00987,ORD-00987,SUP-05,05-06-2025,12-06-2025,19-06-2025,BlueDart,7,9,No,No,No,0
SHP-00988,ORD-00988,SUP-07,05-06-2025,08-06-2025,20-06-2025,BlueDart,19,19,No,Yes,No,0
SHP-00989,ORD-00989,SUP-08,06-06-2025,09-06-2025,22-06-2025,FedEx,32,40,No,No,No,0
SHP-00990,ORD-00990,SUP-08,06-06-2025,10-06-2025,21-06-2025,DHL,19,19,No,Yes,No,0
SHP-00991,ORD-00991,SUP-04,06-06-2025,11-06-2025,16-06-2025,Ekart,22,30,No,No,No,0
SHP-00992,ORD-00992,SUP-04,05-06-2025,13-06-2025,15-06-2025,FedEx,49,49,No,Yes,No,0
SHP-00993,ORD-00993,SUP-04,06-06-2025,12-06-2025,13-06-2025,Ekart,36,36,No,Yes,No,0
SHP-00994,ORD-00994,SUP-05,05-06-2025,15-06-2025,18-06-2025,Ekart,37,37,No,Yes,No,0
SHP-00995,ORD-00995,SUP-05,05-06-2025,15-06-2025,18-06-2025,Ekart,5,5,No,Yes,No,0
SHP-00996,ORD-00996,SUP-05,05-06-2025,14-06-2025,18-06-2025,FedEx,3,7,No,No,No,0
SHP-00997,ORD-00997,SUP-02,06-06-2025,10-06-2025,13-06-2025,Ekart,21,21,No,Yes,No,0
SHP-00998,ORD-00998,SUP-03,07-06-2025,15-06-2025,10-06-2025,Ekart,14,14,Yes,Yes,Yes,1
SHP-00999,ORD-00999,SUP-04,08-06-2025,12-06-2025,13-06-2025,Delhivery,32,32,No,Yes,No,0
SHP-01000,ORD-01000,SUP-04,08-06-2025,15-06-2025,14-06-2025,DHL,45,45,Yes,Yes,Yes,1
SHP-01001,ORD-01001,SUP-04,06-06-2025,13-06-2025,12-06-2025,DHL,23,23,Yes,Yes,Yes,1
SHP-01002,ORD-01002,SUP-05,06-06-2025,15-06-2025,19-06-2025,FedEx,14,14,No,Yes,No,0
SHP-01003,ORD-01003,SUP-05,08-06-2025,16-06-2025,21-06-2025,Delhivery,5,5,No,Yes,No,0
SHP-01004,ORD-01004,SUP-06,09-06-2025,11-06-2025,15-06-2025,DHL,33,35,No,No,No,0
SHP-01005,ORD-01005,SUP-07,09-06-2025,15-06-2025,23-06-2025,DHL,16,16,No,Yes,No,0
SHP-01006,ORD-01006,SUP-07,08-06-2025,11-06-2025,21-06-2025,FedEx,19,19,No,Yes,No,0
SHP-01007,ORD-01007,SUP-08,07-06-2025,14-06-2025,23-06-2025,Ekart,31,31,No,Yes,No,0
SHP-01008,ORD-01008,SUP-04,08-06-2025,10-06-2025,14-06-2025,FedEx,25,25,No,Yes,No,0
SHP-01009,ORD-01009,SUP-04,09-06-2025,17-06-2025,16-06-2025,FedEx,22,22,Yes,Yes,Yes,1
SHP-01010,ORD-01010,SUP-05,08-06-2025,14-06-2025,21-06-2025,BlueDart,33,34,No,No,No,0
SHP-01011,ORD-01011,SUP-05,07-06-2025,11-06-2025,21-06-2025,DHL,8,8,No,Yes,No,0
SHP-01012,ORD-01012,SUP-08,08-06-2025,18-06-2025,24-06-2025,DHL,4,8,No,No,No,0
SHP-01013,ORD-01013,SUP-03,08-06-2025,11-06-2025,14-06-2025,Ekart,18,25,No,No,No,0
SHP-01014,ORD-01014,SUP-04,09-06-2025,16-06-2025,15-06-2025,FedEx,36,36,Yes,Yes,Yes,1
SHP-01015,ORD-01015,SUP-05,10-06-2025,17-06-2025,24-06-2025,DHL,1,1,No,Yes,No,0
SHP-01016,ORD-01016,SUP-05,10-06-2025,15-06-2025,23-06-2025,Ekart,13,13,No,Yes,No,0
SHP-01017,ORD-01017,SUP-06,10-06-2025,12-06-2025,17-06-2025,Ekart,15,15,No,Yes,No,0
SHP-01018,ORD-01018,SUP-06,11-06-2025,18-06-2025,18-06-2025,BlueDart,46,46,Yes,Yes,Yes,1
SHP-01019,ORD-01019,SUP-02,09-06-2025,17-06-2025,14-06-2025,Ekart,3,11,Yes,No,No,0
SHP-01020,ORD-01020,SUP-02,09-06-2025,13-06-2025,14-06-2025,Delhivery,15,15,No,Yes,No,0
SHP-01021,ORD-01021,SUP-08,09-06-2025,17-06-2025,24-06-2025,Ekart,1,5,No,No,No,0
SHP-01022,ORD-01022,SUP-08,10-06-2025,18-06-2025,25-06-2025,DHL,40,40,No,Yes,No,0
SHP-01023,ORD-01023,SUP-04,10-06-2025,16-06-2025,16-06-2025,Delhivery,44,44,Yes,Yes,Yes,1
SHP-01024,ORD-01024,SUP-05,11-06-2025,15-06-2025,23-06-2025,BlueDart,17,21,No,No,No,0
SHP-01025,ORD-01025,SUP-01,12-06-2025,19-06-2025,26-06-2025,FedEx,10,10,No,Yes,No,0
SHP-01026,ORD-01026,SUP-02,10-06-2025,17-06-2025,16-06-2025,FedEx,22,22,Yes,Yes,Yes,1
SHP-01027,ORD-01027,SUP-02,11-06-2025,20-06-2025,16-06-2025,BlueDart,8,8,Yes,Yes,Yes,1
SHP-01028,ORD-01028,SUP-04,10-06-2025,20-06-2025,16-06-2025,BlueDart,49,49,Yes,Yes,Yes,1
SHP-01029,ORD-01029,SUP-04,11-06-2025,19-06-2025,17-06-2025,FedEx,23,23,Yes,Yes,Yes,1
SHP-01030,ORD-01030,SUP-05,12-06-2025,15-06-2025,25-06-2025,DHL,13,13,No,Yes,No,0
SHP-01031,ORD-01031,SUP-01,13-06-2025,17-06-2025,30-06-2025,Ekart,25,25,No,Yes,No,0
SHP-01032,ORD-01032,SUP-02,13-06-2025,17-06-2025,18-06-2025,BlueDart,11,11,No,Yes,No,0
SHP-01033,ORD-01033,SUP-07,11-06-2025,18-06-2025,25-06-2025,BlueDart,15,15,No,Yes,No,0
SHP-01034,ORD-01034,SUP-03,11-06-2025,14-06-2025,16-06-2025,Ekart,50,50,No,Yes,No,0
SHP-01035,ORD-01035,SUP-03,11-06-2025,18-06-2025,15-06-2025,Ekart,31,31,Yes,Yes,Yes,1
SHP-01036,ORD-01036,SUP-04,13-06-2025,21-06-2025,19-06-2025,DHL,43,43,Yes,Yes,Yes,1
SHP-01037,ORD-01037,SUP-05,11-06-2025,20-06-2025,24-06-2025,BlueDart,11,11,No,Yes,No,0
SHP-01038,ORD-01038,SUP-05,13-06-2025,16-06-2025,27-06-2025,Ekart,4,4,No,Yes,No,0
SHP-01039,ORD-01039,SUP-01,14-06-2025,19-06-2025,29-06-2025,DHL,8,13,No,No,No,0
SHP-01040,ORD-01040,SUP-01,12-06-2025,16-06-2025,25-06-2025,FedEx,21,21,No,Yes,No,0
SHP-01041,ORD-01041,SUP-02,13-06-2025,18-06-2025,17-06-2025,Ekart,10,10,Yes,Yes,Yes,1
SHP-01042,ORD-01042,SUP-07,12-06-2025,17-06-2025,26-06-2025,Delhivery,22,22,No,Yes,No,0
SHP-01043,ORD-01043,SUP-07,12-06-2025,22-06-2025,26-06-2025,Ekart,13,13,No,Yes,No,0
SHP-01044,ORD-01044,SUP-08,14-06-2025,21-06-2025,29-06-2025,Delhivery,59,59,No,Yes,No,0
SHP-01045,ORD-01045,SUP-04,14-06-2025,15-06-2025,19-06-2025,Ekart,22,22,No,Yes,No,0
SHP-01046,ORD-01046,SUP-06,14-06-2025,22-06-2025,20-06-2025,DHL,13,13,Yes,Yes,Yes,1
SHP-01047,ORD-01047,SUP-08,15-06-2025,22-06-2025,30-06-2025,FedEx,7,13,No,No,No,0
SHP-01048,ORD-01048,SUP-08,13-06-2025,19-06-2025,29-06-2025,Delhivery,41,41,No,Yes,No,0
SHP-01049,ORD-01049,SUP-04,14-06-2025,22-06-2025,24-06-2025,BlueDart,27,27,No,Yes,No,0
SHP-01050,ORD-01050,SUP-05,14-06-2025,21-06-2025,27-06-2025,Ekart,10,10,No,Yes,No,0
SHP-01051,ORD-01051,SUP-02,16-06-2025,22-06-2025,21-06-2025,Delhivery,7,7,Yes,Yes,Yes,1
SHP-01052,ORD-01052,SUP-08,15-06-2025,24-06-2025,30-06-2025,Delhivery,12,12,No,Yes,No,0
SHP-01053,ORD-01053,SUP-04,16-06-2025,18-06-2025,22-06-2025,DHL,41,41,No,Yes,No,0
SHP-01054,ORD-01054,SUP-04,15-06-2025,19-06-2025,21-06-2025,FedEx,49,49,No,Yes,No,0
SHP-01055,ORD-01055,SUP-05,15-06-2025,21-06-2025,27-06-2025,FedEx,11,11,No,Yes,No,0
SHP-01056,ORD-01056,SUP-05,14-06-2025,23-06-2025,26-06-2025,FedEx,9,9,No,Yes,No,0
SHP-01057,ORD-01057,SUP-06,17-06-2025,21-06-2025,24-06-2025,DHL,17,17,No,Yes,No,0
SHP-01058,ORD-01058,SUP-08,16-06-2025,20-06-2025,30-06-2025,BlueDart,20,20,No,Yes,No,0
SHP-01059,ORD-01059,SUP-04,15-06-2025,19-06-2025,23-06-2025,BlueDart,46,46,No,Yes,No,0
SHP-01060,ORD-01060,SUP-05,16-06-2025,21-06-2025,29-06-2025,FedEx,5,8,No,No,No,0
SHP-01061,ORD-01061,SUP-06,16-06-2025,22-06-2025,23-06-2025,DHL,25,27,No,No,No,0
SHP-01062,ORD-01062,SUP-06,18-06-2025,22-06-2025,25-06-2025,Ekart,35,35,No,Yes,No,0
SHP-01063,ORD-01063,SUP-02,18-06-2025,23-06-2025,23-06-2025,BlueDart,16,16,Yes,Yes,Yes,1
SHP-01064,ORD-01064,SUP-07,18-06-2025,26-06-2025,06-07-2025,FedEx,9,17,No,No,No,0
SHP-01065,ORD-01065,SUP-04,18-06-2025,25-06-2025,28-06-2025,Ekart,41,41,No,Yes,No,0
SHP-01066,ORD-01066,SUP-04,18-06-2025,19-06-2025,24-06-2025,Ekart,46,51,No,No,No,0
SHP-01067,ORD-01067,SUP-05,17-06-2025,19-06-2025,04-07-2025,DHL,4,4,No,Yes,No,0
SHP-01068,ORD-01068,SUP-01,19-06-2025,26-06-2025,02-07-2025,DHL,22,22,No,Yes,No,0
SHP-01069,ORD-01069,SUP-06,17-06-2025,22-06-2025,28-06-2025,FedEx,18,18,No,Yes,No,0
SHP-01070,ORD-01070,SUP-07,17-06-2025,25-06-2025,30-06-2025,FedEx,13,13,No,Yes,No,0
SHP-01071,ORD-01071,SUP-03,17-06-2025,22-06-2025,25-06-2025,DHL,15,15,No,Yes,No,0
SHP-01072,ORD-01072,SUP-04,17-06-2025,24-06-2025,23-06-2025,Ekart,41,41,Yes,Yes,Yes,1
SHP-01073,ORD-01073,SUP-04,19-06-2025,27-06-2025,25-06-2025,FedEx,33,33,Yes,Yes,Yes,1
SHP-01074,ORD-01074,SUP-06,20-06-2025,24-06-2025,29-06-2025,Ekart,49,49,No,Yes,No,0
SHP-01075,ORD-01075,SUP-01,20-06-2025,28-06-2025,03-07-2025,DHL,22,22,No,Yes,No,0
SHP-01076,ORD-01076,SUP-07,19-06-2025,26-06-2025,02-07-2025,BlueDart,29,29,No,Yes,No,0
SHP-01077,ORD-01077,SUP-03,20-06-2025,26-06-2025,23-06-2025,Ekart,13,13,Yes,Yes,Yes,1
SHP-01078,ORD-01078,SUP-03,19-06-2025,23-06-2025,23-06-2025,FedEx,15,15,Yes,Yes,Yes,1
SHP-01079,ORD-01079,SUP-04,18-06-2025,23-06-2025,25-06-2025,DHL,24,27,No,No,No,0
SHP-01080,ORD-01080,SUP-05,18-06-2025,28-06-2025,30-06-2025,BlueDart,26,26,No,Yes,No,0
SHP-01081,ORD-01081,SUP-05,18-06-2025,27-06-2025,30-06-2025,DHL,7,7,No,Yes,No,0
SHP-01082,ORD-01082,SUP-06,20-06-2025,23-06-2025,27-06-2025,BlueDart,4,9,No,No,No,0
SHP-01083,ORD-01083,SUP-02,19-06-2025,29-06-2025,26-06-2025,Ekart,20,20,Yes,Yes,Yes,1
SHP-01084,ORD-01084,SUP-08,19-06-2025,22-06-2025,05-07-2025,DHL,12,12,No,Yes,No,0
SHP-01085,ORD-01085,SUP-08,19-06-2025,28-06-2025,08-07-2025,BlueDart,45,45,No,Yes,No,0
SHP-01086,ORD-01086,SUP-03,21-06-2025,25-06-2025,25-06-2025,DHL,20,20,Yes,Yes,Yes,1
SHP-01087,ORD-01087,SUP-04,21-06-2025,28-06-2025,27-06-2025,Ekart,38,43,Yes,No,No,0
SHP-01088,ORD-01088,SUP-04,19-06-2025,29-06-2025,26-06-2025,Ekart,32,32,Yes,Yes,Yes,1
SHP-01089,ORD-01089,SUP-05,19-06-2025,25-06-2025,04-07-2025,DHL,8,8,No,Yes,No,0
SHP-01090,ORD-01090,SUP-06,20-06-2025,29-06-2025,27-06-2025,FedEx,40,42,Yes,No,No,0
SHP-01091,ORD-01091,SUP-07,20-06-2025,28-06-2025,04-07-2025,DHL,12,12,No,Yes,No,0
SHP-01092,ORD-01092,SUP-04,20-06-2025,30-06-2025,26-06-2025,BlueDart,39,40,Yes,No,No,0
SHP-01093,ORD-01093,SUP-05,21-06-2025,26-06-2025,04-07-2025,BlueDart,39,39,No,Yes,No,0
SHP-01094,ORD-01094,SUP-05,20-06-2025,23-06-2025,02-07-2025,Delhivery,9,9,No,Yes,No,0
SHP-01095,ORD-01095,SUP-06,22-06-2025,28-06-2025,01-07-2025,BlueDart,16,16,No,Yes,No,0
SHP-01096,ORD-01096,SUP-02,21-06-2025,01-07-2025,25-06-2025,Delhivery,15,15,Yes,Yes,Yes,1
SHP-01097,ORD-01097,SUP-08,22-06-2025,29-06-2025,09-07-2025,Delhivery,15,21,No,No,No,0
SHP-01098,ORD-01098,SUP-04,23-06-2025,28-06-2025,30-06-2025,FedEx,42,48,No,No,No,0
SHP-01099,ORD-01099,SUP-04,23-06-2025,28-06-2025,29-06-2025,FedEx,70,72,No,No,No,0
SHP-01100,ORD-01100,SUP-04,21-06-2025,24-06-2025,27-06-2025,Ekart,38,38,No,Yes,No,0
SHP-01101,ORD-01101,SUP-05,21-06-2025,30-06-2025,08-07-2025,Ekart,30,30,No,Yes,No,0
SHP-01102,ORD-01102,SUP-05,21-06-2025,29-06-2025,04-07-2025,BlueDart,8,8,No,Yes,No,0
SHP-01103,ORD-01103,SUP-06,22-06-2025,25-06-2025,29-06-2025,Ekart,34,38,No,No,No,0
SHP-01104,ORD-01104,SUP-06,24-06-2025,27-06-2025,30-06-2025,FedEx,41,41,No,Yes,No,0
SHP-01105,ORD-01105,SUP-02,24-06-2025,28-06-2025,29-06-2025,Delhivery,8,8,No,Yes,No,0
SHP-01106,ORD-01106,SUP-02,22-06-2025,01-07-2025,01-07-2025,DHL,8,8,Yes,Yes,Yes,1
SHP-01107,ORD-01107,SUP-08,24-06-2025,02-07-2025,09-07-2025,FedEx,18,18,No,Yes,No,0
SHP-01108,ORD-01108,SUP-04,24-06-2025,01-07-2025,30-06-2025,BlueDart,55,55,Yes,Yes,Yes,1
SHP-01109,ORD-01109,SUP-04,22-06-2025,01-07-2025,28-06-2025,Delhivery,24,24,Yes,Yes,Yes,1
SHP-01110,ORD-01110,SUP-04,22-06-2025,01-07-2025,28-06-2025,DHL,15,15,Yes,Yes,Yes,1
SHP-01111,ORD-01111,SUP-05,22-06-2025,30-06-2025,05-07-2025,BlueDart,27,27,No,Yes,No,0
SHP-01112,ORD-01112,SUP-05,22-06-2025,01-07-2025,05-07-2025,Delhivery,6,6,No,Yes,No,0
SHP-01113,ORD-01113,SUP-06,23-06-2025,30-06-2025,30-06-2025,BlueDart,17,17,Yes,Yes,Yes,1
SHP-01114,ORD-01114,SUP-07,24-06-2025,29-06-2025,10-07-2025,FedEx,13,13,No,Yes,No,0
SHP-01115,ORD-01115,SUP-04,24-06-2025,01-07-2025,01-07-2025,FedEx,8,11,Yes,No,No,0
SHP-01116,ORD-01116,SUP-05,24-06-2025,27-06-2025,06-07-2025,Delhivery,36,36,No,Yes,No,0
SHP-01117,ORD-01117,SUP-05,24-06-2025,27-06-2025,06-07-2025,Ekart,7,7,No,Yes,No,0
SHP-01118,ORD-01118,SUP-05,25-06-2025,29-06-2025,09-07-2025,DHL,10,13,No,No,No,0
SHP-01119,ORD-01119,SUP-06,26-06-2025,29-06-2025,03-07-2025,DHL,16,16,No,Yes,No,0
SHP-01120,ORD-01120,SUP-02,25-06-2025,28-06-2025,29-06-2025,Ekart,19,21,No,No,No,0
SHP-01121,ORD-01121,SUP-02,25-06-2025,02-07-2025,01-07-2025,BlueDart,28,28,Yes,Yes,Yes,1
SHP-01122,ORD-01122,SUP-04,25-06-2025,27-06-2025,02-07-2025,DHL,33,33,No,Yes,No,0
SHP-01123,ORD-01123,SUP-07,26-06-2025,30-06-2025,10-07-2025,Ekart,8,8,No,Yes,No,0
SHP-01124,ORD-01124,SUP-08,25-06-2025,02-07-2025,10-07-2025,BlueDart,11,11,No,Yes,No,0
SHP-01125,ORD-01125,SUP-04,27-06-2025,29-06-2025,04-07-2025,FedEx,22,22,No,Yes,No,0
SHP-01126,ORD-01126,SUP-05,25-06-2025,05-07-2025,09-07-2025,FedEx,9,9,No,Yes,No,0
SHP-01127,ORD-01127,SUP-01,28-06-2025,04-07-2025,10-07-2025,FedEx,20,20,No,Yes,No,0
SHP-01128,ORD-01128,SUP-06,28-06-2025,05-07-2025,09-07-2025,BlueDart,24,24,No,Yes,No,0
SHP-01129,ORD-01129,SUP-07,27-06-2025,04-07-2025,10-07-2025,FedEx,5,9,No,No,No,0
SHP-01130,ORD-01130,SUP-02,26-06-2025,29-06-2025,05-07-2025,Delhivery,33,33,No,Yes,No,0
SHP-01131,ORD-01131,SUP-07,28-06-2025,01-07-2025,12-07-2025,DHL,8,8,No,Yes,No,0
SHP-01132,ORD-01132,SUP-08,26-06-2025,29-06-2025,12-07-2025,Ekart,22,26,No,No,No,0
SHP-01133,ORD-01133,SUP-08,27-06-2025,03-07-2025,12-07-2025,Delhivery,12,12,No,Yes,No,0
SHP-01134,ORD-01134,SUP-05,26-06-2025,04-07-2025,08-07-2025,Delhivery,4,4,No,Yes,No,0
SHP-01135,ORD-01135,SUP-06,29-06-2025,07-07-2025,08-07-2025,DHL,9,10,No,No,No,0
SHP-01136,ORD-01136,SUP-07,27-06-2025,03-07-2025,11-07-2025,BlueDart,35,35,No,Yes,No,0
SHP-01137,ORD-01137,SUP-02,27-06-2025,02-07-2025,01-07-2025,FedEx,10,10,Yes,Yes,Yes,1
SHP-01138,ORD-01138,SUP-03,28-06-2025,04-07-2025,04-07-2025,FedEx,20,20,Yes,Yes,Yes,1
SHP-01139,ORD-01139,SUP-08,27-06-2025,04-07-2025,13-07-2025,BlueDart,30,31,No,No,No,0
SHP-01140,ORD-01140,SUP-04,27-06-2025,30-06-2025,03-07-2025,BlueDart,28,29,No,No,No,0
SHP-01141,ORD-01141,SUP-05,28-06-2025,01-07-2025,12-07-2025,Delhivery,9,9,No,Yes,No,0
SHP-01142,ORD-01142,SUP-01,28-06-2025,06-07-2025,13-07-2025,FedEx,38,38,No,Yes,No,0
SHP-01143,ORD-01143,SUP-06,30-06-2025,03-07-2025,09-07-2025,FedEx,15,15,No,Yes,No,0
SHP-01144,ORD-01144,SUP-02,30-06-2025,06-07-2025,09-07-2025,DHL,22,22,No,Yes,No,0
SHP-01145,ORD-01145,SUP-02,30-06-2025,07-07-2025,05-07-2025,DHL,20,20,Yes,Yes,Yes,1
SHP-01146,ORD-01146,SUP-08,28-06-2025,03-07-2025,12-07-2025,Delhivery,13,18,No,No,No,0
SHP-01147,ORD-01147,SUP-03,29-06-2025,07-07-2025,02-07-2025,Delhivery,28,28,Yes,Yes,Yes,1
SHP-01148,ORD-01148,SUP-05,28-06-2025,03-07-2025,10-07-2025,BlueDart,8,8,No,Yes,No,0
SHP-01149,ORD-01149,SUP-08,29-06-2025,03-07-2025,16-07-2025,DHL,17,17,No,Yes,No,0
SHP-01150,ORD-01150,SUP-08,30-06-2025,07-07-2025,16-07-2025,Delhivery,50,55,No,No,No,0
SHP-01151,ORD-01151,SUP-03,29-06-2025,07-07-2025,05-07-2025,BlueDart,23,23,Yes,Yes,Yes,1
SHP-01152,ORD-01152,SUP-04,30-06-2025,08-07-2025,06-07-2025,Delhivery,33,33,Yes,Yes,Yes,1
SHP-01153,ORD-01153,SUP-05,30-06-2025,03-07-2025,13-07-2025,FedEx,1,7,No,No,No,0
SHP-01154,ORD-01154,SUP-05,30-06-2025,02-07-2025,14-07-2025,DHL,5,5,No,Yes,No,0
SHP-01155,ORD-01155,SUP-04,01-07-2025,08-07-2025,07-07-2025,BlueDart,12,13,Yes,No,No,0
SHP-01156,ORD-01156,SUP-04,02-07-2025,09-07-2025,08-07-2025,BlueDart,32,32,Yes,Yes,Yes,1
SHP-01157,ORD-01157,SUP-03,03-07-2025,04-07-2025,11-07-2025,BlueDart,31,31,No,Yes,No,0
SHP-01158,ORD-01158,SUP-04,01-07-2025,06-07-2025,09-07-2025,FedEx,35,35,No,Yes,No,0
SHP-01159,ORD-01159,SUP-05,01-07-2025,11-07-2025,14-07-2025,FedEx,20,20,No,Yes,No,0
SHP-01160,ORD-01160,SUP-05,01-07-2025,04-07-2025,15-07-2025,BlueDart,2,2,No,Yes,No,0
SHP-01161,ORD-01161,SUP-05,02-07-2025,09-07-2025,17-07-2025,Delhivery,9,9,No,Yes,No,0
SHP-01162,ORD-01162,SUP-06,02-07-2025,06-07-2025,13-07-2025,Delhivery,35,35,No,Yes,No,0
SHP-01163,ORD-01163,SUP-06,03-07-2025,07-07-2025,10-07-2025,Delhivery,21,21,No,Yes,No,0
SHP-01164,ORD-01164,SUP-07,03-07-2025,10-07-2025,16-07-2025,Delhivery,19,21,No,No,No,0
SHP-01165,ORD-01165,SUP-02,04-07-2025,10-07-2025,09-07-2025,DHL,16,16,Yes,Yes,Yes,1
SHP-01166,ORD-01166,SUP-03,04-07-2025,08-07-2025,07-07-2025,BlueDart,21,21,Yes,Yes,Yes,1
SHP-01167,ORD-01167,SUP-04,04-07-2025,12-07-2025,10-07-2025,BlueDart,28,28,Yes,Yes,Yes,1
SHP-01168,ORD-01168,SUP-05,04-07-2025,05-07-2025,21-07-2025,BlueDart,28,28,No,Yes,No,0
SHP-01169,ORD-01169,SUP-05,02-07-2025,06-07-2025,15-07-2025,Delhivery,5,5,No,Yes,No,0
SHP-01170,ORD-01170,SUP-01,04-07-2025,12-07-2025,17-07-2025,BlueDart,28,28,No,Yes,No,0
SHP-01171,ORD-01171,SUP-02,03-07-2025,09-07-2025,09-07-2025,Delhivery,21,21,Yes,Yes,Yes,1
SHP-01172,ORD-01172,SUP-08,03-07-2025,13-07-2025,17-07-2025,Delhivery,35,38,No,No,No,0
SHP-01173,ORD-01173,SUP-04,05-07-2025,10-07-2025,13-07-2025,FedEx,66,66,No,Yes,No,0
SHP-01174,ORD-01174,SUP-04,04-07-2025,11-07-2025,09-07-2025,Ekart,28,33,Yes,No,No,0
SHP-01175,ORD-01175,SUP-05,03-07-2025,10-07-2025,16-07-2025,FedEx,8,8,No,Yes,No,0
SHP-01176,ORD-01176,SUP-07,04-07-2025,12-07-2025,22-07-2025,DHL,7,7,No,Yes,No,0
SHP-01177,ORD-01177,SUP-04,05-07-2025,10-07-2025,13-07-2025,Delhivery,27,32,No,No,No,0
SHP-01178,ORD-01178,SUP-04,05-07-2025,09-07-2025,11-07-2025,DHL,28,28,No,Yes,No,0
SHP-01179,ORD-01179,SUP-05,04-07-2025,14-07-2025,16-07-2025,DHL,31,31,No,Yes,No,0
SHP-01180,ORD-01180,SUP-01,05-07-2025,08-07-2025,18-07-2025,Delhivery,17,17,No,Yes,No,0
SHP-01181,ORD-01181,SUP-07,06-07-2025,13-07-2025,24-07-2025,DHL,13,17,No,No,No,0
SHP-01182,ORD-01182,SUP-08,05-07-2025,13-07-2025,20-07-2025,Ekart,16,16,No,Yes,No,0
SHP-01183,ORD-01183,SUP-03,05-07-2025,13-07-2025,09-07-2025,Delhivery,19,19,Yes,Yes,Yes,1
SHP-01184,ORD-01184,SUP-05,07-07-2025,15-07-2025,20-07-2025,BlueDart,11,11,No,Yes,No,0
SHP-01185,ORD-01185,SUP-05,06-07-2025,11-07-2025,21-07-2025,DHL,9,9,No,Yes,No,0
SHP-01186,ORD-01186,SUP-06,06-07-2025,13-07-2025,17-07-2025,Ekart,10,12,No,No,No,0
SHP-01187,ORD-01187,SUP-06,07-07-2025,11-07-2025,18-07-2025,Ekart,42,42,No,Yes,No,0
SHP-01188,ORD-01188,SUP-07,08-07-2025,12-07-2025,22-07-2025,BlueDart,42,42,No,Yes,No,0
SHP-01189,ORD-01189,SUP-02,08-07-2025,13-07-2025,12-07-2025,DHL,7,7,Yes,Yes,Yes,1
SHP-01190,ORD-01190,SUP-03,06-07-2025,15-07-2025,10-07-2025,BlueDart,1,1,Yes,Yes,Yes,1
SHP-01191,ORD-01191,SUP-08,08-07-2025,10-07-2025,24-07-2025,DHL,23,23,No,Yes,No,0
SHP-01192,ORD-01192,SUP-04,06-07-2025,12-07-2025,12-07-2025,DHL,18,18,Yes,Yes,Yes,1
SHP-01193,ORD-01193,SUP-05,07-07-2025,09-07-2025,19-07-2025,FedEx,6,6,No,Yes,No,0
SHP-01194,ORD-01194,SUP-06,09-07-2025,11-07-2025,16-07-2025,Delhivery,20,20,No,Yes,No,0
SHP-01195,ORD-01195,SUP-01,08-07-2025,11-07-2025,25-07-2025,DHL,29,29,No,Yes,No,0
SHP-01196,ORD-01196,SUP-07,07-07-2025,10-07-2025,21-07-2025,Delhivery,20,20,No,Yes,No,0
SHP-01197,ORD-01197,SUP-02,08-07-2025,10-07-2025,15-07-2025,DHL,2,2,No,Yes,No,0
SHP-01198,ORD-01198,SUP-05,07-07-2025,10-07-2025,19-07-2025,Ekart,29,29,No,Yes,No,0
SHP-01199,ORD-01199,SUP-05,07-07-2025,12-07-2025,21-07-2025,Ekart,7,7,No,Yes,No,0
SHP-01200,ORD-01200,SUP-05,08-07-2025,16-07-2025,21-07-2025,Delhivery,1,8,No,No,No,0
SHP-01201,ORD-01201,SUP-06,08-07-2025,17-07-2025,15-07-2025,DHL,31,31,Yes,Yes,Yes,1
SHP-01202,ORD-01202,SUP-02,10-07-2025,12-07-2025,14-07-2025,DHL,15,15,No,Yes,No,0
SHP-01203,ORD-01203,SUP-08,10-07-2025,12-07-2025,24-07-2025,FedEx,42,42,No,Yes,No,0
SHP-01204,ORD-01204,SUP-04,08-07-2025,15-07-2025,14-07-2025,BlueDart,44,44,Yes,Yes,Yes,1
SHP-01205,ORD-01205,SUP-05,08-07-2025,13-07-2025,20-07-2025,DHL,21,27,No,No,No,0
SHP-01206,ORD-01206,SUP-01,11-07-2025,14-07-2025,26-07-2025,Delhivery,36,36,No,Yes,No,0
SHP-01207,ORD-01207,SUP-01,09-07-2025,12-07-2025,21-07-2025,BlueDart,14,14,No,Yes,No,0
SHP-01208,ORD-01208,SUP-06,11-07-2025,12-07-2025,20-07-2025,FedEx,45,45,No,Yes,No,0
SHP-01209,ORD-01209,SUP-02,09-07-2025,13-07-2025,14-07-2025,BlueDart,10,17,No,No,No,0
SHP-01210,ORD-01210,SUP-03,09-07-2025,17-07-2025,13-07-2025,BlueDart,29,33,Yes,No,No,0
SHP-01211,ORD-01211,SUP-04,11-07-2025,12-07-2025,21-07-2025,Ekart,46,46,No,Yes,No,0
SHP-01212,ORD-01212,SUP-05,09-07-2025,19-07-2025,21-07-2025,BlueDart,11,11,No,Yes,No,0
SHP-01213,ORD-01213,SUP-01,10-07-2025,13-07-2025,23-07-2025,FedEx,8,8,No,Yes,No,0
SHP-01214,ORD-01214,SUP-01,10-07-2025,13-07-2025,22-07-2025,FedEx,49,49,No,Yes,No,0
SHP-01215,ORD-01215,SUP-02,12-07-2025,18-07-2025,21-07-2025,Ekart,7,7,No,Yes,No,0
SHP-01216,ORD-01216,SUP-07,10-07-2025,17-07-2025,28-07-2025,FedEx,32,32,No,Yes,No,0
SHP-01217,ORD-01217,SUP-03,11-07-2025,13-07-2025,17-07-2025,BlueDart,32,32,No,Yes,No,0
SHP-01218,ORD-01218,SUP-04,10-07-2025,15-07-2025,17-07-2025,FedEx,35,35,No,Yes,No,0
SHP-01219,ORD-01219,SUP-04,11-07-2025,18-07-2025,16-07-2025,BlueDart,42,42,Yes,Yes,Yes,1
SHP-01220,ORD-01220,SUP-01,12-07-2025,16-07-2025,25-07-2025,Ekart,23,23,No,Yes,No,0
SHP-01221,ORD-01221,SUP-01,13-07-2025,20-07-2025,25-07-2025,Ekart,24,27,No,No,No,0
SHP-01222,ORD-01222,SUP-08,13-07-2025,16-07-2025,30-07-2025,FedEx,46,49,No,No,No,0
SHP-01223,ORD-01223,SUP-03,13-07-2025,21-07-2025,17-07-2025,FedEx,23,23,Yes,Yes,Yes,1
SHP-01224,ORD-01224,SUP-05,12-07-2025,20-07-2025,24-07-2025,Ekart,8,8,No,Yes,No,0
SHP-01225,ORD-01225,SUP-01,14-07-2025,22-07-2025,27-07-2025,Delhivery,21,21,No,Yes,No,0
SHP-01226,ORD-01226,SUP-02,12-07-2025,18-07-2025,19-07-2025,Ekart,19,19,No,Yes,No,0
SHP-01227,ORD-01227,SUP-08,13-07-2025,17-07-2025,28-07-2025,BlueDart,10,10,No,Yes,No,0
SHP-01228,ORD-01228,SUP-03,13-07-2025,16-07-2025,17-07-2025,BlueDart,32,32,No,Yes,No,0
SHP-01229,ORD-01229,SUP-04,13-07-2025,20-07-2025,20-07-2025,BlueDart,54,54,Yes,Yes,Yes,1
SHP-01230,ORD-01230,SUP-05,13-07-2025,22-07-2025,27-07-2025,DHL,22,28,No,No,No,0
SHP-01231,ORD-01231,SUP-05,14-07-2025,16-07-2025,26-07-2025,DHL,2,7,No,No,No,0
SHP-01232,ORD-01232,SUP-05,12-07-2025,16-07-2025,25-07-2025,Delhivery,11,11,No,Yes,No,0
SHP-01233,ORD-01233,SUP-01,13-07-2025,19-07-2025,26-07-2025,FedEx,36,36,No,Yes,No,0
SHP-01234,ORD-01234,SUP-06,15-07-2025,20-07-2025,22-07-2025,DHL,37,37,No,Yes,No,0
SHP-01235,ORD-01235,SUP-08,15-07-2025,22-07-2025,30-07-2025,DHL,24,32,No,No,No,0
SHP-01236,ORD-01236,SUP-04,14-07-2025,22-07-2025,21-07-2025,Delhivery,42,42,Yes,Yes,Yes,1
SHP-01237,ORD-01237,SUP-05,15-07-2025,23-07-2025,30-07-2025,Delhivery,6,6,No,Yes,No,0
SHP-01238,ORD-01238,SUP-05,14-07-2025,17-07-2025,26-07-2025,FedEx,13,13,No,Yes,No,0
SHP-01239,ORD-01239,SUP-06,14-07-2025,24-07-2025,21-07-2025,BlueDart,36,44,Yes,No,No,0
SHP-01240,ORD-01240,SUP-01,14-07-2025,19-07-2025,27-07-2025,Delhivery,10,15,No,No,No,0
SHP-01241,ORD-01241,SUP-07,14-07-2025,23-07-2025,30-07-2025,BlueDart,29,29,No,Yes,No,0
SHP-01242,ORD-01242,SUP-02,16-07-2025,17-07-2025,21-07-2025,DHL,19,19,No,Yes,No,0
SHP-01243,ORD-01243,SUP-03,14-07-2025,23-07-2025,17-07-2025,FedEx,50,52,Yes,No,No,0
SHP-01244,ORD-01244,SUP-04,14-07-2025,23-07-2025,20-07-2025,BlueDart,34,34,Yes,Yes,Yes,1
SHP-01245,ORD-01245,SUP-04,14-07-2025,21-07-2025,20-07-2025,FedEx,25,25,Yes,Yes,Yes,1
SHP-01246,ORD-01246,SUP-04,16-07-2025,19-07-2025,22-07-2025,Ekart,22,22,No,Yes,No,0
SHP-01247,ORD-01247,SUP-05,16-07-2025,23-07-2025,29-07-2025,Delhivery,32,32,No,Yes,No,0
SHP-01248,ORD-01248,SUP-05,16-07-2025,18-07-2025,02-08-2025,DHL,11,11,No,Yes,No,0
SHP-01249,ORD-01249,SUP-05,15-07-2025,23-07-2025,29-07-2025,DHL,10,11,No,No,No,0
SHP-01250,ORD-01250,SUP-01,15-07-2025,24-07-2025,01-08-2025,FedEx,17,17,No,Yes,No,0
SHP-01251,ORD-01251,SUP-06,16-07-2025,21-07-2025,27-07-2025,FedEx,42,42,No,Yes,No,0
SHP-01252,ORD-01252,SUP-07,15-07-2025,22-07-2025,29-07-2025,Ekart,12,12,No,Yes,No,0
SHP-01253,ORD-01253,SUP-08,16-07-2025,19-07-2025,02-08-2025,BlueDart,23,23,No,Yes,No,0
SHP-01254,ORD-01254,SUP-01,18-07-2025,26-07-2025,04-08-2025,FedEx,25,33,No,No,No,0
SHP-01255,ORD-01255,SUP-06,16-07-2025,25-07-2025,23-07-2025,DHL,22,22,Yes,Yes,Yes,1
SHP-01256,ORD-01256,SUP-08,18-07-2025,20-07-2025,01-08-2025,DHL,5,5,No,Yes,No,0
SHP-01257,ORD-01257,SUP-03,17-07-2025,23-07-2025,25-07-2025,BlueDart,48,48,No,Yes,No,0
SHP-01258,ORD-01258,SUP-04,16-07-2025,26-07-2025,22-07-2025,BlueDart,31,31,Yes,Yes,Yes,1
SHP-01259,ORD-01259,SUP-05,17-07-2025,24-07-2025,03-08-2025,DHL,38,38,No,Yes,No,0
SHP-01260,ORD-01260,SUP-05,17-07-2025,22-07-2025,03-08-2025,Delhivery,8,8,No,Yes,No,0
SHP-01261,ORD-01261,SUP-01,18-07-2025,26-07-2025,30-07-2025,BlueDart,27,27,No,Yes,No,0
SHP-01262,ORD-01262,SUP-06,17-07-2025,20-07-2025,23-07-2025,FedEx,16,16,No,Yes,No,0
SHP-01263,ORD-01263,SUP-02,18-07-2025,27-07-2025,23-07-2025,FedEx,22,22,Yes,Yes,Yes,1
SHP-01264,ORD-01264,SUP-03,18-07-2025,27-07-2025,24-07-2025,Delhivery,9,9,Yes,Yes,Yes,1
SHP-01265,ORD-01265,SUP-04,18-07-2025,24-07-2025,24-07-2025,Delhivery,44,44,Yes,Yes,Yes,1
SHP-01266,ORD-01266,SUP-04,17-07-2025,20-07-2025,23-07-2025,BlueDart,39,39,No,Yes,No,0
SHP-01267,ORD-01267,SUP-04,19-07-2025,20-07-2025,29-07-2025,FedEx,22,22,No,Yes,No,0
SHP-01268,ORD-01268,SUP-05,18-07-2025,20-07-2025,30-07-2025,DHL,27,30,No,No,No,0
SHP-01269,ORD-01269,SUP-05,18-07-2025,20-07-2025,02-08-2025,Delhivery,6,6,No,Yes,No,0
SHP-01270,ORD-01270,SUP-06,18-07-2025,24-07-2025,26-07-2025,DHL,19,19,No,Yes,No,0
SHP-01271,ORD-01271,SUP-01,19-07-2025,24-07-2025,01-08-2025,Delhivery,37,37,No,Yes,No,0
SHP-01272,ORD-01272,SUP-02,19-07-2025,22-07-2025,26-07-2025,Delhivery,14,14,No,Yes,No,0
SHP-01273,ORD-01273,SUP-02,19-07-2025,26-07-2025,23-07-2025,Delhivery,5,5,Yes,Yes,Yes,1
SHP-01274,ORD-01274,SUP-08,18-07-2025,27-07-2025,04-08-2025,FedEx,18,18,No,Yes,No,0
SHP-01275,ORD-01275,SUP-04,19-07-2025,27-07-2025,27-07-2025,Delhivery,30,33,Yes,No,No,0
SHP-01276,ORD-01276,SUP-04,20-07-2025,24-07-2025,27-07-2025,Ekart,45,45,No,Yes,No,0
SHP-01277,ORD-01277,SUP-04,19-07-2025,26-07-2025,27-07-2025,DHL,31,31,No,Yes,No,0
SHP-01278,ORD-01278,SUP-05,20-07-2025,28-07-2025,04-08-2025,BlueDart,3,3,No,Yes,No,0
SHP-01279,ORD-01279,SUP-05,19-07-2025,27-07-2025,05-08-2025,BlueDart,11,11,No,Yes,No,0
SHP-01280,ORD-01280,SUP-06,19-07-2025,27-07-2025,28-07-2025,Ekart,39,39,No,Yes,No,0
SHP-01281,ORD-01281,SUP-01,20-07-2025,29-07-2025,02-08-2025,BlueDart,30,30,No,Yes,No,0
SHP-01282,ORD-01282,SUP-07,21-07-2025,22-07-2025,08-08-2025,DHL,29,29,No,Yes,No,0
SHP-01283,ORD-01283,SUP-02,20-07-2025,23-07-2025,25-07-2025,DHL,13,13,No,Yes,No,0
SHP-01284,ORD-01284,SUP-08,20-07-2025,26-07-2025,03-08-2025,Ekart,6,6,No,Yes,No,0
SHP-01285,ORD-01285,SUP-08,20-07-2025,29-07-2025,06-08-2025,DHL,33,33,No,Yes,No,0
SHP-01286,ORD-01286,SUP-03,20-07-2025,27-07-2025,28-07-2025,Delhivery,14,15,No,No,No,0
SHP-01287,ORD-01287,SUP-05,19-07-2025,27-07-2025,05-08-2025,Delhivery,43,43,No,Yes,No,0
SHP-01288,ORD-01288,SUP-05,21-07-2025,22-07-2025,07-08-2025,Delhivery,3,7,No,No,No,0
SHP-01289,ORD-01289,SUP-01,22-07-2025,25-07-2025,04-08-2025,FedEx,19,22,No,No,No,0
SHP-01290,ORD-01290,SUP-01,20-07-2025,30-07-2025,06-08-2025,DHL,16,24,No,No,No,0
SHP-01291,ORD-01291,SUP-07,21-07-2025,25-07-2025,05-08-2025,BlueDart,17,25,No,No,No,0
SHP-01292,ORD-01292,SUP-08,20-07-2025,24-07-2025,03-08-2025,Delhivery,38,38,No,Yes,No,0
SHP-01293,ORD-01293,SUP-08,20-07-2025,25-07-2025,04-08-2025,Ekart,18,18,No,Yes,No,0
SHP-01294,ORD-01294,SUP-04,22-07-2025,30-07-2025,29-07-2025,DHL,28,28,Yes,Yes,Yes,1
SHP-01295,ORD-01295,SUP-04,20-07-2025,28-07-2025,30-07-2025,Ekart,39,39,No,Yes,No,0
SHP-01296,ORD-01296,SUP-04,20-07-2025,30-07-2025,27-07-2025,Delhivery,22,22,Yes,Yes,Yes,1
SHP-01297,ORD-01297,SUP-01,21-07-2025,28-07-2025,03-08-2025,Ekart,16,16,No,Yes,No,0
SHP-01298,ORD-01298,SUP-01,21-07-2025,30-07-2025,03-08-2025,FedEx,52,52,No,Yes,No,0
SHP-01299,ORD-01299,SUP-07,22-07-2025,26-07-2025,09-08-2025,Ekart,17,24,No,No,No,0
SHP-01300,ORD-01300,SUP-02,21-07-2025,27-07-2025,26-07-2025,BlueDart,12,12,Yes,Yes,Yes,1
SHP-01301,ORD-01301,SUP-03,21-07-2025,30-07-2025,25-07-2025,FedEx,13,13,Yes,Yes,Yes,1
SHP-01302,ORD-01302,SUP-04,22-07-2025,28-07-2025,30-07-2025,DHL,45,46,No,No,No,0
SHP-01303,ORD-01303,SUP-04,21-07-2025,30-07-2025,27-07-2025,FedEx,68,68,Yes,Yes,Yes,1
SHP-01304,ORD-01304,SUP-04,22-07-2025,30-07-2025,28-07-2025,Delhivery,31,31,Yes,Yes,Yes,1
SHP-01305,ORD-01305,SUP-02,23-07-2025,25-07-2025,28-07-2025,FedEx,44,44,No,Yes,No,0
SHP-01306,ORD-01306,SUP-07,22-07-2025,01-08-2025,06-08-2025,Ekart,11,15,No,No,No,0
SHP-01307,ORD-01307,SUP-03,24-07-2025,27-07-2025,28-07-2025,DHL,4,4,No,Yes,No,0
SHP-01308,ORD-01308,SUP-04,22-07-2025,26-07-2025,28-07-2025,Ekart,19,19,No,Yes,No,0
SHP-01309,ORD-01309,SUP-05,22-07-2025,31-07-2025,06-08-2025,Ekart,13,13,No,Yes,No,0
SHP-01310,ORD-01310,SUP-01,23-07-2025,31-07-2025,05-08-2025,FedEx,44,44,No,Yes,No,0
SHP-01311,ORD-01311,SUP-02,25-07-2025,02-08-2025,03-08-2025,FedEx,7,9,No,No,No,0
SHP-01312,ORD-01312,SUP-03,24-07-2025,01-08-2025,30-07-2025,BlueDart,20,27,Yes,No,No,0
SHP-01313,ORD-01313,SUP-04,24-07-2025,29-07-2025,01-08-2025,FedEx,23,23,No,Yes,No,0
SHP-01314,ORD-01314,SUP-04,23-07-2025,29-07-2025,29-07-2025,Ekart,36,36,Yes,Yes,Yes,1
SHP-01315,ORD-01315,SUP-05,24-07-2025,30-07-2025,06-08-2025,DHL,32,32,No,Yes,No,0
SHP-01316,ORD-01316,SUP-06,24-07-2025,31-07-2025,31-07-2025,Ekart,26,26,Yes,Yes,Yes,1
SHP-01317,ORD-01317,SUP-06,25-07-2025,30-07-2025,05-08-2025,DHL,30,38,No,No,No,0
SHP-01318,ORD-01318,SUP-07,24-07-2025,27-07-2025,07-08-2025,BlueDart,27,28,No,No,No,0
SHP-01319,ORD-01319,SUP-03,26-07-2025,02-08-2025,29-07-2025,DHL,44,46,Yes,No,No,0
SHP-01320,ORD-01320,SUP-04,24-07-2025,02-08-2025,31-07-2025,Ekart,56,61,Yes,No,No,0
SHP-01321,ORD-01321,SUP-05,26-07-2025,01-08-2025,08-08-2025,DHL,20,23,No,No,No,0
SHP-01322,ORD-01322,SUP-05,24-07-2025,27-07-2025,06-08-2025,Delhivery,5,8,No,No,No,0
SHP-01323,ORD-01323,SUP-06,25-07-2025,30-07-2025,31-07-2025,DHL,35,41,No,No,No,0
SHP-01324,ORD-01324,SUP-06,25-07-2025,31-07-2025,31-07-2025,Delhivery,26,26,Yes,Yes,Yes,1
SHP-01325,ORD-01325,SUP-08,26-07-2025,02-08-2025,10-08-2025,BlueDart,19,19,No,Yes,No,0
SHP-01326,ORD-01326,SUP-04,26-07-2025,04-08-2025,02-08-2025,Ekart,50,50,Yes,Yes,Yes,1
SHP-01327,ORD-01327,SUP-05,27-07-2025,04-08-2025,13-08-2025,Delhivery,45,45,No,Yes,No,0
SHP-01328,ORD-01328,SUP-05,25-07-2025,31-07-2025,07-08-2025,Delhivery,6,6,No,Yes,No,0
SHP-01329,ORD-01329,SUP-07,26-07-2025,05-08-2025,10-08-2025,BlueDart,23,23,No,Yes,No,0
SHP-01330,ORD-01330,SUP-03,27-07-2025,31-07-2025,01-08-2025,Ekart,19,19,No,Yes,No,0
SHP-01331,ORD-01331,SUP-04,26-07-2025,03-08-2025,01-08-2025,DHL,41,41,Yes,Yes,Yes,1
SHP-01332,ORD-01332,SUP-04,26-07-2025,02-08-2025,01-08-2025,BlueDart,38,38,Yes,Yes,Yes,1
SHP-01333,ORD-01333,SUP-07,28-07-2025,31-07-2025,15-08-2025,DHL,15,15,No,Yes,No,0
SHP-01334,ORD-01334,SUP-02,27-07-2025,05-08-2025,31-07-2025,FedEx,31,39,Yes,No,No,0
SHP-01335,ORD-01335,SUP-03,27-07-2025,31-07-2025,31-07-2025,Ekart,15,15,Yes,Yes,Yes,1
SHP-01336,ORD-01336,SUP-08,28-07-2025,04-08-2025,12-08-2025,FedEx,20,21,No,No,No,0
SHP-01337,ORD-01337,SUP-04,29-07-2025,05-08-2025,08-08-2025,BlueDart,36,36,No,Yes,No,0
SHP-01338,ORD-01338,SUP-01,29-07-2025,03-08-2025,11-08-2025,BlueDart,39,39,No,Yes,No,0
SHP-01339,ORD-01339,SUP-01,28-07-2025,04-08-2025,10-08-2025,Delhivery,20,20,No,Yes,No,0
SHP-01340,ORD-01340,SUP-02,29-07-2025,04-08-2025,03-08-2025,FedEx,10,10,Yes,Yes,Yes,1
SHP-01341,ORD-01341,SUP-02,29-07-2025,07-08-2025,07-08-2025,FedEx,16,16,Yes,Yes,Yes,1
SHP-01342,ORD-01342,SUP-08,28-07-2025,05-08-2025,14-08-2025,FedEx,19,19,No,Yes,No,0
SHP-01343,ORD-01343,SUP-04,29-07-2025,02-08-2025,03-08-2025,Delhivery,24,24,No,Yes,No,0
SHP-01344,ORD-01344,SUP-05,30-07-2025,02-08-2025,12-08-2025,BlueDart,1,5,No,No,No,0
SHP-01345,ORD-01345,SUP-05,30-07-2025,06-08-2025,13-08-2025,DHL,1,3,No,No,No,0
SHP-01346,ORD-01346,SUP-01,30-07-2025,04-08-2025,11-08-2025,BlueDart,1,1,No,Yes,No,0
SHP-01347,ORD-01347,SUP-01,30-07-2025,01-08-2025,14-08-2025,DHL,12,12,No,Yes,No,0
SHP-01348,ORD-01348,SUP-07,29-07-2025,03-08-2025,12-08-2025,Delhivery,17,21,No,No,No,0
SHP-01349,ORD-01349,SUP-02,31-07-2025,04-08-2025,07-08-2025,BlueDart,27,31,No,No,No,0
SHP-01350,ORD-01350,SUP-07,30-07-2025,02-08-2025,14-08-2025,Delhivery,16,16,No,Yes,No,0
SHP-01351,ORD-01351,SUP-08,30-07-2025,03-08-2025,15-08-2025,DHL,21,21,No,Yes,No,0
SHP-01352,ORD-01352,SUP-08,29-07-2025,08-08-2025,13-08-2025,Ekart,38,38,No,Yes,No,0
SHP-01353,ORD-01353,SUP-03,31-07-2025,07-08-2025,08-08-2025,DHL,13,13,No,Yes,No,0
SHP-01354,ORD-01354,SUP-04,31-07-2025,02-08-2025,06-08-2025,BlueDart,37,37,No,Yes,No,0
SHP-01355,ORD-01355,SUP-05,31-07-2025,02-08-2025,13-08-2025,FedEx,7,7,No,Yes,No,0
SHP-01356,ORD-01356,SUP-06,01-08-2025,09-08-2025,08-08-2025,Delhivery,15,15,Yes,Yes,Yes,1
SHP-01357,ORD-01357,SUP-02,30-07-2025,05-08-2025,08-08-2025,DHL,11,18,No,No,No,0
SHP-01358,ORD-01358,SUP-02,31-07-2025,03-08-2025,09-08-2025,BlueDart,32,32,No,Yes,No,0
SHP-01359,ORD-01359,SUP-02,31-07-2025,06-08-2025,05-08-2025,DHL,21,21,Yes,Yes,Yes,1
SHP-01360,ORD-01360,SUP-08,31-07-2025,03-08-2025,14-08-2025,DHL,13,13,No,Yes,No,0
SHP-01361,ORD-01361,SUP-08,01-08-2025,09-08-2025,17-08-2025,Ekart,36,36,No,Yes,No,0
SHP-01362,ORD-01362,SUP-04,31-07-2025,03-08-2025,08-08-2025,FedEx,25,25,No,Yes,No,0
SHP-01363,ORD-01363,SUP-04,31-07-2025,02-08-2025,10-08-2025,FedEx,22,27,No,No,No,0
SHP-01364,ORD-01364,SUP-05,30-07-2025,06-08-2025,14-08-2025,Delhivery,28,28,No,Yes,No,0
SHP-01365,ORD-01365,SUP-05,31-07-2025,04-08-2025,13-08-2025,DHL,7,7,No,Yes,No,0
SHP-01366,ORD-01366,SUP-05,30-07-2025,02-08-2025,16-08-2025,Delhivery,10,10,No,Yes,No,0
SHP-01367,ORD-01367,SUP-01,31-07-2025,08-08-2025,13-08-2025,BlueDart,9,9,No,Yes,No,0
SHP-01368,ORD-01368,SUP-02,02-08-2025,03-08-2025,07-08-2025,FedEx,20,20,No,Yes,No,0
SHP-01369,ORD-01369,SUP-02,01-08-2025,06-08-2025,06-08-2025,Delhivery,13,20,Yes,No,No,0
SHP-01370,ORD-01370,SUP-08,31-07-2025,09-08-2025,17-08-2025,Delhivery,1,3,No,No,No,0
SHP-01371,ORD-01371,SUP-03,01-08-2025,10-08-2025,04-08-2025,Ekart,35,35,Yes,Yes,Yes,1
SHP-01372,ORD-01372,SUP-04,02-08-2025,06-08-2025,07-08-2025,Ekart,32,32,No,Yes,No,0
SHP-01373,ORD-01373,SUP-05,01-08-2025,05-08-2025,14-08-2025,FedEx,4,4,No,Yes,No,0
SHP-01374,ORD-01374,SUP-05,31-07-2025,09-08-2025,13-08-2025,DHL,12,12,No,Yes,No,0
SHP-01375,ORD-01375,SUP-06,01-08-2025,10-08-2025,09-08-2025,Delhivery,16,16,Yes,Yes,Yes,1
SHP-01376,ORD-01376,SUP-02,01-08-2025,09-08-2025,06-08-2025,BlueDart,19,19,Yes,Yes,Yes,1
SHP-01377,ORD-01377,SUP-02,03-08-2025,05-08-2025,08-08-2025,BlueDart,29,29,No,Yes,No,0
SHP-01378,ORD-01378,SUP-02,03-08-2025,05-08-2025,08-08-2025,Delhivery,10,10,No,Yes,No,0
SHP-01379,ORD-01379,SUP-04,01-08-2025,08-08-2025,07-08-2025,FedEx,28,28,Yes,Yes,Yes,1
SHP-01380,ORD-01380,SUP-05,01-08-2025,10-08-2025,15-08-2025,BlueDart,8,8,No,Yes,No,0
SHP-01381,ORD-01381,SUP-02,03-08-2025,07-08-2025,07-08-2025,Delhivery,21,21,Yes,Yes,Yes,1
SHP-01382,ORD-01382,SUP-07,03-08-2025,09-08-2025,19-08-2025,DHL,5,12,No,No,No,0
SHP-01383,ORD-01383,SUP-08,02-08-2025,07-08-2025,19-08-2025,BlueDart,23,23,No,Yes,No,0
SHP-01384,ORD-01384,SUP-04,03-08-2025,11-08-2025,13-08-2025,Delhivery,20,25,No,No,No,0
SHP-01385,ORD-01385,SUP-04,02-08-2025,11-08-2025,07-08-2025,Delhivery,40,40,Yes,Yes,Yes,1
SHP-01386,ORD-01386,SUP-05,02-08-2025,08-08-2025,15-08-2025,BlueDart,3,3,No,Yes,No,0
SHP-01387,ORD-01387,SUP-06,04-08-2025,06-08-2025,13-08-2025,BlueDart,10,14,No,No,No,0
SHP-01388,ORD-01388,SUP-03,03-08-2025,09-08-2025,11-08-2025,BlueDart,71,71,No,Yes,No,0
SHP-01389,ORD-01389,SUP-04,04-08-2025,06-08-2025,12-08-2025,DHL,17,24,No,No,No,0
SHP-01390,ORD-01390,SUP-01,04-08-2025,08-08-2025,19-08-2025,DHL,1,2,No,No,No,0
SHP-01391,ORD-01391,SUP-07,04-08-2025,08-08-2025,20-08-2025,Delhivery,20,20,No,Yes,No,0
SHP-01392,ORD-01392,SUP-08,05-08-2025,14-08-2025,22-08-2025,Ekart,24,24,No,Yes,No,0
SHP-01393,ORD-01393,SUP-04,05-08-2025,10-08-2025,11-08-2025,BlueDart,37,37,No,Yes,No,0
SHP-01394,ORD-01394,SUP-05,06-08-2025,07-08-2025,19-08-2025,Ekart,3,3,No,Yes,No,0
SHP-01395,ORD-01395,SUP-05,04-08-2025,09-08-2025,18-08-2025,DHL,8,8,No,Yes,No,0
SHP-01396,ORD-01396,SUP-06,05-08-2025,14-08-2025,12-08-2025,DHL,34,34,Yes,Yes,Yes,1
SHP-01397,ORD-01397,SUP-01,07-08-2025,09-08-2025,21-08-2025,BlueDart,14,14,No,Yes,No,0
SHP-01398,ORD-01398,SUP-06,07-08-2025,12-08-2025,15-08-2025,Delhivery,35,35,No,Yes,No,0
SHP-01399,ORD-01399,SUP-07,07-08-2025,10-08-2025,21-08-2025,DHL,9,12,No,No,No,0
SHP-01400,ORD-01400,SUP-02,06-08-2025,15-08-2025,11-08-2025,DHL,37,37,Yes,Yes,Yes,1
SHP-01401,ORD-01401,SUP-02,06-08-2025,13-08-2025,11-08-2025,DHL,11,11,Yes,Yes,Yes,1
SHP-01402,ORD-01402,SUP-08,06-08-2025,12-08-2025,25-08-2025,FedEx,18,18,No,Yes,No,0
SHP-01403,ORD-01403,SUP-08,06-08-2025,10-08-2025,22-08-2025,BlueDart,39,39,No,Yes,No,0
SHP-01404,ORD-01404,SUP-04,06-08-2025,15-08-2025,16-08-2025,Ekart,6,6,No,Yes,No,0
SHP-01405,ORD-01405,SUP-05,07-08-2025,14-08-2025,20-08-2025,Delhivery,9,9,No,Yes,No,0
SHP-01406,ORD-01406,SUP-06,08-08-2025,14-08-2025,16-08-2025,Delhivery,2,10,No,No,No,0
SHP-01407,ORD-01407,SUP-02,08-08-2025,09-08-2025,13-08-2025,DHL,23,23,No,Yes,No,0
SHP-01408,ORD-01408,SUP-02,08-08-2025,16-08-2025,12-08-2025,BlueDart,10,10,Yes,Yes,Yes,1
SHP-01409,ORD-01409,SUP-08,06-08-2025,12-08-2025,22-08-2025,DHL,17,17,No,Yes,No,0
SHP-01410,ORD-01410,SUP-04,08-08-2025,15-08-2025,14-08-2025,DHL,44,51,Yes,No,No,0
SHP-01411,ORD-01411,SUP-05,07-08-2025,11-08-2025,24-08-2025,BlueDart,13,13,No,Yes,No,0
SHP-01412,ORD-01412,SUP-01,09-08-2025,10-08-2025,26-08-2025,Ekart,32,32,No,Yes,No,0
SHP-01413,ORD-01413,SUP-01,08-08-2025,10-08-2025,23-08-2025,DHL,31,31,No,Yes,No,0
SHP-01414,ORD-01414,SUP-08,09-08-2025,16-08-2025,26-08-2025,BlueDart,12,12,No,Yes,No,0
SHP-01415,ORD-01415,SUP-04,07-08-2025,15-08-2025,13-08-2025,Ekart,37,37,Yes,Yes,Yes,1
SHP-01416,ORD-01416,SUP-04,08-08-2025,10-08-2025,14-08-2025,FedEx,49,49,No,Yes,No,0
SHP-01417,ORD-01417,SUP-04,07-08-2025,14-08-2025,14-08-2025,DHL,22,22,Yes,Yes,Yes,1
SHP-01418,ORD-01418,SUP-05,08-08-2025,12-08-2025,21-08-2025,Delhivery,5,5,No,Yes,No,0
SHP-01419,ORD-01419,SUP-05,07-08-2025,10-08-2025,20-08-2025,BlueDart,8,8,No,Yes,No,0
SHP-01420,ORD-01420,SUP-06,10-08-2025,16-08-2025,17-08-2025,BlueDart,38,38,No,Yes,No,0
SHP-01421,ORD-01421,SUP-06,10-08-2025,12-08-2025,19-08-2025,BlueDart,16,16,No,Yes,No,0
SHP-01422,ORD-01422,SUP-02,08-08-2025,14-08-2025,13-08-2025,Delhivery,39,39,Yes,Yes,Yes,1
SHP-01423,ORD-01423,SUP-03,08-08-2025,18-08-2025,16-08-2025,DHL,9,9,Yes,Yes,Yes,1
SHP-01424,ORD-01424,SUP-03,10-08-2025,13-08-2025,14-08-2025,Ekart,17,17,No,Yes,No,0
SHP-01425,ORD-01425,SUP-04,08-08-2025,16-08-2025,14-08-2025,DHL,57,57,Yes,Yes,Yes,1
SHP-01426,ORD-01426,SUP-05,09-08-2025,17-08-2025,21-08-2025,BlueDart,13,13,No,Yes,No,0
SHP-01427,ORD-01427,SUP-05,10-08-2025,11-08-2025,23-08-2025,FedEx,8,8,No,Yes,No,0
SHP-01428,ORD-01428,SUP-01,09-08-2025,12-08-2025,21-08-2025,FedEx,27,27,No,Yes,No,0
SHP-01429,ORD-01429,SUP-02,09-08-2025,13-08-2025,18-08-2025,BlueDart,19,19,No,Yes,No,0
SHP-01430,ORD-01430,SUP-03,09-08-2025,18-08-2025,15-08-2025,FedEx,5,5,Yes,Yes,Yes,1
SHP-01431,ORD-01431,SUP-08,11-08-2025,12-08-2025,28-08-2025,BlueDart,58,58,No,Yes,No,0
SHP-01432,ORD-01432,SUP-04,11-08-2025,15-08-2025,17-08-2025,Ekart,39,39,No,Yes,No,0
SHP-01433,ORD-01433,SUP-05,10-08-2025,12-08-2025,23-08-2025,DHL,32,32,No,Yes,No,0
SHP-01434,ORD-01434,SUP-05,10-08-2025,14-08-2025,23-08-2025,Ekart,9,9,No,Yes,No,0
SHP-01435,ORD-01435,SUP-06,10-08-2025,13-08-2025,17-08-2025,Delhivery,20,20,No,Yes,No,0
SHP-01436,ORD-01436,SUP-07,11-08-2025,17-08-2025,24-08-2025,DHL,17,17,No,Yes,No,0
SHP-01437,ORD-01437,SUP-07,10-08-2025,13-08-2025,28-08-2025,DHL,10,10,No,Yes,No,0
SHP-01438,ORD-01438,SUP-03,10-08-2025,17-08-2025,18-08-2025,BlueDart,24,32,No,No,No,0
SHP-01439,ORD-01439,SUP-05,12-08-2025,17-08-2025,29-08-2025,BlueDart,6,6,No,Yes,No,0
SHP-01440,ORD-01440,SUP-06,13-08-2025,18-08-2025,22-08-2025,FedEx,22,22,No,Yes,No,0
SHP-01441,ORD-01441,SUP-06,11-08-2025,19-08-2025,18-08-2025,BlueDart,18,18,Yes,Yes,Yes,1
SHP-01442,ORD-01442,SUP-06,11-08-2025,16-08-2025,19-08-2025,BlueDart,55,55,No,Yes,No,0
SHP-01443,ORD-01443,SUP-07,11-08-2025,16-08-2025,29-08-2025,Delhivery,6,6,No,Yes,No,0
SHP-01444,ORD-01444,SUP-02,13-08-2025,16-08-2025,19-08-2025,Delhivery,9,9,No,Yes,No,0
SHP-01445,ORD-01445,SUP-08,11-08-2025,21-08-2025,27-08-2025,Delhivery,43,49,No,No,No,0
SHP-01446,ORD-01446,SUP-03,12-08-2025,16-08-2025,15-08-2025,BlueDart,25,25,Yes,Yes,Yes,1
SHP-01447,ORD-01447,SUP-04,12-08-2025,14-08-2025,19-08-2025,FedEx,63,63,No,Yes,No,0
SHP-01448,ORD-01448,SUP-05,11-08-2025,14-08-2025,23-08-2025,Ekart,28,28,No,Yes,No,0
SHP-01449,ORD-01449,SUP-01,12-08-2025,22-08-2025,27-08-2025,DHL,23,23,No,Yes,No,0
SHP-01450,ORD-01450,SUP-06,14-08-2025,17-08-2025,23-08-2025,BlueDart,51,51,No,Yes,No,0
SHP-01451,ORD-01451,SUP-02,13-08-2025,15-08-2025,18-08-2025,Ekart,25,25,No,Yes,No,0
SHP-01452,ORD-01452,SUP-07,13-08-2025,21-08-2025,26-08-2025,Ekart,13,13,No,Yes,No,0
SHP-01453,ORD-01453,SUP-03,12-08-2025,19-08-2025,17-08-2025,Ekart,33,33,Yes,Yes,Yes,1
SHP-01454,ORD-01454,SUP-05,12-08-2025,19-08-2025,24-08-2025,Ekart,7,7,No,Yes,No,0
SHP-01455,ORD-01455,SUP-01,14-08-2025,16-08-2025,27-08-2025,Ekart,56,56,No,Yes,No,0
SHP-01456,ORD-01456,SUP-06,15-08-2025,21-08-2025,26-08-2025,BlueDart,11,11,No,Yes,No,0
SHP-01457,ORD-01457,SUP-02,15-08-2025,20-08-2025,22-08-2025,BlueDart,12,12,No,Yes,No,0
SHP-01458,ORD-01458,SUP-07,15-08-2025,23-08-2025,30-08-2025,Ekart,12,20,No,No,No,0
SHP-01459,ORD-01459,SUP-03,14-08-2025,18-08-2025,20-08-2025,DHL,35,35,No,Yes,No,0
SHP-01460,ORD-01460,SUP-04,15-08-2025,22-08-2025,20-08-2025,Ekart,38,38,Yes,Yes,Yes,1
SHP-01461,ORD-01461,SUP-04,13-08-2025,18-08-2025,19-08-2025,DHL,13,13,No,Yes,No,0
SHP-01462,ORD-01462,SUP-05,15-08-2025,22-08-2025,29-08-2025,Delhivery,7,8,No,No,No,0
SHP-01463,ORD-01463,SUP-07,14-08-2025,23-08-2025,27-08-2025,Ekart,47,47,No,Yes,No,0
SHP-01464,ORD-01464,SUP-03,15-08-2025,18-08-2025,21-08-2025,FedEx,14,14,No,Yes,No,0
SHP-01465,ORD-01465,SUP-05,14-08-2025,20-08-2025,26-08-2025,Ekart,33,33,No,Yes,No,0
SHP-01466,ORD-01466,SUP-01,17-08-2025,23-08-2025,01-09-2025,BlueDart,20,20,No,Yes,No,0
SHP-01467,ORD-01467,SUP-06,15-08-2025,24-08-2025,22-08-2025,Ekart,47,50,Yes,No,No,0
SHP-01468,ORD-01468,SUP-07,17-08-2025,20-08-2025,31-08-2025,DHL,42,42,No,Yes,No,0
SHP-01469,ORD-01469,SUP-07,17-08-2025,23-08-2025,31-08-2025,BlueDart,26,26,No,Yes,No,0
SHP-01470,ORD-01470,SUP-03,16-08-2025,20-08-2025,20-08-2025,Ekart,46,46,Yes,Yes,Yes,1
SHP-01471,ORD-01471,SUP-08,17-08-2025,24-08-2025,01-09-2025,FedEx,22,22,No,Yes,No,0
SHP-01472,ORD-01472,SUP-04,15-08-2025,22-08-2025,20-08-2025,BlueDart,41,41,Yes,Yes,Yes,1
SHP-01473,ORD-01473,SUP-05,17-08-2025,19-08-2025,01-09-2025,BlueDart,18,25,No,No,No,0
SHP-01474,ORD-01474,SUP-05,16-08-2025,20-08-2025,29-08-2025,BlueDart,8,8,No,Yes,No,0
SHP-01475,ORD-01475,SUP-01,18-08-2025,26-08-2025,31-08-2025,Delhivery,42,42,No,Yes,No,0
SHP-01476,ORD-01476,SUP-02,17-08-2025,21-08-2025,21-08-2025,Delhivery,15,15,Yes,Yes,Yes,1
SHP-01477,ORD-01477,SUP-08,16-08-2025,22-08-2025,02-09-2025,DHL,45,45,No,Yes,No,0
SHP-01478,ORD-01478,SUP-04,17-08-2025,26-08-2025,23-08-2025,Ekart,38,38,Yes,Yes,Yes,1
SHP-01479,ORD-01479,SUP-05,18-08-2025,24-08-2025,02-09-2025,DHL,6,6,No,Yes,No,0
SHP-01480,ORD-01480,SUP-05,18-08-2025,20-08-2025,02-09-2025,FedEx,9,9,No,Yes,No,0
SHP-01481,ORD-01481,SUP-01,17-08-2025,23-08-2025,30-08-2025,Delhivery,30,35,No,No,No,0
SHP-01482,ORD-01482,SUP-06,17-08-2025,20-08-2025,26-08-2025,Delhivery,24,24,No,Yes,No,0
SHP-01483,ORD-01483,SUP-07,19-08-2025,23-08-2025,01-09-2025,Delhivery,17,17,No,Yes,No,0
SHP-01484,ORD-01484,SUP-03,18-08-2025,25-08-2025,22-08-2025,Delhivery,34,34,Yes,Yes,Yes,1
SHP-01485,ORD-01485,SUP-04,19-08-2025,26-08-2025,25-08-2025,BlueDart,31,31,Yes,Yes,Yes,1
SHP-01486,ORD-01486,SUP-04,19-08-2025,26-08-2025,25-08-2025,FedEx,47,47,Yes,Yes,Yes,1
SHP-01487,ORD-01487,SUP-05,17-08-2025,21-08-2025,03-09-2025,FedEx,3,3,No,Yes,No,0
SHP-01488,ORD-01488,SUP-05,17-08-2025,26-08-2025,03-09-2025,DHL,11,11,No,Yes,No,0
SHP-01489,ORD-01489,SUP-01,19-08-2025,22-08-2025,01-09-2025,FedEx,41,41,No,Yes,No,0
SHP-01490,ORD-01490,SUP-07,20-08-2025,26-08-2025,07-09-2025,DHL,10,18,No,No,No,0
SHP-01491,ORD-01491,SUP-08,20-08-2025,27-08-2025,03-09-2025,FedEx,8,8,No,Yes,No,0
SHP-01492,ORD-01492,SUP-08,20-08-2025,22-08-2025,05-09-2025,Ekart,55,61,No,No,No,0
SHP-01493,ORD-01493,SUP-08,19-08-2025,25-08-2025,03-09-2025,DHL,31,31,No,Yes,No,0
SHP-01494,ORD-01494,SUP-04,19-08-2025,25-08-2025,25-08-2025,Delhivery,27,27,Yes,Yes,Yes,1
SHP-01495,ORD-01495,SUP-05,19-08-2025,23-08-2025,31-08-2025,FedEx,23,23,No,Yes,No,0
SHP-01496,ORD-01496,SUP-05,19-08-2025,28-08-2025,02-09-2025,Ekart,1,7,No,No,No,0
SHP-01497,ORD-01497,SUP-06,21-08-2025,22-08-2025,01-09-2025,Delhivery,44,44,No,Yes,No,0
SHP-01498,ORD-01498,SUP-01,21-08-2025,24-08-2025,02-09-2025,Delhivery,22,22,No,Yes,No,0
SHP-01499,ORD-01499,SUP-07,19-08-2025,29-08-2025,02-09-2025,Ekart,35,35,No,Yes,No,0
SHP-01500,ORD-01500,SUP-03,19-08-2025,22-08-2025,23-08-2025,BlueDart,23,23,No,Yes,No,0
SHP-01501,ORD-01501,SUP-04,21-08-2025,23-08-2025,28-08-2025,Delhivery,45,45,No,Yes,No,0
SHP-01502,ORD-01502,SUP-05,20-08-2025,29-08-2025,03-09-2025,Ekart,33,33,No,Yes,No,0
SHP-01503,ORD-01503,SUP-05,21-08-2025,28-08-2025,05-09-2025,Ekart,7,7,No,Yes,No,0
SHP-01504,ORD-01504,SUP-05,19-08-2025,27-08-2025,01-09-2025,FedEx,10,10,No,Yes,No,0
SHP-01505,ORD-01505,SUP-06,22-08-2025,30-08-2025,30-08-2025,FedEx,27,27,Yes,Yes,Yes,1
SHP-01506,ORD-01506,SUP-07,22-08-2025,26-08-2025,05-09-2025,FedEx,23,23,No,Yes,No,0
SHP-01507,ORD-01507,SUP-03,21-08-2025,30-08-2025,24-08-2025,Ekart,49,49,Yes,Yes,Yes,1
SHP-01508,ORD-01508,SUP-03,20-08-2025,23-08-2025,25-08-2025,DHL,8,8,No,Yes,No,0
SHP-01509,ORD-01509,SUP-04,20-08-2025,24-08-2025,26-08-2025,Ekart,34,34,No,Yes,No,0
SHP-01510,ORD-01510,SUP-04,22-08-2025,30-08-2025,27-08-2025,FedEx,31,34,Yes,No,No,0
SHP-01511,ORD-01511,SUP-05,20-08-2025,29-08-2025,01-09-2025,DHL,28,28,No,Yes,No,0
SHP-01512,ORD-01512,SUP-05,20-08-2025,28-08-2025,04-09-2025,FedEx,5,5,No,Yes,No,0
SHP-01513,ORD-01513,SUP-06,21-08-2025,30-08-2025,01-09-2025,BlueDart,15,15,No,Yes,No,0
SHP-01514,ORD-01514,SUP-06,23-08-2025,26-08-2025,01-09-2025,BlueDart,24,24,No,Yes,No,0
SHP-01515,ORD-01515,SUP-07,23-08-2025,31-08-2025,07-09-2025,BlueDart,17,22,No,No,No,0
SHP-01516,ORD-01516,SUP-03,21-08-2025,24-08-2025,26-08-2025,FedEx,7,7,No,Yes,No,0
SHP-01517,ORD-01517,SUP-04,21-08-2025,26-08-2025,29-08-2025,FedEx,38,38,No,Yes,No,0
SHP-01518,ORD-01518,SUP-04,21-08-2025,27-08-2025,28-08-2025,FedEx,20,20,No,Yes,No,0
SHP-01519,ORD-01519,SUP-05,23-08-2025,28-08-2025,05-09-2025,Delhivery,21,21,No,Yes,No,0
SHP-01520,ORD-01520,SUP-06,22-08-2025,30-08-2025,29-08-2025,Delhivery,21,21,Yes,Yes,Yes,1
SHP-01521,ORD-01521,SUP-02,24-08-2025,27-08-2025,29-08-2025,Delhivery,31,31,No,Yes,No,0
SHP-01522,ORD-01522,SUP-03,24-08-2025,31-08-2025,28-08-2025,FedEx,18,18,Yes,Yes,Yes,1
SHP-01523,ORD-01523,SUP-04,24-08-2025,26-08-2025,30-08-2025,Ekart,60,60,No,Yes,No,0
SHP-01524,ORD-01524,SUP-05,22-08-2025,01-09-2025,05-09-2025,Ekart,35,35,No,Yes,No,0
SHP-01525,ORD-01525,SUP-02,25-08-2025,27-08-2025,03-09-2025,Ekart,15,15,No,Yes,No,0
SHP-01526,ORD-01526,SUP-02,23-08-2025,02-09-2025,27-08-2025,DHL,8,8,Yes,Yes,Yes,1
SHP-01527,ORD-01527,SUP-03,25-08-2025,30-08-2025,28-08-2025,FedEx,11,11,Yes,Yes,Yes,1
SHP-01528,ORD-01528,SUP-08,23-08-2025,01-09-2025,08-09-2025,DHL,47,47,No,Yes,No,0
SHP-01529,ORD-01529,SUP-08,23-08-2025,26-08-2025,11-09-2025,DHL,21,21,No,Yes,No,0
SHP-01530,ORD-01530,SUP-05,24-08-2025,28-08-2025,06-09-2025,DHL,24,24,No,Yes,No,0
SHP-01531,ORD-01531,SUP-05,24-08-2025,01-09-2025,05-09-2025,DHL,7,7,No,Yes,No,0
SHP-01532,ORD-01532,SUP-05,23-08-2025,01-09-2025,07-09-2025,Ekart,8,8,No,Yes,No,0
SHP-01533,ORD-01533,SUP-06,25-08-2025,30-08-2025,31-08-2025,FedEx,22,30,No,No,No,0
SHP-01534,ORD-01534,SUP-08,24-08-2025,29-08-2025,10-09-2025,DHL,8,16,No,No,No,0
SHP-01535,ORD-01535,SUP-03,24-08-2025,29-08-2025,28-08-2025,BlueDart,39,42,Yes,No,No,0
SHP-01536,ORD-01536,SUP-04,26-08-2025,29-08-2025,01-09-2025,Ekart,38,38,No,Yes,No,0
SHP-01537,ORD-01537,SUP-04,26-08-2025,30-08-2025,01-09-2025,Delhivery,33,33,No,Yes,No,0
SHP-01538,ORD-01538,SUP-05,25-08-2025,31-08-2025,06-09-2025,Delhivery,5,5,No,Yes,No,0
SHP-01539,ORD-01539,SUP-05,25-08-2025,28-08-2025,07-09-2025,DHL,12,12,No,Yes,No,0
SHP-01540,ORD-01540,SUP-01,26-08-2025,30-08-2025,08-09-2025,FedEx,14,14,No,Yes,No,0
SHP-01541,ORD-01541,SUP-07,25-08-2025,31-08-2025,12-09-2025,BlueDart,9,9,No,Yes,No,0
SHP-01542,ORD-01542,SUP-02,27-08-2025,29-08-2025,05-09-2025,DHL,14,14,No,Yes,No,0
SHP-01543,ORD-01543,SUP-03,27-08-2025,04-09-2025,30-08-2025,BlueDart,5,5,Yes,Yes,Yes,1
SHP-01544,ORD-01544,SUP-08,25-08-2025,30-08-2025,09-09-2025,Delhivery,54,54,No,Yes,No,0
SHP-01545,ORD-01545,SUP-08,25-08-2025,28-08-2025,09-09-2025,Delhivery,16,16,No,Yes,No,0
SHP-01546,ORD-01546,SUP-04,25-08-2025,28-08-2025,01-09-2025,Ekart,49,49,No,Yes,No,0
SHP-01547,ORD-01547,SUP-05,27-08-2025,28-08-2025,08-09-2025,Ekart,3,3,No,Yes,No,0
SHP-01548,ORD-01548,SUP-05,27-08-2025,30-08-2025,11-09-2025,DHL,13,13,No,Yes,No,0
SHP-01549,ORD-01549,SUP-06,27-08-2025,05-09-2025,03-09-2025,Ekart,25,25,Yes,Yes,Yes,1
SHP-01550,ORD-01550,SUP-07,28-08-2025,01-09-2025,11-09-2025,BlueDart,24,24,No,Yes,No,0
SHP-01551,ORD-01551,SUP-08,26-08-2025,31-08-2025,12-09-2025,FedEx,15,15,No,Yes,No,0
SHP-01552,ORD-01552,SUP-03,26-08-2025,05-09-2025,30-08-2025,BlueDart,18,22,Yes,No,No,0
SHP-01553,ORD-01553,SUP-04,27-08-2025,30-08-2025,02-09-2025,BlueDart,13,18,No,No,No,0
SHP-01554,ORD-01554,SUP-05,28-08-2025,04-09-2025,14-09-2025,Delhivery,7,7,No,Yes,No,0
SHP-01555,ORD-01555,SUP-01,27-08-2025,05-09-2025,13-09-2025,Delhivery,49,49,No,Yes,No,0
SHP-01556,ORD-01556,SUP-06,28-08-2025,02-09-2025,08-09-2025,Delhivery,23,24,No,No,No,0
SHP-01557,ORD-01557,SUP-06,29-08-2025,04-09-2025,06-09-2025,DHL,36,36,No,Yes,No,0
SHP-01558,ORD-01558,SUP-02,29-08-2025,04-09-2025,03-09-2025,BlueDart,22,22,Yes,Yes,Yes,1
SHP-01559,ORD-01559,SUP-02,28-08-2025,31-08-2025,02-09-2025,BlueDart,3,9,No,No,No,0
SHP-01560,ORD-01560,SUP-05,28-08-2025,04-09-2025,12-09-2025,Ekart,5,5,No,Yes,No,0
SHP-01561,ORD-01561,SUP-05,27-08-2025,03-09-2025,11-09-2025,FedEx,8,8,No,Yes,No,0
SHP-01562,ORD-01562,SUP-01,28-08-2025,02-09-2025,09-09-2025,Ekart,33,33,No,Yes,No,0
SHP-01563,ORD-01563,SUP-06,29-08-2025,31-08-2025,05-09-2025,Ekart,38,38,No,Yes,No,0
SHP-01564,ORD-01564,SUP-02,29-08-2025,06-09-2025,03-09-2025,BlueDart,6,14,Yes,No,No,0
SHP-01565,ORD-01565,SUP-02,28-08-2025,06-09-2025,04-09-2025,Ekart,38,38,Yes,Yes,Yes,1
SHP-01566,ORD-01566,SUP-02,30-08-2025,05-09-2025,08-09-2025,DHL,14,14,No,Yes,No,0
SHP-01567,ORD-01567,SUP-03,28-08-2025,07-09-2025,31-08-2025,Delhivery,29,29,Yes,Yes,Yes,1
SHP-01568,ORD-01568,SUP-04,29-08-2025,03-09-2025,03-09-2025,Ekart,25,30,Yes,No,No,0
SHP-01569,ORD-01569,SUP-04,30-08-2025,06-09-2025,04-09-2025,FedEx,44,44,Yes,Yes,Yes,1
SHP-01570,ORD-01570,SUP-05,28-08-2025,05-09-2025,12-09-2025,BlueDart,18,25,No,No,No,0
SHP-01571,ORD-01571,SUP-06,30-08-2025,05-09-2025,10-09-2025,Delhivery,34,34,No,Yes,No,0
SHP-01572,ORD-01572,SUP-01,29-08-2025,07-09-2025,11-09-2025,FedEx,14,14,No,Yes,No,0
SHP-01573,ORD-01573,SUP-02,30-08-2025,07-09-2025,04-09-2025,DHL,25,25,Yes,Yes,Yes,1
SHP-01574,ORD-01574,SUP-08,30-08-2025,08-09-2025,14-09-2025,BlueDart,47,47,No,Yes,No,0
SHP-01575,ORD-01575,SUP-04,31-08-2025,05-09-2025,06-09-2025,DHL,35,37,No,No,No,0
SHP-01576,ORD-01576,SUP-04,31-08-2025,04-09-2025,05-09-2025,Ekart,19,19,No,Yes,No,0
SHP-01577,ORD-01577,SUP-05,31-08-2025,04-09-2025,13-09-2025,FedEx,5,5,No,Yes,No,0
SHP-01578,ORD-01578,SUP-05,30-08-2025,02-09-2025,12-09-2025,Delhivery,2,9,No,No,No,0
SHP-01579,ORD-01579,SUP-02,31-08-2025,04-09-2025,07-09-2025,FedEx,21,21,No,Yes,No,0
SHP-01580,ORD-01580,SUP-02,31-08-2025,07-09-2025,05-09-2025,Delhivery,11,11,Yes,Yes,Yes,1
SHP-01581,ORD-01581,SUP-04,30-08-2025,06-09-2025,07-09-2025,BlueDart,37,37,No,Yes,No,0
SHP-01582,ORD-01582,SUP-04,31-08-2025,03-09-2025,06-09-2025,FedEx,46,46,No,Yes,No,0
SHP-01583,ORD-01583,SUP-04,30-08-2025,02-09-2025,05-09-2025,BlueDart,30,30,No,Yes,No,0
SHP-01584,ORD-01584,SUP-05,30-08-2025,03-09-2025,12-09-2025,FedEx,22,22,No,Yes,No,0
SHP-01585,ORD-01585,SUP-05,30-08-2025,08-09-2025,12-09-2025,DHL,7,7,No,Yes,No,0
SHP-01586,ORD-01586,SUP-05,30-08-2025,06-09-2025,14-09-2025,BlueDart,12,12,No,Yes,No,0
SHP-01587,ORD-01587,SUP-06,01-09-2025,06-09-2025,12-09-2025,BlueDart,11,13,No,No,No,0
SHP-01588,ORD-01588,SUP-01,02-09-2025,07-09-2025,14-09-2025,Delhivery,26,26,No,Yes,No,0
SHP-01589,ORD-01589,SUP-02,02-09-2025,04-09-2025,07-09-2025,Delhivery,17,17,No,Yes,No,0
SHP-01590,ORD-01590,SUP-07,31-08-2025,03-09-2025,13-09-2025,DHL,29,29,No,Yes,No,0
SHP-01591,ORD-01591,SUP-02,02-09-2025,09-09-2025,07-09-2025,FedEx,10,10,Yes,Yes,Yes,1
SHP-01592,ORD-01592,SUP-08,02-09-2025,07-09-2025,17-09-2025,DHL,13,13,No,Yes,No,0
SHP-01593,ORD-01593,SUP-03,31-08-2025,07-09-2025,05-09-2025,Delhivery,46,46,Yes,Yes,Yes,1
SHP-01594,ORD-01594,SUP-08,31-08-2025,10-09-2025,14-09-2025,Ekart,28,28,No,Yes,No,0
SHP-01595,ORD-01595,SUP-04,31-08-2025,08-09-2025,06-09-2025,FedEx,24,24,Yes,Yes,Yes,1
SHP-01596,ORD-01596,SUP-05,01-09-2025,03-09-2025,14-09-2025,DHL,7,7,No,Yes,No,0
SHP-01597,ORD-01597,SUP-06,03-09-2025,09-09-2025,11-09-2025,BlueDart,17,17,No,Yes,No,0
SHP-01598,ORD-01598,SUP-07,02-09-2025,05-09-2025,18-09-2025,Ekart,13,13,No,Yes,No,0
SHP-01599,ORD-01599,SUP-08,03-09-2025,08-09-2025,18-09-2025,Delhivery,21,21,No,Yes,No,0
SHP-01600,ORD-01600,SUP-05,01-09-2025,11-09-2025,15-09-2025,Ekart,27,29,No,No,No,0
SHP-01601,ORD-01601,SUP-06,03-09-2025,12-09-2025,12-09-2025,Delhivery,26,26,Yes,Yes,Yes,1
SHP-01602,ORD-01602,SUP-07,03-09-2025,11-09-2025,21-09-2025,FedEx,19,19,No,Yes,No,0
SHP-01603,ORD-01603,SUP-02,02-09-2025,11-09-2025,08-09-2025,DHL,39,39,Yes,Yes,Yes,1
SHP-01604,ORD-01604,SUP-03,02-09-2025,11-09-2025,06-09-2025,BlueDart,15,15,Yes,Yes,Yes,1
SHP-01605,ORD-01605,SUP-04,04-09-2025,09-09-2025,10-09-2025,Delhivery,37,37,No,Yes,No,0
SHP-01606,ORD-01606,SUP-05,02-09-2025,11-09-2025,19-09-2025,Delhivery,5,5,No,Yes,No,0
SHP-01607,ORD-01607,SUP-05,04-09-2025,06-09-2025,17-09-2025,DHL,3,4,No,No,No,0
SHP-01608,ORD-01608,SUP-06,05-09-2025,07-09-2025,12-09-2025,FedEx,26,26,No,Yes,No,0
SHP-01609,ORD-01609,SUP-02,03-09-2025,10-09-2025,08-09-2025,BlueDart,22,22,Yes,Yes,Yes,1
SHP-01610,ORD-01610,SUP-07,05-09-2025,10-09-2025,19-09-2025,Delhivery,2,8,No,No,No,0
SHP-01611,ORD-01611,SUP-03,03-09-2025,07-09-2025,07-09-2025,BlueDart,17,17,Yes,Yes,Yes,1
SHP-01612,ORD-01612,SUP-08,04-09-2025,12-09-2025,23-09-2025,BlueDart,36,43,No,No,No,0
SHP-01613,ORD-01613,SUP-08,05-09-2025,08-09-2025,20-09-2025,DHL,28,28,No,Yes,No,0
SHP-01614,ORD-01614,SUP-04,03-09-2025,09-09-2025,09-09-2025,Delhivery,59,59,Yes,Yes,Yes,1
SHP-01615,ORD-01615,SUP-04,05-09-2025,09-09-2025,11-09-2025,Ekart,69,69,No,Yes,No,0
SHP-01616,ORD-01616,SUP-04,03-09-2025,07-09-2025,11-09-2025,DHL,30,30,No,Yes,No,0
SHP-01617,ORD-01617,SUP-05,03-09-2025,08-09-2025,15-09-2025,DHL,2,2,No,Yes,No,0
SHP-01618,ORD-01618,SUP-05,05-09-2025,12-09-2025,17-09-2025,FedEx,11,11,No,Yes,No,0
SHP-01619,ORD-01619,SUP-01,06-09-2025,14-09-2025,21-09-2025,FedEx,39,46,No,No,No,0
SHP-01620,ORD-01620,SUP-06,06-09-2025,13-09-2025,13-09-2025,FedEx,21,21,Yes,Yes,Yes,1
SHP-01621,ORD-01621,SUP-08,05-09-2025,13-09-2025,19-09-2025,Delhivery,10,10,No,Yes,No,0
SHP-01622,ORD-01622,SUP-08,06-09-2025,13-09-2025,22-09-2025,Ekart,25,25,No,Yes,No,0
SHP-01623,ORD-01623,SUP-04,05-09-2025,09-09-2025,12-09-2025,DHL,39,39,No,Yes,No,0
SHP-01624,ORD-01624,SUP-04,04-09-2025,13-09-2025,14-09-2025,Delhivery,37,37,No,Yes,No,0
SHP-01625,ORD-01625,SUP-06,06-09-2025,09-09-2025,17-09-2025,Ekart,31,31,No,Yes,No,0
SHP-01626,ORD-01626,SUP-08,05-09-2025,08-09-2025,24-09-2025,Ekart,78,80,No,No,No,0
SHP-01627,ORD-01627,SUP-04,05-09-2025,10-09-2025,10-09-2025,FedEx,36,36,Yes,Yes,Yes,1
SHP-01628,ORD-01628,SUP-06,06-09-2025,10-09-2025,13-09-2025,Delhivery,12,12,No,Yes,No,0
SHP-01629,ORD-01629,SUP-07,06-09-2025,16-09-2025,24-09-2025,Delhivery,16,16,No,Yes,No,0
SHP-01630,ORD-01630,SUP-07,07-09-2025,10-09-2025,21-09-2025,DHL,28,31,No,No,No,0
SHP-01631,ORD-01631,SUP-03,06-09-2025,13-09-2025,14-09-2025,FedEx,14,14,No,Yes,No,0
SHP-01632,ORD-01632,SUP-04,08-09-2025,09-09-2025,18-09-2025,Delhivery,64,64,No,Yes,No,0
SHP-01633,ORD-01633,SUP-05,06-09-2025,16-09-2025,19-09-2025,Delhivery,25,25,No,Yes,No,0
SHP-01634,ORD-01634,SUP-05,06-09-2025,10-09-2025,21-09-2025,DHL,3,3,No,Yes,No,0
SHP-01635,ORD-01635,SUP-05,06-09-2025,10-09-2025,19-09-2025,Delhivery,8,8,No,Yes,No,0
SHP-01636,ORD-01636,SUP-01,09-09-2025,14-09-2025,21-09-2025,BlueDart,23,23,No,Yes,No,0
SHP-01637,ORD-01637,SUP-02,08-09-2025,17-09-2025,14-09-2025,Delhivery,11,11,Yes,Yes,Yes,1
SHP-01638,ORD-01638,SUP-08,08-09-2025,12-09-2025,23-09-2025,DHL,59,59,No,Yes,No,0
SHP-01639,ORD-01639,SUP-08,09-09-2025,11-09-2025,23-09-2025,Ekart,17,17,No,Yes,No,0
SHP-01640,ORD-01640,SUP-04,09-09-2025,15-09-2025,14-09-2025,FedEx,25,25,Yes,Yes,Yes,1
SHP-01641,ORD-01641,SUP-04,08-09-2025,16-09-2025,18-09-2025,DHL,34,39,No,No,No,0
SHP-01642,ORD-01642,SUP-04,08-09-2025,17-09-2025,13-09-2025,FedEx,18,18,Yes,Yes,Yes,1
SHP-01643,ORD-01643,SUP-06,09-09-2025,16-09-2025,17-09-2025,Ekart,10,10,No,Yes,No,0
SHP-01644,ORD-01644,SUP-01,08-09-2025,11-09-2025,22-09-2025,BlueDart,63,63,No,Yes,No,0
SHP-01645,ORD-01645,SUP-02,08-09-2025,18-09-2025,15-09-2025,DHL,11,11,Yes,Yes,Yes,1
SHP-01646,ORD-01646,SUP-03,08-09-2025,13-09-2025,14-09-2025,Delhivery,19,26,No,No,No,0
SHP-01647,ORD-01647,SUP-04,09-09-2025,12-09-2025,15-09-2025,Delhivery,55,55,No,Yes,No,0
SHP-01648,ORD-01648,SUP-04,08-09-2025,16-09-2025,14-09-2025,Ekart,46,46,Yes,Yes,Yes,1
SHP-01649,ORD-01649,SUP-05,09-09-2025,14-09-2025,22-09-2025,FedEx,23,23,No,Yes,No,0
SHP-01650,ORD-01650,SUP-01,10-09-2025,14-09-2025,22-09-2025,DHL,22,22,No,Yes,No,0
SHP-01651,ORD-01651,SUP-01,09-09-2025,13-09-2025,22-09-2025,DHL,32,32,No,Yes,No,0
SHP-01652,ORD-01652,SUP-07,09-09-2025,18-09-2025,24-09-2025,DHL,31,31,No,Yes,No,0
SHP-01653,ORD-01653,SUP-02,11-09-2025,19-09-2025,16-09-2025,FedEx,8,9,Yes,No,No,0
SHP-01654,ORD-01654,SUP-08,11-09-2025,14-09-2025,25-09-2025,DHL,1,4,No,No,No,0
SHP-01655,ORD-01655,SUP-04,11-09-2025,13-09-2025,19-09-2025,FedEx,34,34,No,Yes,No,0
SHP-01656,ORD-01656,SUP-04,11-09-2025,19-09-2025,17-09-2025,FedEx,42,42,Yes,Yes,Yes,1
SHP-01657,ORD-01657,SUP-05,10-09-2025,16-09-2025,24-09-2025,FedEx,29,29,No,Yes,No,0
SHP-01658,ORD-01658,SUP-05,09-09-2025,14-09-2025,26-09-2025,Delhivery,4,11,No,No,No,0
SHP-01659,ORD-01659,SUP-06,12-09-2025,17-09-2025,23-09-2025,FedEx,17,17,No,Yes,No,0
SHP-01660,ORD-01660,SUP-08,11-09-2025,19-09-2025,28-09-2025,DHL,30,38,No,No,No,0
SHP-01661,ORD-01661,SUP-08,12-09-2025,18-09-2025,27-09-2025,Delhivery,20,20,No,Yes,No,0
SHP-01662,ORD-01662,SUP-04,12-09-2025,14-09-2025,18-09-2025,Ekart,31,31,No,Yes,No,0
SHP-01663,ORD-01663,SUP-04,12-09-2025,14-09-2025,19-09-2025,DHL,51,51,No,Yes,No,0
SHP-01664,ORD-01664,SUP-05,11-09-2025,13-09-2025,25-09-2025,Ekart,30,30,No,Yes,No,0
SHP-01665,ORD-01665,SUP-05,10-09-2025,16-09-2025,24-09-2025,DHL,7,7,No,Yes,No,0
SHP-01666,ORD-01666,SUP-06,11-09-2025,17-09-2025,22-09-2025,Delhivery,44,44,No,Yes,No,0
SHP-01667,ORD-01667,SUP-02,12-09-2025,20-09-2025,21-09-2025,DHL,28,28,No,Yes,No,0
SHP-01668,ORD-01668,SUP-03,11-09-2025,15-09-2025,15-09-2025,Ekart,6,6,Yes,Yes,Yes,1
SHP-01669,ORD-01669,SUP-08,12-09-2025,17-09-2025,26-09-2025,Ekart,20,23,No,No,No,0
SHP-01670,ORD-01670,SUP-04,13-09-2025,14-09-2025,23-09-2025,DHL,63,63,No,Yes,No,0
SHP-01671,ORD-01671,SUP-04,13-09-2025,14-09-2025,19-09-2025,BlueDart,30,30,No,Yes,No,0
SHP-01672,ORD-01672,SUP-01,14-09-2025,21-09-2025,26-09-2025,FedEx,38,38,No,Yes,No,0
SHP-01673,ORD-01673,SUP-06,14-09-2025,20-09-2025,23-09-2025,Delhivery,43,43,No,Yes,No,0
SHP-01674,ORD-01674,SUP-03,12-09-2025,18-09-2025,20-09-2025,Ekart,12,12,No,Yes,No,0
SHP-01675,ORD-01675,SUP-08,13-09-2025,20-09-2025,28-09-2025,DHL,31,34,No,No,No,0
SHP-01676,ORD-01676,SUP-08,14-09-2025,18-09-2025,29-09-2025,FedEx,18,18,No,Yes,No,0
SHP-01677,ORD-01677,SUP-04,14-09-2025,17-09-2025,24-09-2025,Delhivery,31,31,No,Yes,No,0
SHP-01678,ORD-01678,SUP-05,12-09-2025,22-09-2025,25-09-2025,Ekart,6,6,No,Yes,No,0
SHP-01679,ORD-01679,SUP-05,12-09-2025,16-09-2025,25-09-2025,DHL,4,4,No,Yes,No,0
SHP-01680,ORD-01680,SUP-01,14-09-2025,16-09-2025,28-09-2025,Delhivery,22,24,No,No,No,0
SHP-01681,ORD-01681,SUP-06,15-09-2025,22-09-2025,24-09-2025,DHL,37,37,No,Yes,No,0
SHP-01682,ORD-01682,SUP-07,15-09-2025,21-09-2025,30-09-2025,DHL,36,36,No,Yes,No,0
SHP-01683,ORD-01683,SUP-04,13-09-2025,22-09-2025,23-09-2025,Ekart,45,45,No,Yes,No,0
SHP-01684,ORD-01684,SUP-06,16-09-2025,24-09-2025,23-09-2025,Ekart,22,22,Yes,Yes,Yes,1
SHP-01685,ORD-01685,SUP-06,14-09-2025,20-09-2025,23-09-2025,BlueDart,10,10,No,Yes,No,0
SHP-01686,ORD-01686,SUP-06,14-09-2025,21-09-2025,21-09-2025,BlueDart,49,49,Yes,Yes,Yes,1
SHP-01687,ORD-01687,SUP-02,16-09-2025,21-09-2025,20-09-2025,Delhivery,25,25,Yes,Yes,Yes,1
SHP-01688,ORD-01688,SUP-04,14-09-2025,22-09-2025,20-09-2025,BlueDart,36,36,Yes,Yes,Yes,1
SHP-01689,ORD-01689,SUP-04,15-09-2025,17-09-2025,21-09-2025,DHL,40,40,No,Yes,No,0
SHP-01690,ORD-01690,SUP-05,16-09-2025,18-09-2025,30-09-2025,DHL,6,6,No,Yes,No,0
SHP-01691,ORD-01691,SUP-06,16-09-2025,22-09-2025,25-09-2025,FedEx,32,32,No,Yes,No,0
SHP-01692,ORD-01692,SUP-06,16-09-2025,20-09-2025,27-09-2025,FedEx,27,27,No,Yes,No,0
SHP-01693,ORD-01693,SUP-06,15-09-2025,25-09-2025,22-09-2025,FedEx,31,31,Yes,Yes,Yes,1
SHP-01694,ORD-01694,SUP-07,15-09-2025,21-09-2025,28-09-2025,DHL,3,11,No,No,No,0
SHP-01695,ORD-01695,SUP-07,17-09-2025,18-09-2025,05-10-2025,DHL,18,19,No,No,No,0
SHP-01696,ORD-01696,SUP-03,16-09-2025,19-09-2025,20-09-2025,DHL,6,6,No,Yes,No,0
SHP-01697,ORD-01697,SUP-03,15-09-2025,23-09-2025,19-09-2025,DHL,48,48,Yes,Yes,Yes,1
SHP-01698,ORD-01698,SUP-08,15-09-2025,24-09-2025,04-10-2025,Ekart,21,21,No,Yes,No,0
SHP-01699,ORD-01699,SUP-04,16-09-2025,24-09-2025,21-09-2025,Delhivery,24,28,Yes,No,No,0
SHP-01700,ORD-01700,SUP-05,17-09-2025,18-09-2025,30-09-2025,DHL,1,5,No,No,No,0
SHP-01701,ORD-01701,SUP-06,16-09-2025,24-09-2025,25-09-2025,Delhivery,16,17,No,No,No,0
SHP-01702,ORD-01702,SUP-06,16-09-2025,21-09-2025,22-09-2025,DHL,21,21,No,Yes,No,0
SHP-01703,ORD-01703,SUP-04,16-09-2025,26-09-2025,22-09-2025,FedEx,38,38,Yes,Yes,Yes,1
SHP-01704,ORD-01704,SUP-05,16-09-2025,22-09-2025,28-09-2025,DHL,15,15,No,Yes,No,0
SHP-01705,ORD-01705,SUP-05,18-09-2025,22-09-2025,02-10-2025,Delhivery,11,11,No,Yes,No,0
SHP-01706,ORD-01706,SUP-01,19-09-2025,23-09-2025,06-10-2025,BlueDart,1,1,No,Yes,No,0
SHP-01707,ORD-01707,SUP-01,18-09-2025,25-09-2025,03-10-2025,Ekart,26,26,No,Yes,No,0
SHP-01708,ORD-01708,SUP-07,19-09-2025,26-09-2025,02-10-2025,FedEx,36,36,No,Yes,No,0
SHP-01709,ORD-01709,SUP-08,19-09-2025,22-09-2025,04-10-2025,DHL,14,19,No,No,No,0
SHP-01710,ORD-01710,SUP-03,19-09-2025,21-09-2025,23-09-2025,FedEx,8,14,No,No,No,0
SHP-01711,ORD-01711,SUP-04,19-09-2025,23-09-2025,24-09-2025,BlueDart,55,55,No,Yes,No,0
SHP-01712,ORD-01712,SUP-04,17-09-2025,21-09-2025,23-09-2025,FedEx,36,36,No,Yes,No,0
SHP-01713,ORD-01713,SUP-05,18-09-2025,20-09-2025,02-10-2025,BlueDart,12,12,No,Yes,No,0
SHP-01714,ORD-01714,SUP-06,19-09-2025,27-09-2025,28-09-2025,Delhivery,9,9,No,Yes,No,0
SHP-01715,ORD-01715,SUP-06,20-09-2025,25-09-2025,26-09-2025,Ekart,32,32,No,Yes,No,0
SHP-01716,ORD-01716,SUP-03,18-09-2025,26-09-2025,24-09-2025,BlueDart,14,14,Yes,Yes,Yes,1
SHP-01717,ORD-01717,SUP-04,20-09-2025,23-09-2025,27-09-2025,Delhivery,27,27,No,Yes,No,0
SHP-01718,ORD-01718,SUP-05,18-09-2025,21-09-2025,30-09-2025,Ekart,12,12,No,Yes,No,0
SHP-01719,ORD-01719,SUP-01,20-09-2025,26-09-2025,04-10-2025,BlueDart,41,41,No,Yes,No,0
SHP-01720,ORD-01720,SUP-06,19-09-2025,29-09-2025,30-09-2025,BlueDart,26,26,No,Yes,No,0
SHP-01721,ORD-01721,SUP-03,19-09-2025,24-09-2025,24-09-2025,FedEx,12,12,Yes,Yes,Yes,1
SHP-01722,ORD-01722,SUP-04,20-09-2025,26-09-2025,27-09-2025,DHL,49,49,No,Yes,No,0
SHP-01723,ORD-01723,SUP-04,19-09-2025,26-09-2025,27-09-2025,Ekart,25,25,No,Yes,No,0
SHP-01724,ORD-01724,SUP-05,21-09-2025,24-09-2025,04-10-2025,Ekart,30,30,No,Yes,No,0
SHP-01725,ORD-01725,SUP-01,20-09-2025,25-09-2025,02-10-2025,Delhivery,42,42,No,Yes,No,0
SHP-01726,ORD-01726,SUP-08,22-09-2025,23-09-2025,08-10-2025,Ekart,22,22,No,Yes,No,0
SHP-01727,ORD-01727,SUP-08,20-09-2025,30-09-2025,06-10-2025,Delhivery,54,54,No,Yes,No,0
SHP-01728,ORD-01728,SUP-04,20-09-2025,24-09-2025,26-09-2025,Ekart,27,33,No,No,No,0
SHP-01729,ORD-01729,SUP-04,22-09-2025,25-09-2025,29-09-2025,Delhivery,29,29,No,Yes,No,0
SHP-01730,ORD-01730,SUP-05,21-09-2025,24-09-2025,08-10-2025,Ekart,10,10,No,Yes,No,0
SHP-01731,ORD-01731,SUP-01,21-09-2025,25-09-2025,08-10-2025,Delhivery,12,12,No,Yes,No,0
SHP-01732,ORD-01732,SUP-02,22-09-2025,25-09-2025,27-09-2025,Ekart,9,9,No,Yes,No,0
SHP-01733,ORD-01733,SUP-02,23-09-2025,24-09-2025,30-09-2025,BlueDart,10,10,No,Yes,No,0
SHP-01734,ORD-01734,SUP-07,21-09-2025,30-09-2025,09-10-2025,BlueDart,10,10,No,Yes,No,0
SHP-01735,ORD-01735,SUP-08,23-09-2025,01-10-2025,09-10-2025,FedEx,16,19,No,No,No,0
SHP-01736,ORD-01736,SUP-08,22-09-2025,25-09-2025,08-10-2025,Ekart,61,61,No,Yes,No,0
SHP-01737,ORD-01737,SUP-03,22-09-2025,27-09-2025,26-09-2025,FedEx,27,27,Yes,Yes,Yes,1
SHP-01738,ORD-01738,SUP-04,21-09-2025,28-09-2025,29-09-2025,FedEx,45,45,No,Yes,No,0
SHP-01739,ORD-01739,SUP-04,21-09-2025,26-09-2025,27-09-2025,Ekart,19,19,No,Yes,No,0
SHP-01740,ORD-01740,SUP-02,22-09-2025,28-09-2025,29-09-2025,FedEx,18,18,No,Yes,No,0
SHP-01741,ORD-01741,SUP-07,23-09-2025,01-10-2025,11-10-2025,Ekart,20,20,No,Yes,No,0
SHP-01742,ORD-01742,SUP-08,22-09-2025,26-09-2025,09-10-2025,DHL,15,15,No,Yes,No,0
SHP-01743,ORD-01743,SUP-05,23-09-2025,28-09-2025,07-10-2025,DHL,26,26,No,Yes,No,0
SHP-01744,ORD-01744,SUP-05,24-09-2025,30-09-2025,11-10-2025,FedEx,11,11,No,Yes,No,0
SHP-01745,ORD-01745,SUP-06,24-09-2025,03-10-2025,01-10-2025,BlueDart,17,17,Yes,Yes,Yes,1
SHP-01746,ORD-01746,SUP-01,24-09-2025,26-09-2025,09-10-2025,Ekart,39,39,No,Yes,No,0
SHP-01747,ORD-01747,SUP-02,24-09-2025,29-09-2025,30-09-2025,Ekart,3,11,No,No,No,0
SHP-01748,ORD-01748,SUP-03,25-09-2025,26-09-2025,30-09-2025,Ekart,12,12,No,Yes,No,0
SHP-01749,ORD-01749,SUP-08,23-09-2025,27-09-2025,08-10-2025,Delhivery,15,15,No,Yes,No,0
SHP-01750,ORD-01750,SUP-04,25-09-2025,29-09-2025,02-10-2025,Delhivery,10,10,No,Yes,No,0
SHP-01751,ORD-01751,SUP-05,23-09-2025,01-10-2025,05-10-2025,FedEx,32,32,No,Yes,No,0
SHP-01752,ORD-01752,SUP-05,23-09-2025,26-09-2025,06-10-2025,BlueDart,2,2,No,Yes,No,0
SHP-01753,ORD-01753,SUP-02,24-09-2025,30-09-2025,01-10-2025,Ekart,27,27,No,Yes,No,0
SHP-01754,ORD-01754,SUP-03,26-09-2025,03-10-2025,04-10-2025,BlueDart,43,43,No,Yes,No,0
SHP-01755,ORD-01755,SUP-04,24-09-2025,03-10-2025,01-10-2025,Ekart,17,17,Yes,Yes,Yes,1
SHP-01756,ORD-01756,SUP-05,26-09-2025,03-10-2025,13-10-2025,Ekart,6,6,No,Yes,No,0
SHP-01757,ORD-01757,SUP-01,25-09-2025,05-10-2025,10-10-2025,BlueDart,33,33,No,Yes,No,0
SHP-01758,ORD-01758,SUP-06,26-09-2025,05-10-2025,05-10-2025,Ekart,12,12,Yes,Yes,Yes,1
SHP-01759,ORD-01759,SUP-01,25-09-2025,02-10-2025,07-10-2025,Delhivery,37,37,No,Yes,No,0
SHP-01760,ORD-01760,SUP-02,26-09-2025,28-09-2025,05-10-2025,FedEx,15,18,No,No,No,0
SHP-01761,ORD-01761,SUP-04,25-09-2025,05-10-2025,01-10-2025,Ekart,27,27,Yes,Yes,Yes,1
SHP-01762,ORD-01762,SUP-05,27-09-2025,29-09-2025,10-10-2025,FedEx,4,4,No,Yes,No,0
SHP-01763,ORD-01763,SUP-05,25-09-2025,29-09-2025,10-10-2025,FedEx,12,12,No,Yes,No,0
SHP-01764,ORD-01764,SUP-07,27-09-2025,06-10-2025,11-10-2025,FedEx,22,22,No,Yes,No,0
SHP-01765,ORD-01765,SUP-02,26-09-2025,04-10-2025,01-10-2025,FedEx,12,12,Yes,Yes,Yes,1
SHP-01766,ORD-01766,SUP-03,27-09-2025,02-10-2025,01-10-2025,BlueDart,47,47,Yes,Yes,Yes,1
SHP-01767,ORD-01767,SUP-04,28-09-2025,06-10-2025,04-10-2025,DHL,25,31,Yes,No,No,0
SHP-01768,ORD-01768,SUP-04,28-09-2025,30-09-2025,08-10-2025,FedEx,19,19,No,Yes,No,0
SHP-01769,ORD-01769,SUP-05,27-09-2025,06-10-2025,10-10-2025,Ekart,6,6,No,Yes,No,0
SHP-01770,ORD-01770,SUP-07,29-09-2025,06-10-2025,14-10-2025,Delhivery,11,11,No,Yes,No,0
SHP-01771,ORD-01771,SUP-07,29-09-2025,04-10-2025,17-10-2025,BlueDart,20,20,No,Yes,No,0
SHP-01772,ORD-01772,SUP-08,28-09-2025,02-10-2025,14-10-2025,BlueDart,15,15,No,Yes,No,0
SHP-01773,ORD-01773,SUP-03,28-09-2025,04-10-2025,01-10-2025,FedEx,11,11,Yes,Yes,Yes,1
SHP-01774,ORD-01774,SUP-04,29-09-2025,05-10-2025,07-10-2025,Delhivery,21,24,No,No,No,0
SHP-01775,ORD-01775,SUP-04,27-09-2025,05-10-2025,03-10-2025,FedEx,35,35,Yes,Yes,Yes,1
SHP-01776,ORD-01776,SUP-04,28-09-2025,01-10-2025,06-10-2025,Ekart,16,16,No,Yes,No,0
SHP-01777,ORD-01777,SUP-05,29-09-2025,01-10-2025,11-10-2025,FedEx,8,8,No,Yes,No,0
SHP-01778,ORD-01778,SUP-06,30-09-2025,04-10-2025,07-10-2025,Delhivery,40,40,No,Yes,No,0
SHP-01779,ORD-01779,SUP-01,30-09-2025,05-10-2025,13-10-2025,DHL,46,46,No,Yes,No,0
SHP-01780,ORD-01780,SUP-08,29-09-2025,03-10-2025,15-10-2025,FedEx,5,5,No,Yes,No,0
SHP-01781,ORD-01781,SUP-08,30-09-2025,07-10-2025,19-10-2025,Delhivery,39,39,No,Yes,No,0
SHP-01782,ORD-01782,SUP-05,30-09-2025,01-10-2025,17-10-2025,DHL,30,30,No,Yes,No,0
SHP-01783,ORD-01783,SUP-05,28-09-2025,03-10-2025,11-10-2025,Delhivery,6,6,No,Yes,No,0
SHP-01784,ORD-01784,SUP-05,29-09-2025,01-10-2025,12-10-2025,Ekart,7,7,No,Yes,No,0
SHP-01785,ORD-01785,SUP-01,29-09-2025,03-10-2025,12-10-2025,FedEx,23,23,No,Yes,No,0
SHP-01786,ORD-01786,SUP-06,30-09-2025,08-10-2025,09-10-2025,Ekart,18,18,No,Yes,No,0
SHP-01787,ORD-01787,SUP-01,01-10-2025,03-10-2025,14-10-2025,Ekart,41,41,No,Yes,No,0
SHP-01788,ORD-01788,SUP-05,01-10-2025,07-10-2025,18-10-2025,BlueDart,5,5,No,Yes,No,0
SHP-01789,ORD-01789,SUP-01,02-10-2025,06-10-2025,19-10-2025,DHL,14,20,No,No,No,0
SHP-01790,ORD-01790,SUP-02,30-09-2025,03-10-2025,05-10-2025,FedEx,15,17,No,No,No,0
SHP-01791,ORD-01791,SUP-07,30-09-2025,08-10-2025,15-10-2025,DHL,31,31,No,Yes,No,0
SHP-01792,ORD-01792,SUP-03,02-10-2025,07-10-2025,06-10-2025,BlueDart,57,57,Yes,Yes,Yes,1
SHP-01793,ORD-01793,SUP-04,30-09-2025,07-10-2025,06-10-2025,FedEx,59,59,Yes,Yes,Yes,1
SHP-01794,ORD-01794,SUP-08,03-10-2025,04-10-2025,18-10-2025,BlueDart,17,17,No,Yes,No,0
SHP-01795,ORD-01795,SUP-08,03-10-2025,05-10-2025,20-10-2025,Ekart,26,26,No,Yes,No,0
SHP-01796,ORD-01796,SUP-04,03-10-2025,05-10-2025,08-10-2025,FedEx,42,42,No,Yes,No,0
SHP-01797,ORD-01797,SUP-05,03-10-2025,09-10-2025,17-10-2025,FedEx,28,30,No,No,No,0
SHP-01798,ORD-01798,SUP-02,03-10-2025,05-10-2025,07-10-2025,Delhivery,16,16,No,Yes,No,0
SHP-01799,ORD-01799,SUP-03,04-10-2025,08-10-2025,10-10-2025,DHL,35,37,No,No,No,0
SHP-01800,ORD-01800,SUP-03,02-10-2025,05-10-2025,10-10-2025,DHL,26,26,No,Yes,No,0
SHP-01801,ORD-01801,SUP-04,03-10-2025,06-10-2025,11-10-2025,Ekart,17,17,No,Yes,No,0
SHP-01802,ORD-01802,SUP-04,04-10-2025,06-10-2025,10-10-2025,FedEx,37,37,No,Yes,No,0
SHP-01803,ORD-01803,SUP-05,02-10-2025,07-10-2025,17-10-2025,Ekart,8,8,No,Yes,No,0
SHP-01804,ORD-01804,SUP-01,05-10-2025,09-10-2025,18-10-2025,Delhivery,22,22,No,Yes,No,0
SHP-01805,ORD-01805,SUP-02,03-10-2025,10-10-2025,12-10-2025,BlueDart,7,13,No,No,No,0
SHP-01806,ORD-01806,SUP-07,05-10-2025,09-10-2025,23-10-2025,Ekart,40,40,No,Yes,No,0
SHP-01807,ORD-01807,SUP-02,04-10-2025,10-10-2025,09-10-2025,BlueDart,14,14,Yes,Yes,Yes,1
SHP-01808,ORD-01808,SUP-08,04-10-2025,11-10-2025,19-10-2025,BlueDart,26,26,No,Yes,No,0
SHP-01809,ORD-01809,SUP-04,03-10-2025,08-10-2025,09-10-2025,Delhivery,68,68,No,Yes,No,0
SHP-01810,ORD-01810,SUP-04,03-10-2025,10-10-2025,13-10-2025,BlueDart,28,28,No,Yes,No,0
SHP-01811,ORD-01811,SUP-01,04-10-2025,14-10-2025,17-10-2025,Delhivery,22,22,No,Yes,No,0
SHP-01812,ORD-01812,SUP-08,06-10-2025,13-10-2025,22-10-2025,BlueDart,37,37,No,Yes,No,0
SHP-01813,ORD-01813,SUP-03,06-10-2025,07-10-2025,10-10-2025,Ekart,30,30,No,Yes,No,0
SHP-01814,ORD-01814,SUP-04,05-10-2025,08-10-2025,11-10-2025,BlueDart,58,58,No,Yes,No,0
SHP-01815,ORD-01815,SUP-04,05-10-2025,07-10-2025,15-10-2025,BlueDart,25,25,No,Yes,No,0
SHP-01816,ORD-01816,SUP-06,05-10-2025,13-10-2025,14-10-2025,FedEx,22,22,No,Yes,No,0
SHP-01817,ORD-01817,SUP-02,06-10-2025,11-10-2025,11-10-2025,Delhivery,27,30,Yes,No,No,0
SHP-01818,ORD-01818,SUP-02,06-10-2025,12-10-2025,10-10-2025,FedEx,41,41,Yes,Yes,Yes,1
SHP-01819,ORD-01819,SUP-08,06-10-2025,11-10-2025,21-10-2025,BlueDart,12,19,No,No,No,0
SHP-01820,ORD-01820,SUP-03,07-10-2025,13-10-2025,11-10-2025,Delhivery,63,63,Yes,Yes,Yes,1
SHP-01821,ORD-01821,SUP-08,05-10-2025,15-10-2025,19-10-2025,DHL,25,25,No,Yes,No,0
SHP-01822,ORD-01822,SUP-04,07-10-2025,10-10-2025,15-10-2025,Ekart,12,12,No,Yes,No,0
SHP-01823,ORD-01823,SUP-05,07-10-2025,09-10-2025,20-10-2025,FedEx,33,33,No,Yes,No,0
SHP-01824,ORD-01824,SUP-05,06-10-2025,13-10-2025,23-10-2025,BlueDart,8,9,No,No,No,0
SHP-01825,ORD-01825,SUP-05,07-10-2025,14-10-2025,20-10-2025,DHL,12,15,No,No,No,0
SHP-01826,ORD-01826,SUP-07,06-10-2025,11-10-2025,22-10-2025,Delhivery,21,21,No,Yes,No,0
SHP-01827,ORD-01827,SUP-08,07-10-2025,15-10-2025,24-10-2025,Ekart,15,15,No,Yes,No,0
SHP-01828,ORD-01828,SUP-08,07-10-2025,09-10-2025,22-10-2025,Ekart,30,30,No,Yes,No,0
SHP-01829,ORD-01829,SUP-04,08-10-2025,15-10-2025,13-10-2025,Delhivery,31,31,Yes,Yes,Yes,1
SHP-01830,ORD-01830,SUP-04,06-10-2025,12-10-2025,12-10-2025,DHL,50,50,Yes,Yes,Yes,1
SHP-01831,ORD-01831,SUP-05,08-10-2025,11-10-2025,23-10-2025,DHL,41,41,No,Yes,No,0
SHP-01832,ORD-01832,SUP-05,07-10-2025,15-10-2025,21-10-2025,Delhivery,9,9,No,Yes,No,0
SHP-01833,ORD-01833,SUP-05,06-10-2025,11-10-2025,18-10-2025,Ekart,15,15,No,Yes,No,0
SHP-01834,ORD-01834,SUP-06,09-10-2025,11-10-2025,17-10-2025,DHL,19,19,No,Yes,No,0
SHP-01835,ORD-01835,SUP-02,07-10-2025,16-10-2025,12-10-2025,BlueDart,14,14,Yes,Yes,Yes,1
SHP-01836,ORD-01836,SUP-07,07-10-2025,16-10-2025,22-10-2025,Delhivery,48,48,No,Yes,No,0
SHP-01837,ORD-01837,SUP-07,08-10-2025,17-10-2025,24-10-2025,BlueDart,17,17,No,Yes,No,0
SHP-01838,ORD-01838,SUP-04,07-10-2025,12-10-2025,15-10-2025,DHL,72,72,No,Yes,No,0
SHP-01839,ORD-01839,SUP-05,07-10-2025,14-10-2025,19-10-2025,Ekart,59,59,No,Yes,No,0
SHP-01840,ORD-01840,SUP-05,07-10-2025,17-10-2025,19-10-2025,Ekart,8,8,No,Yes,No,0
SHP-01841,ORD-01841,SUP-05,08-10-2025,15-10-2025,20-10-2025,DHL,7,7,No,Yes,No,0
SHP-01842,ORD-01842,SUP-01,09-10-2025,15-10-2025,22-10-2025,Delhivery,42,42,No,Yes,No,0
SHP-01843,ORD-01843,SUP-01,08-10-2025,16-10-2025,21-10-2025,BlueDart,42,42,No,Yes,No,0
SHP-01844,ORD-01844,SUP-07,08-10-2025,11-10-2025,21-10-2025,FedEx,35,35,No,Yes,No,0
SHP-01845,ORD-01845,SUP-07,09-10-2025,13-10-2025,23-10-2025,BlueDart,11,19,No,No,No,0
SHP-01846,ORD-01846,SUP-08,10-10-2025,15-10-2025,26-10-2025,BlueDart,18,18,No,Yes,No,0
SHP-01847,ORD-01847,SUP-03,09-10-2025,18-10-2025,17-10-2025,Delhivery,31,31,Yes,Yes,Yes,1
SHP-01848,ORD-01848,SUP-04,10-10-2025,11-10-2025,15-10-2025,DHL,19,19,No,Yes,No,0
SHP-01849,ORD-01849,SUP-04,10-10-2025,15-10-2025,18-10-2025,FedEx,55,55,No,Yes,No,0
SHP-01850,ORD-01850,SUP-04,08-10-2025,15-10-2025,14-10-2025,Delhivery,32,32,Yes,Yes,Yes,1
SHP-01851,ORD-01851,SUP-05,09-10-2025,15-10-2025,24-10-2025,DHL,9,9,No,Yes,No,0
SHP-01852,ORD-01852,SUP-01,11-10-2025,19-10-2025,24-10-2025,Delhivery,48,48,No,Yes,No,0
SHP-01853,ORD-01853,SUP-01,10-10-2025,12-10-2025,25-10-2025,Delhivery,14,19,No,No,No,0
SHP-01854,ORD-01854,SUP-02,10-10-2025,18-10-2025,15-10-2025,BlueDart,27,27,Yes,Yes,Yes,1
SHP-01855,ORD-01855,SUP-08,09-10-2025,17-10-2025,24-10-2025,Ekart,20,20,No,Yes,No,0
SHP-01856,ORD-01856,SUP-03,09-10-2025,17-10-2025,12-10-2025,FedEx,27,27,Yes,Yes,Yes,1
SHP-01857,ORD-01857,SUP-05,09-10-2025,19-10-2025,22-10-2025,Ekart,5,5,No,Yes,No,0
SHP-01858,ORD-01858,SUP-05,09-10-2025,17-10-2025,22-10-2025,DHL,8,8,No,Yes,No,0
SHP-01859,ORD-01859,SUP-01,10-10-2025,15-10-2025,23-10-2025,Ekart,52,52,No,Yes,No,0
SHP-01860,ORD-01860,SUP-01,10-10-2025,13-10-2025,25-10-2025,FedEx,8,14,No,No,No,0
SHP-01861,ORD-01861,SUP-02,12-10-2025,18-10-2025,16-10-2025,BlueDart,42,43,Yes,No,No,0
SHP-01862,ORD-01862,SUP-03,10-10-2025,15-10-2025,14-10-2025,Delhivery,47,47,Yes,Yes,Yes,1
SHP-01863,ORD-01863,SUP-04,12-10-2025,17-10-2025,17-10-2025,Delhivery,50,50,Yes,Yes,Yes,1
SHP-01864,ORD-01864,SUP-05,10-10-2025,15-10-2025,24-10-2025,BlueDart,13,13,No,Yes,No,0
SHP-01865,ORD-01865,SUP-05,10-10-2025,17-10-2025,23-10-2025,DHL,9,9,No,Yes,No,0
SHP-01866,ORD-01866,SUP-07,12-10-2025,17-10-2025,28-10-2025,Delhivery,35,35,No,Yes,No,0
SHP-01867,ORD-01867,SUP-02,12-10-2025,19-10-2025,17-10-2025,DHL,30,30,Yes,Yes,Yes,1
SHP-01868,ORD-01868,SUP-07,13-10-2025,20-10-2025,27-10-2025,BlueDart,19,19,No,Yes,No,0
SHP-01869,ORD-01869,SUP-03,12-10-2025,16-10-2025,17-10-2025,FedEx,20,20,No,Yes,No,0
SHP-01870,ORD-01870,SUP-03,12-10-2025,19-10-2025,16-10-2025,Ekart,45,45,Yes,Yes,Yes,1
SHP-01871,ORD-01871,SUP-04,11-10-2025,20-10-2025,17-10-2025,FedEx,33,33,Yes,Yes,Yes,1
SHP-01872,ORD-01872,SUP-05,12-10-2025,15-10-2025,27-10-2025,DHL,6,6,No,Yes,No,0
SHP-01873,ORD-01873,SUP-01,14-10-2025,22-10-2025,27-10-2025,DHL,41,41,No,Yes,No,0
SHP-01874,ORD-01874,SUP-06,12-10-2025,21-10-2025,19-10-2025,FedEx,64,64,Yes,Yes,Yes,1
SHP-01875,ORD-01875,SUP-07,13-10-2025,17-10-2025,31-10-2025,BlueDart,17,17,No,Yes,No,0
SHP-01876,ORD-01876,SUP-07,13-10-2025,19-10-2025,31-10-2025,Delhivery,26,26,No,Yes,No,0
SHP-01877,ORD-01877,SUP-08,12-10-2025,22-10-2025,31-10-2025,BlueDart,13,13,No,Yes,No,0
SHP-01878,ORD-01878,SUP-04,13-10-2025,20-10-2025,19-10-2025,DHL,42,50,Yes,No,No,0
SHP-01879,ORD-01879,SUP-05,12-10-2025,22-10-2025,25-10-2025,DHL,48,48,No,Yes,No,0
SHP-01880,ORD-01880,SUP-03,14-10-2025,16-10-2025,18-10-2025,DHL,19,19,No,Yes,No,0
SHP-01881,ORD-01881,SUP-04,14-10-2025,23-10-2025,22-10-2025,Delhivery,17,17,Yes,Yes,Yes,1
SHP-01882,ORD-01882,SUP-04,13-10-2025,20-10-2025,20-10-2025,FedEx,71,71,Yes,Yes,Yes,1
SHP-01883,ORD-01883,SUP-05,15-10-2025,19-10-2025,01-11-2025,DHL,29,29,No,Yes,No,0
SHP-01884,ORD-01884,SUP-05,13-10-2025,21-10-2025,26-10-2025,FedEx,6,6,No,Yes,No,0
SHP-01885,ORD-01885,SUP-07,16-10-2025,24-10-2025,30-10-2025,DHL,15,15,No,Yes,No,0
SHP-01886,ORD-01886,SUP-08,14-10-2025,21-10-2025,29-10-2025,FedEx,35,35,No,Yes,No,0
SHP-01887,ORD-01887,SUP-04,16-10-2025,21-10-2025,24-10-2025,Delhivery,29,29,No,Yes,No,0
SHP-01888,ORD-01888,SUP-05,15-10-2025,19-10-2025,28-10-2025,DHL,4,4,No,Yes,No,0
SHP-01889,ORD-01889,SUP-06,17-10-2025,22-10-2025,24-10-2025,FedEx,45,45,No,Yes,No,0
SHP-01890,ORD-01890,SUP-01,17-10-2025,24-10-2025,31-10-2025,FedEx,34,36,No,No,No,0
SHP-01891,ORD-01891,SUP-03,16-10-2025,25-10-2025,21-10-2025,Delhivery,72,72,Yes,Yes,Yes,1
SHP-01892,ORD-01892,SUP-04,16-10-2025,19-10-2025,21-10-2025,Delhivery,37,37,No,Yes,No,0
SHP-01893,ORD-01893,SUP-04,15-10-2025,19-10-2025,21-10-2025,Ekart,50,50,No,Yes,No,0
SHP-01894,ORD-01894,SUP-04,17-10-2025,25-10-2025,23-10-2025,BlueDart,37,41,Yes,No,No,0
SHP-01895,ORD-01895,SUP-06,16-10-2025,25-10-2025,23-10-2025,FedEx,23,24,Yes,No,No,0
SHP-01896,ORD-01896,SUP-02,16-10-2025,20-10-2025,20-10-2025,Ekart,50,50,Yes,Yes,Yes,1
SHP-01897,ORD-01897,SUP-08,17-10-2025,22-10-2025,02-11-2025,BlueDart,17,17,No,Yes,No,0
SHP-01898,ORD-01898,SUP-03,17-10-2025,23-10-2025,23-10-2025,Delhivery,78,78,Yes,Yes,Yes,1
SHP-01899,ORD-01899,SUP-03,16-10-2025,20-10-2025,19-10-2025,FedEx,30,30,Yes,Yes,Yes,1
SHP-01900,ORD-01900,SUP-04,18-10-2025,22-10-2025,28-10-2025,FedEx,76,76,No,Yes,No,0
SHP-01901,ORD-01901,SUP-05,16-10-2025,20-10-2025,29-10-2025,Delhivery,6,6,No,Yes,No,0
SHP-01902,ORD-01902,SUP-01,18-10-2025,23-10-2025,04-11-2025,DHL,34,34,No,Yes,No,0
SHP-01903,ORD-01903,SUP-06,17-10-2025,21-10-2025,28-10-2025,BlueDart,29,29,No,Yes,No,0
SHP-01904,ORD-01904,SUP-07,17-10-2025,27-10-2025,02-11-2025,Ekart,17,17,No,Yes,No,0
SHP-01905,ORD-01905,SUP-08,17-10-2025,24-10-2025,01-11-2025,Ekart,29,29,No,Yes,No,0
SHP-01906,ORD-01906,SUP-08,19-10-2025,24-10-2025,07-11-2025,BlueDart,24,24,No,Yes,No,0
SHP-01907,ORD-01907,SUP-04,19-10-2025,20-10-2025,25-10-2025,FedEx,48,48,No,Yes,No,0
SHP-01908,ORD-01908,SUP-04,19-10-2025,26-10-2025,25-10-2025,FedEx,18,25,Yes,No,No,0
SHP-01909,ORD-01909,SUP-05,18-10-2025,22-10-2025,02-11-2025,Delhivery,39,39,No,Yes,No,0
SHP-01910,ORD-01910,SUP-05,18-10-2025,24-10-2025,31-10-2025,BlueDart,8,8,No,Yes,No,0
SHP-01911,ORD-01911,SUP-01,19-10-2025,23-10-2025,31-10-2025,BlueDart,34,35,No,No,No,0
SHP-01912,ORD-01912,SUP-06,20-10-2025,27-10-2025,27-10-2025,DHL,31,31,Yes,Yes,Yes,1
SHP-01913,ORD-01913,SUP-02,18-10-2025,27-10-2025,23-10-2025,DHL,33,33,Yes,Yes,Yes,1
SHP-01914,ORD-01914,SUP-07,18-10-2025,25-10-2025,01-11-2025,FedEx,25,25,No,Yes,No,0
SHP-01915,ORD-01915,SUP-07,20-10-2025,26-10-2025,07-11-2025,DHL,14,14,No,Yes,No,0
SHP-01916,ORD-01916,SUP-03,19-10-2025,27-10-2025,22-10-2025,Ekart,26,26,Yes,Yes,Yes,1
SHP-01917,ORD-01917,SUP-08,18-10-2025,27-10-2025,04-11-2025,FedEx,53,55,No,No,No,0
SHP-01918,ORD-01918,SUP-04,20-10-2025,24-10-2025,26-10-2025,Ekart,41,46,No,No,No,0
SHP-01919,ORD-01919,SUP-04,18-10-2025,27-10-2025,24-10-2025,Ekart,20,25,Yes,No,No,0
SHP-01920,ORD-01920,SUP-05,18-10-2025,25-10-2025,30-10-2025,Delhivery,13,13,No,Yes,No,0
SHP-01921,ORD-01921,SUP-01,19-10-2025,29-10-2025,02-11-2025,FedEx,34,34,No,Yes,No,0
SHP-01922,ORD-01922,SUP-07,19-10-2025,28-10-2025,02-11-2025,BlueDart,46,46,No,Yes,No,0
SHP-01923,ORD-01923,SUP-02,21-10-2025,29-10-2025,27-10-2025,Delhivery,8,13,Yes,No,No,0
SHP-01924,ORD-01924,SUP-03,19-10-2025,28-10-2025,23-10-2025,DHL,33,33,Yes,Yes,Yes,1
SHP-01925,ORD-01925,SUP-05,21-10-2025,26-10-2025,03-11-2025,BlueDart,25,25,No,Yes,No,0
SHP-01926,ORD-01926,SUP-05,20-10-2025,23-10-2025,02-11-2025,FedEx,14,15,No,No,No,0
SHP-01927,ORD-01927,SUP-01,21-10-2025,26-10-2025,07-11-2025,Ekart,23,23,No,Yes,No,0
SHP-01928,ORD-01928,SUP-02,20-10-2025,27-10-2025,26-10-2025,BlueDart,14,14,Yes,Yes,Yes,1
SHP-01929,ORD-01929,SUP-07,21-10-2025,30-10-2025,03-11-2025,BlueDart,13,13,No,Yes,No,0
SHP-01930,ORD-01930,SUP-08,20-10-2025,29-10-2025,04-11-2025,BlueDart,17,17,No,Yes,No,0
SHP-01931,ORD-01931,SUP-07,21-10-2025,27-10-2025,04-11-2025,FedEx,24,24,No,Yes,No,0
SHP-01932,ORD-01932,SUP-03,21-10-2025,28-10-2025,26-10-2025,BlueDart,39,39,Yes,Yes,Yes,1
SHP-01933,ORD-01933,SUP-04,21-10-2025,29-10-2025,26-10-2025,DHL,35,43,Yes,No,No,0
SHP-01934,ORD-01934,SUP-05,21-10-2025,28-10-2025,03-11-2025,BlueDart,38,38,No,Yes,No,0
SHP-01935,ORD-01935,SUP-05,22-10-2025,28-10-2025,04-11-2025,DHL,8,8,No,Yes,No,0
SHP-01936,ORD-01936,SUP-06,23-10-2025,30-10-2025,30-10-2025,Delhivery,29,29,Yes,Yes,Yes,1
SHP-01937,ORD-01937,SUP-01,22-10-2025,26-10-2025,05-11-2025,BlueDart,52,52,No,Yes,No,0
SHP-01938,ORD-01938,SUP-03,24-10-2025,30-10-2025,28-10-2025,BlueDart,21,21,Yes,Yes,Yes,1
SHP-01939,ORD-01939,SUP-08,22-10-2025,28-10-2025,10-11-2025,DHL,78,78,No,Yes,No,0
SHP-01940,ORD-01940,SUP-03,22-10-2025,01-11-2025,28-10-2025,DHL,40,46,Yes,No,No,0
SHP-01941,ORD-01941,SUP-04,22-10-2025,28-10-2025,30-10-2025,DHL,69,69,No,Yes,No,0
SHP-01942,ORD-01942,SUP-04,23-10-2025,31-10-2025,28-10-2025,FedEx,24,24,Yes,Yes,Yes,1
SHP-01943,ORD-01943,SUP-05,23-10-2025,26-10-2025,04-11-2025,DHL,11,11,No,Yes,No,0
SHP-01944,ORD-01944,SUP-05,23-10-2025,01-11-2025,05-11-2025,Delhivery,10,10,No,Yes,No,0
SHP-01945,ORD-01945,SUP-06,25-10-2025,31-10-2025,01-11-2025,BlueDart,29,29,No,Yes,No,0
SHP-01946,ORD-01946,SUP-02,25-10-2025,01-11-2025,30-10-2025,BlueDart,66,66,Yes,Yes,Yes,1
SHP-01947,ORD-01947,SUP-08,25-10-2025,27-10-2025,10-11-2025,Ekart,14,14,No,Yes,No,0
SHP-01948,ORD-01948,SUP-08,25-10-2025,27-10-2025,10-11-2025,DHL,61,61,No,Yes,No,0
SHP-01949,ORD-01949,SUP-04,24-10-2025,31-10-2025,31-10-2025,Ekart,74,74,Yes,Yes,Yes,1
SHP-01950,ORD-01950,SUP-04,23-10-2025,26-10-2025,28-10-2025,Ekart,28,28,No,Yes,No,0
SHP-01951,ORD-01951,SUP-05,24-10-2025,29-10-2025,06-11-2025,FedEx,29,29,No,Yes,No,0
SHP-01952,ORD-01952,SUP-05,24-10-2025,01-11-2025,06-11-2025,DHL,8,8,No,Yes,No,0
SHP-01953,ORD-01953,SUP-05,23-10-2025,28-10-2025,05-11-2025,BlueDart,20,20,No,Yes,No,0
SHP-01954,ORD-01954,SUP-06,24-10-2025,30-10-2025,31-10-2025,DHL,14,14,No,Yes,No,0
SHP-01955,ORD-01955,SUP-07,25-10-2025,01-11-2025,07-11-2025,BlueDart,25,25,No,Yes,No,0
SHP-01956,ORD-01956,SUP-07,24-10-2025,29-10-2025,09-11-2025,DHL,21,26,No,No,No,0
SHP-01957,ORD-01957,SUP-04,24-10-2025,30-10-2025,29-10-2025,FedEx,60,60,Yes,Yes,Yes,1
SHP-01958,ORD-01958,SUP-04,24-10-2025,03-11-2025,30-10-2025,BlueDart,31,39,Yes,No,No,0
SHP-01959,ORD-01959,SUP-05,24-10-2025,31-10-2025,08-11-2025,FedEx,6,6,No,Yes,No,0
SHP-01960,ORD-01960,SUP-06,27-10-2025,02-11-2025,04-11-2025,BlueDart,10,15,No,No,No,0
SHP-01961,ORD-01961,SUP-07,25-10-2025,31-10-2025,09-11-2025,FedEx,3,11,No,No,No,0
SHP-01962,ORD-01962,SUP-03,25-10-2025,29-10-2025,30-10-2025,BlueDart,51,51,No,Yes,No,0
SHP-01963,ORD-01963,SUP-04,27-10-2025,01-11-2025,02-11-2025,Ekart,35,38,No,No,No,0
SHP-01964,ORD-01964,SUP-04,25-10-2025,04-11-2025,31-10-2025,DHL,39,39,Yes,Yes,Yes,1
SHP-01965,ORD-01965,SUP-05,27-10-2025,28-10-2025,09-11-2025,Delhivery,17,17,No,Yes,No,0
SHP-01966,ORD-01966,SUP-01,27-10-2025,29-10-2025,10-11-2025,DHL,26,26,No,Yes,No,0
SHP-01967,ORD-01967,SUP-01,26-10-2025,03-11-2025,08-11-2025,FedEx,57,62,No,No,No,0
SHP-01968,ORD-01968,SUP-02,26-10-2025,02-11-2025,31-10-2025,BlueDart,35,35,Yes,Yes,Yes,1
SHP-01969,ORD-01969,SUP-02,26-10-2025,03-11-2025,31-10-2025,DHL,15,15,Yes,Yes,Yes,1
SHP-01970,ORD-01970,SUP-03,27-10-2025,05-11-2025,04-11-2025,Delhivery,27,27,Yes,Yes,Yes,1
SHP-01971,ORD-01971,SUP-04,28-10-2025,03-11-2025,04-11-2025,BlueDart,41,41,No,Yes,No,0
SHP-01972,ORD-01972,SUP-04,27-10-2025,01-11-2025,01-11-2025,DHL,32,32,Yes,Yes,Yes,1
SHP-01973,ORD-01973,SUP-05,28-10-2025,03-11-2025,09-11-2025,FedEx,31,31,No,Yes,No,0
SHP-01974,ORD-01974,SUP-05,26-10-2025,30-10-2025,08-11-2025,BlueDart,6,6,No,Yes,No,0
SHP-01975,ORD-01975,SUP-05,26-10-2025,01-11-2025,08-11-2025,DHL,18,23,No,No,No,0
SHP-01976,ORD-01976,SUP-01,28-10-2025,04-11-2025,09-11-2025,Delhivery,12,12,No,Yes,No,0
SHP-01977,ORD-01977,SUP-02,29-10-2025,01-11-2025,03-11-2025,Ekart,19,19,No,Yes,No,0
SHP-01978,ORD-01978,SUP-07,28-10-2025,01-11-2025,11-11-2025,Delhivery,15,15,No,Yes,No,0
SHP-01979,ORD-01979,SUP-03,27-10-2025,02-11-2025,30-10-2025,Ekart,35,35,Yes,Yes,Yes,1
SHP-01980,ORD-01980,SUP-04,27-10-2025,05-11-2025,02-11-2025,DHL,27,27,Yes,Yes,Yes,1
SHP-01981,ORD-01981,SUP-05,29-10-2025,31-10-2025,13-11-2025,BlueDart,30,30,No,Yes,No,0
SHP-01982,ORD-01982,SUP-05,28-10-2025,31-10-2025,11-11-2025,BlueDart,5,5,No,Yes,No,0
SHP-01983,ORD-01983,SUP-05,27-10-2025,02-11-2025,09-11-2025,Ekart,9,9,No,Yes,No,0
SHP-01984,ORD-01984,SUP-06,29-10-2025,03-11-2025,05-11-2025,FedEx,22,22,No,Yes,No,0
SHP-01985,ORD-01985,SUP-01,29-10-2025,06-11-2025,15-11-2025,DHL,56,56,No,Yes,No,0
SHP-01986,ORD-01986,SUP-07,29-10-2025,02-11-2025,16-11-2025,Ekart,16,16,No,Yes,No,0
SHP-01987,ORD-01987,SUP-07,30-10-2025,01-11-2025,17-11-2025,Delhivery,16,21,No,No,No,0
SHP-01988,ORD-01988,SUP-03,29-10-2025,07-11-2025,03-11-2025,Ekart,20,20,Yes,Yes,Yes,1
SHP-01989,ORD-01989,SUP-04,30-10-2025,05-11-2025,05-11-2025,Delhivery,68,68,Yes,Yes,Yes,1
SHP-01990,ORD-01990,SUP-04,28-10-2025,04-11-2025,03-11-2025,FedEx,28,29,Yes,No,No,0
SHP-01991,ORD-01991,SUP-04,29-10-2025,07-11-2025,04-11-2025,FedEx,41,41,Yes,Yes,Yes,1
SHP-01992,ORD-01992,SUP-05,29-10-2025,01-11-2025,11-11-2025,BlueDart,47,47,No,Yes,No,0
SHP-01993,ORD-01993,SUP-05,29-10-2025,06-11-2025,11-11-2025,BlueDart,9,9,No,Yes,No,0
SHP-01994,ORD-01994,SUP-01,30-10-2025,05-11-2025,14-11-2025,DHL,14,14,No,Yes,No,0
SHP-01995,ORD-01995,SUP-01,29-10-2025,02-11-2025,11-11-2025,BlueDart,67,67,No,Yes,No,0
SHP-01996,ORD-01996,SUP-08,29-10-2025,07-11-2025,13-11-2025,Ekart,2,2,No,Yes,No,0
SHP-01997,ORD-01997,SUP-03,31-10-2025,07-11-2025,05-11-2025,DHL,55,55,Yes,Yes,Yes,1
SHP-01998,ORD-01998,SUP-08,30-10-2025,02-11-2025,14-11-2025,FedEx,11,11,No,Yes,No,0
SHP-01999,ORD-01999,SUP-04,30-10-2025,07-11-2025,09-11-2025,BlueDart,49,49,No,Yes,No,0
SHP-02000,ORD-02000,SUP-04,31-10-2025,08-11-2025,06-11-2025,Delhivery,22,22,Yes,Yes,Yes,1
SHP-02001,ORD-02001,SUP-06,30-10-2025,07-11-2025,06-11-2025,BlueDart,41,41,Yes,Yes,Yes,1
SHP-02002,ORD-02002,SUP-03,31-10-2025,07-11-2025,03-11-2025,Delhivery,48,48,Yes,Yes,Yes,1
SHP-02003,ORD-02003,SUP-08,30-10-2025,06-11-2025,16-11-2025,Delhivery,26,26,No,Yes,No,0
SHP-02004,ORD-02004,SUP-04,01-11-2025,07-11-2025,06-11-2025,DHL,33,33,Yes,Yes,Yes,1
SHP-02005,ORD-02005,SUP-05,31-10-2025,07-11-2025,13-11-2025,Ekart,27,27,No,Yes,No,0
SHP-02006,ORD-02006,SUP-05,31-10-2025,06-11-2025,13-11-2025,Ekart,8,8,No,Yes,No,0
SHP-02007,ORD-02007,SUP-06,31-10-2025,09-11-2025,07-11-2025,DHL,32,32,Yes,Yes,Yes,1
SHP-02008,ORD-02008,SUP-07,31-10-2025,10-11-2025,14-11-2025,Delhivery,17,17,No,Yes,No,0
SHP-02009,ORD-02009,SUP-02,02-11-2025,07-11-2025,07-11-2025,DHL,23,23,Yes,Yes,Yes,1
SHP-02010,ORD-02010,SUP-08,01-11-2025,04-11-2025,16-11-2025,BlueDart,22,22,No,Yes,No,0
SHP-02011,ORD-02011,SUP-08,02-11-2025,09-11-2025,18-11-2025,Delhivery,21,21,No,Yes,No,0
SHP-02012,ORD-02012,SUP-04,31-10-2025,09-11-2025,05-11-2025,Delhivery,28,28,Yes,Yes,Yes,1
SHP-02013,ORD-02013,SUP-05,01-11-2025,06-11-2025,14-11-2025,Ekart,8,8,No,Yes,No,0
SHP-02014,ORD-02014,SUP-01,02-11-2025,11-11-2025,15-11-2025,Delhivery,63,68,No,No,No,0
SHP-02015,ORD-02015,SUP-01,01-11-2025,07-11-2025,13-11-2025,FedEx,23,23,No,Yes,No,0
SHP-02016,ORD-02016,SUP-06,03-11-2025,04-11-2025,14-11-2025,DHL,64,66,No,No,No,0
SHP-02017,ORD-02017,SUP-02,03-11-2025,10-11-2025,08-11-2025,FedEx,19,19,Yes,Yes,Yes,1
SHP-02018,ORD-02018,SUP-05,02-11-2025,09-11-2025,19-11-2025,BlueDart,27,27,No,Yes,No,0
SHP-02019,ORD-02019,SUP-05,01-11-2025,06-11-2025,14-11-2025,BlueDart,3,3,No,Yes,No,0
SHP-02020,ORD-02020,SUP-01,02-11-2025,12-11-2025,19-11-2025,Delhivery,36,36,No,Yes,No,0
SHP-02021,ORD-02021,SUP-01,03-11-2025,10-11-2025,17-11-2025,DHL,49,49,No,Yes,No,0
SHP-02022,ORD-02022,SUP-02,02-11-2025,12-11-2025,07-11-2025,Ekart,11,13,Yes,No,No,0
SHP-02023,ORD-02023,SUP-03,02-11-2025,12-11-2025,07-11-2025,Delhivery,18,18,Yes,Yes,Yes,1
SHP-02024,ORD-02024,SUP-04,03-11-2025,10-11-2025,10-11-2025,Ekart,48,48,Yes,Yes,Yes,1
SHP-02025,ORD-02025,SUP-07,03-11-2025,10-11-2025,18-11-2025,BlueDart,19,20,No,No,No,0
SHP-02026,ORD-02026,SUP-03,05-11-2025,11-11-2025,10-11-2025,FedEx,27,27,Yes,Yes,Yes,1
SHP-02027,ORD-02027,SUP-04,04-11-2025,07-11-2025,10-11-2025,DHL,82,82,No,Yes,No,0
SHP-02028,ORD-02028,SUP-05,05-11-2025,08-11-2025,20-11-2025,FedEx,13,13,No,Yes,No,0
SHP-02029,ORD-02029,SUP-01,06-11-2025,13-11-2025,21-11-2025,Ekart,36,36,No,Yes,No,0
SHP-02030,ORD-02030,SUP-07,04-11-2025,12-11-2025,20-11-2025,Ekart,25,25,No,Yes,No,0
SHP-02031,ORD-02031,SUP-02,04-11-2025,11-11-2025,08-11-2025,DHL,39,39,Yes,Yes,Yes,1
SHP-02032,ORD-02032,SUP-02,04-11-2025,13-11-2025,11-11-2025,FedEx,23,23,Yes,Yes,Yes,1
SHP-02033,ORD-02033,SUP-08,05-11-2025,14-11-2025,24-11-2025,BlueDart,15,15,No,Yes,No,0
SHP-02034,ORD-02034,SUP-08,05-11-2025,07-11-2025,20-11-2025,DHL,21,21,No,Yes,No,0
SHP-02035,ORD-02035,SUP-04,05-11-2025,07-11-2025,10-11-2025,BlueDart,96,96,No,Yes,No,0
SHP-02036,ORD-02036,SUP-04,05-11-2025,07-11-2025,11-11-2025,BlueDart,33,33,No,Yes,No,0
SHP-02037,ORD-02037,SUP-05,06-11-2025,10-11-2025,19-11-2025,FedEx,9,9,No,Yes,No,0
SHP-02038,ORD-02038,SUP-08,07-11-2025,10-11-2025,22-11-2025,DHL,42,42,No,Yes,No,0
SHP-02039,ORD-02039,SUP-05,07-11-2025,09-11-2025,20-11-2025,FedEx,56,56,No,Yes,No,0
SHP-02040,ORD-02040,SUP-05,05-11-2025,09-11-2025,17-11-2025,Delhivery,7,7,No,Yes,No,0
SHP-02041,ORD-02041,SUP-03,08-11-2025,10-11-2025,14-11-2025,Ekart,14,14,No,Yes,No,0
SHP-02042,ORD-02042,SUP-03,07-11-2025,12-11-2025,13-11-2025,Delhivery,52,53,No,No,No,0
SHP-02043,ORD-02043,SUP-04,06-11-2025,16-11-2025,11-11-2025,FedEx,91,91,Yes,Yes,Yes,1
SHP-02044,ORD-02044,SUP-04,08-11-2025,14-11-2025,15-11-2025,FedEx,44,44,No,Yes,No,0
SHP-02045,ORD-02045,SUP-05,07-11-2025,13-11-2025,22-11-2025,FedEx,15,15,No,Yes,No,0
SHP-02046,ORD-02046,SUP-01,08-11-2025,16-11-2025,21-11-2025,FedEx,56,60,No,No,No,0
SHP-02047,ORD-02047,SUP-01,09-11-2025,16-11-2025,22-11-2025,BlueDart,29,29,No,Yes,No,0
SHP-02048,ORD-02048,SUP-03,08-11-2025,11-11-2025,16-11-2025,DHL,64,64,No,Yes,No,0
SHP-02049,ORD-02049,SUP-04,08-11-2025,10-11-2025,14-11-2025,BlueDart,30,30,No,Yes,No,0
SHP-02050,ORD-02050,SUP-05,08-11-2025,15-11-2025,25-11-2025,Delhivery,8,13,No,No,No,0
SHP-02051,ORD-02051,SUP-01,08-11-2025,16-11-2025,20-11-2025,Delhivery,36,36,No,Yes,No,0
SHP-02052,ORD-02052,SUP-07,09-11-2025,17-11-2025,27-11-2025,Ekart,13,13,No,Yes,No,0
SHP-02053,ORD-02053,SUP-03,08-11-2025,16-11-2025,14-11-2025,Delhivery,52,52,Yes,Yes,Yes,1
SHP-02054,ORD-02054,SUP-04,09-11-2025,17-11-2025,15-11-2025,Ekart,78,78,Yes,Yes,Yes,1
SHP-02055,ORD-02055,SUP-04,09-11-2025,17-11-2025,16-11-2025,FedEx,48,48,Yes,Yes,Yes,1
SHP-02056,ORD-02056,SUP-04,08-11-2025,15-11-2025,14-11-2025,Delhivery,49,49,Yes,Yes,Yes,1
SHP-02057,ORD-02057,SUP-05,09-11-2025,14-11-2025,22-11-2025,DHL,24,24,No,Yes,No,0
SHP-02058,ORD-02058,SUP-05,10-11-2025,11-11-2025,23-11-2025,DHL,7,9,No,No,No,0
SHP-02059,ORD-02059,SUP-05,09-11-2025,14-11-2025,26-11-2025,FedEx,11,11,No,Yes,No,0
SHP-02060,ORD-02060,SUP-06,10-11-2025,19-11-2025,17-11-2025,Delhivery,34,34,Yes,Yes,Yes,1
SHP-02061,ORD-02061,SUP-06,09-11-2025,18-11-2025,20-11-2025,DHL,39,42,No,No,No,0
SHP-02062,ORD-02062,SUP-07,10-11-2025,16-11-2025,24-11-2025,Delhivery,2,2,No,Yes,No,0
SHP-02063,ORD-02063,SUP-07,10-11-2025,13-11-2025,26-11-2025,FedEx,40,40,No,Yes,No,0
SHP-02064,ORD-02064,SUP-07,10-11-2025,12-11-2025,24-11-2025,Ekart,14,14,No,Yes,No,0
SHP-02065,ORD-02065,SUP-08,11-11-2025,14-11-2025,26-11-2025,Ekart,13,18,No,No,No,0
SHP-02066,ORD-02066,SUP-08,11-11-2025,17-11-2025,26-11-2025,BlueDart,83,83,No,Yes,No,0
SHP-02067,ORD-02067,SUP-08,10-11-2025,15-11-2025,27-11-2025,FedEx,24,25,No,No,No,0
SHP-02068,ORD-02068,SUP-04,11-11-2025,12-11-2025,17-11-2025,Ekart,23,23,No,Yes,No,0
SHP-02069,ORD-02069,SUP-05,09-11-2025,12-11-2025,22-11-2025,BlueDart,38,38,No,Yes,No,0
SHP-02070,ORD-02070,SUP-05,09-11-2025,16-11-2025,26-11-2025,FedEx,10,10,No,Yes,No,0
SHP-02071,ORD-02071,SUP-05,09-11-2025,19-11-2025,23-11-2025,DHL,8,8,No,Yes,No,0
SHP-02072,ORD-02072,SUP-01,12-11-2025,16-11-2025,25-11-2025,Delhivery,32,32,No,Yes,No,0
SHP-02073,ORD-02073,SUP-06,12-11-2025,14-11-2025,19-11-2025,BlueDart,49,49,No,Yes,No,0
SHP-02074,ORD-02074,SUP-02,12-11-2025,18-11-2025,16-11-2025,DHL,33,33,Yes,Yes,Yes,1
SHP-02075,ORD-02075,SUP-02,10-11-2025,19-11-2025,15-11-2025,DHL,20,20,Yes,Yes,Yes,1
SHP-02076,ORD-02076,SUP-08,11-11-2025,16-11-2025,27-11-2025,BlueDart,28,28,No,Yes,No,0
SHP-02077,ORD-02077,SUP-04,11-11-2025,19-11-2025,17-11-2025,FedEx,26,26,Yes,Yes,Yes,1
SHP-02078,ORD-02078,SUP-04,11-11-2025,16-11-2025,16-11-2025,DHL,12,12,Yes,Yes,Yes,1
SHP-02079,ORD-02079,SUP-05,11-11-2025,15-11-2025,23-11-2025,Ekart,11,11,No,Yes,No,0
SHP-02080,ORD-02080,SUP-05,10-11-2025,17-11-2025,23-11-2025,Delhivery,10,10,No,Yes,No,0
SHP-02081,ORD-02081,SUP-01,11-11-2025,14-11-2025,24-11-2025,Delhivery,21,21,No,Yes,No,0
SHP-02082,ORD-02082,SUP-01,13-11-2025,21-11-2025,28-11-2025,DHL,53,53,No,Yes,No,0
SHP-02083,ORD-02083,SUP-02,13-11-2025,20-11-2025,18-11-2025,FedEx,28,28,Yes,Yes,Yes,1
SHP-02084,ORD-02084,SUP-04,12-11-2025,20-11-2025,18-11-2025,Delhivery,39,39,Yes,Yes,Yes,1
SHP-02085,ORD-02085,SUP-04,13-11-2025,19-11-2025,19-11-2025,BlueDart,43,43,Yes,Yes,Yes,1
SHP-02086,ORD-02086,SUP-04,11-11-2025,18-11-2025,21-11-2025,BlueDart,18,18,No,Yes,No,0
SHP-02087,ORD-02087,SUP-05,13-11-2025,18-11-2025,28-11-2025,Ekart,45,45,No,Yes,No,0
SHP-02088,ORD-02088,SUP-05,11-11-2025,17-11-2025,24-11-2025,Ekart,10,10,No,Yes,No,0
SHP-02089,ORD-02089,SUP-01,12-11-2025,18-11-2025,29-11-2025,FedEx,23,23,No,Yes,No,0
SHP-02090,ORD-02090,SUP-06,12-11-2025,17-11-2025,23-11-2025,Ekart,43,43,No,Yes,No,0
SHP-02091,ORD-02091,SUP-07,13-11-2025,17-11-2025,29-11-2025,BlueDart,15,15,No,Yes,No,0
SHP-02092,ORD-02092,SUP-03,13-11-2025,15-11-2025,16-11-2025,DHL,21,21,No,Yes,No,0
SHP-02093,ORD-02093,SUP-08,13-11-2025,15-11-2025,29-11-2025,FedEx,35,41,No,No,No,0
SHP-02094,ORD-02094,SUP-04,14-11-2025,20-11-2025,22-11-2025,BlueDart,49,49,No,Yes,No,0
SHP-02095,ORD-02095,SUP-04,12-11-2025,20-11-2025,18-11-2025,BlueDart,47,47,Yes,Yes,Yes,1
SHP-02096,ORD-02096,SUP-05,13-11-2025,16-11-2025,25-11-2025,BlueDart,13,13,No,Yes,No,0
SHP-02097,ORD-02097,SUP-01,13-11-2025,22-11-2025,26-11-2025,BlueDart,13,13,No,Yes,No,0
SHP-02098,ORD-02098,SUP-07,14-11-2025,19-11-2025,02-12-2025,BlueDart,21,21,No,Yes,No,0
SHP-02099,ORD-02099,SUP-02,13-11-2025,23-11-2025,19-11-2025,Ekart,29,29,Yes,Yes,Yes,1
SHP-02100,ORD-02100,SUP-03,14-11-2025,16-11-2025,18-11-2025,BlueDart,20,20,No,Yes,No,0
SHP-02101,ORD-02101,SUP-04,13-11-2025,21-11-2025,19-11-2025,DHL,82,82,Yes,Yes,Yes,1
SHP-02102,ORD-02102,SUP-04,14-11-2025,18-11-2025,21-11-2025,Delhivery,14,14,No,Yes,No,0
SHP-02103,ORD-02103,SUP-05,13-11-2025,19-11-2025,27-11-2025,BlueDart,20,20,No,Yes,No,0
SHP-02104,ORD-02104,SUP-06,16-11-2025,18-11-2025,25-11-2025,DHL,27,27,No,Yes,No,0
SHP-02105,ORD-02105,SUP-06,15-11-2025,19-11-2025,22-11-2025,Delhivery,27,27,No,Yes,No,0
SHP-02106,ORD-02106,SUP-01,16-11-2025,21-11-2025,01-12-2025,Ekart,27,34,No,No,No,0
SHP-02107,ORD-02107,SUP-07,15-11-2025,24-11-2025,29-11-2025,FedEx,17,17,No,Yes,No,0
SHP-02108,ORD-02108,SUP-08,16-11-2025,24-11-2025,01-12-2025,Delhivery,21,22,No,No,No,0
SHP-02109,ORD-02109,SUP-08,16-11-2025,17-11-2025,30-11-2025,Ekart,85,85,No,Yes,No,0
SHP-02110,ORD-02110,SUP-03,15-11-2025,20-11-2025,21-11-2025,BlueDart,25,27,No,No,No,0
SHP-02111,ORD-02111,SUP-04,16-11-2025,23-11-2025,22-11-2025,Ekart,43,43,Yes,Yes,Yes,1
SHP-02112,ORD-02112,SUP-05,14-11-2025,22-11-2025,26-11-2025,FedEx,6,6,No,Yes,No,0
SHP-02113,ORD-02113,SUP-06,16-11-2025,19-11-2025,23-11-2025,Ekart,74,74,No,Yes,No,0
SHP-02114,ORD-02114,SUP-02,17-11-2025,20-11-2025,22-11-2025,FedEx,8,10,No,No,No,0
SHP-02115,ORD-02115,SUP-03,17-11-2025,21-11-2025,21-11-2025,DHL,18,18,Yes,Yes,Yes,1
SHP-02116,ORD-02116,SUP-03,16-11-2025,18-11-2025,20-11-2025,Ekart,27,27,No,Yes,No,0
SHP-02117,ORD-02117,SUP-04,17-11-2025,25-11-2025,23-11-2025,FedEx,16,16,Yes,Yes,Yes,1
SHP-02118,ORD-02118,SUP-05,17-11-2025,19-11-2025,30-11-2025,Delhivery,4,4,No,Yes,No,0
SHP-02119,ORD-02119,SUP-05,17-11-2025,19-11-2025,02-12-2025,Ekart,11,11,No,Yes,No,0
SHP-02120,ORD-02120,SUP-01,17-11-2025,22-11-2025,30-11-2025,Delhivery,35,35,No,Yes,No,0
SHP-02121,ORD-02121,SUP-01,17-11-2025,22-11-2025,04-12-2025,DHL,37,37,No,Yes,No,0
SHP-02122,ORD-02122,SUP-02,16-11-2025,23-11-2025,23-11-2025,DHL,28,28,Yes,Yes,Yes,1
SHP-02123,ORD-02123,SUP-07,17-11-2025,22-11-2025,02-12-2025,Delhivery,15,15,No,Yes,No,0
SHP-02124,ORD-02124,SUP-03,16-11-2025,20-11-2025,19-11-2025,Delhivery,18,24,Yes,No,No,0
SHP-02125,ORD-02125,SUP-04,17-11-2025,22-11-2025,23-11-2025,FedEx,64,64,No,Yes,No,0
SHP-02126,ORD-02126,SUP-05,18-11-2025,25-11-2025,02-12-2025,Delhivery,6,6,No,Yes,No,0
SHP-02127,ORD-02127,SUP-07,18-11-2025,21-11-2025,01-12-2025,BlueDart,34,34,No,Yes,No,0
SHP-02128,ORD-02128,SUP-03,18-11-2025,26-11-2025,22-11-2025,DHL,15,15,Yes,Yes,Yes,1
SHP-02129,ORD-02129,SUP-08,18-11-2025,25-11-2025,02-12-2025,BlueDart,50,50,No,Yes,No,0
SHP-02130,ORD-02130,SUP-04,17-11-2025,25-11-2025,22-11-2025,Ekart,41,41,Yes,Yes,Yes,1
SHP-02131,ORD-02131,SUP-04,17-11-2025,23-11-2025,25-11-2025,FedEx,28,28,No,Yes,No,0
SHP-02132,ORD-02132,SUP-05,19-11-2025,25-11-2025,06-12-2025,Delhivery,44,44,No,Yes,No,0
SHP-02133,ORD-02133,SUP-05,18-11-2025,26-11-2025,01-12-2025,BlueDart,13,13,No,Yes,No,0
SHP-02134,ORD-02134,SUP-01,20-11-2025,27-11-2025,03-12-2025,FedEx,1,4,No,No,No,0
SHP-02135,ORD-02135,SUP-07,18-11-2025,26-11-2025,01-12-2025,BlueDart,38,38,No,Yes,No,0
SHP-02136,ORD-02136,SUP-03,19-11-2025,23-11-2025,22-11-2025,Delhivery,42,43,Yes,No,No,0
SHP-02137,ORD-02137,SUP-08,18-11-2025,24-11-2025,03-12-2025,DHL,17,17,No,Yes,No,0
SHP-02138,ORD-02138,SUP-04,18-11-2025,25-11-2025,26-11-2025,DHL,50,50,No,Yes,No,0
SHP-02139,ORD-02139,SUP-04,20-11-2025,27-11-2025,28-11-2025,FedEx,21,21,No,Yes,No,0
SHP-02140,ORD-02140,SUP-05,20-11-2025,22-11-2025,07-12-2025,FedEx,8,8,No,Yes,No,0
SHP-02141,ORD-02141,SUP-01,21-11-2025,25-11-2025,05-12-2025,FedEx,13,13,No,Yes,No,0
SHP-02142,ORD-02142,SUP-01,20-11-2025,26-11-2025,03-12-2025,FedEx,42,42,No,Yes,No,0
SHP-02143,ORD-02143,SUP-07,20-11-2025,23-11-2025,04-12-2025,FedEx,14,14,No,Yes,No,0
SHP-02144,ORD-02144,SUP-07,19-11-2025,27-11-2025,04-12-2025,FedEx,25,25,No,Yes,No,0
SHP-02145,ORD-02145,SUP-03,19-11-2025,29-11-2025,23-11-2025,BlueDart,19,19,Yes,Yes,Yes,1
SHP-02146,ORD-02146,SUP-03,21-11-2025,27-11-2025,27-11-2025,Delhivery,49,49,Yes,Yes,Yes,1
SHP-02147,ORD-02147,SUP-05,19-11-2025,25-11-2025,04-12-2025,DHL,5,5,No,Yes,No,0
SHP-02148,ORD-02148,SUP-02,21-11-2025,30-11-2025,27-11-2025,Delhivery,26,26,Yes,Yes,Yes,1
SHP-02149,ORD-02149,SUP-03,20-11-2025,24-11-2025,25-11-2025,Delhivery,45,50,No,No,No,0
SHP-02150,ORD-02150,SUP-05,21-11-2025,29-11-2025,03-12-2025,DHL,16,16,No,Yes,No,0
SHP-02151,ORD-02151,SUP-05,22-11-2025,23-11-2025,05-12-2025,BlueDart,15,15,No,Yes,No,0
SHP-02152,ORD-02152,SUP-06,22-11-2025,24-11-2025,03-12-2025,BlueDart,63,63,No,Yes,No,0
SHP-02153,ORD-02153,SUP-02,22-11-2025,29-11-2025,26-11-2025,BlueDart,16,16,Yes,Yes,Yes,1
SHP-02154,ORD-02154,SUP-03,21-11-2025,24-11-2025,25-11-2025,Delhivery,31,31,No,Yes,No,0
SHP-02155,ORD-02155,SUP-04,21-11-2025,24-11-2025,26-11-2025,Delhivery,20,20,No,Yes,No,0
SHP-02156,ORD-02156,SUP-05,22-11-2025,28-11-2025,06-12-2025,Delhivery,44,44,No,Yes,No,0
SHP-02157,ORD-02157,SUP-06,23-11-2025,27-11-2025,30-11-2025,Ekart,10,10,No,Yes,No,0
SHP-02158,ORD-02158,SUP-02,22-11-2025,29-11-2025,27-11-2025,Ekart,39,39,Yes,Yes,Yes,1
SHP-02159,ORD-02159,SUP-02,23-11-2025,27-11-2025,28-11-2025,Ekart,13,13,No,Yes,No,0
SHP-02160,ORD-02160,SUP-03,22-11-2025,30-11-2025,26-11-2025,FedEx,14,14,Yes,Yes,Yes,1
SHP-02161,ORD-02161,SUP-03,23-11-2025,25-11-2025,27-11-2025,Ekart,39,39,No,Yes,No,0
SHP-02162,ORD-02162,SUP-04,24-11-2025,30-11-2025,30-11-2025,Delhivery,72,72,Yes,Yes,Yes,1
SHP-02163,ORD-02163,SUP-04,22-11-2025,25-11-2025,28-11-2025,Delhivery,25,33,No,No,No,0
SHP-02164,ORD-02164,SUP-05,23-11-2025,26-11-2025,06-12-2025,DHL,7,10,No,No,No,0
SHP-02165,ORD-02165,SUP-06,25-11-2025,01-12-2025,02-12-2025,Ekart,22,22,No,Yes,No,0
SHP-02166,ORD-02166,SUP-01,25-11-2025,27-11-2025,08-12-2025,DHL,3,3,No,Yes,No,0
SHP-02167,ORD-02167,SUP-03,23-11-2025,29-11-2025,01-12-2025,BlueDart,20,23,No,No,No,0
SHP-02168,ORD-02168,SUP-08,25-11-2025,30-11-2025,09-12-2025,BlueDart,70,77,No,No,No,0
SHP-02169,ORD-02169,SUP-08,23-11-2025,29-11-2025,09-12-2025,DHL,17,23,No,No,No,0
SHP-02170,ORD-02170,SUP-04,23-11-2025,29-11-2025,29-11-2025,FedEx,44,44,Yes,Yes,Yes,1
SHP-02171,ORD-02171,SUP-04,25-11-2025,26-11-2025,30-11-2025,Delhivery,33,33,No,Yes,No,0
SHP-02172,ORD-02172,SUP-01,25-11-2025,27-11-2025,08-12-2025,Delhivery,10,10,No,Yes,No,0
SHP-02173,ORD-02173,SUP-07,26-11-2025,02-12-2025,12-12-2025,Delhivery,15,15,No,Yes,No,0
SHP-02174,ORD-02174,SUP-02,24-11-2025,29-11-2025,28-11-2025,Ekart,18,19,Yes,No,No,0
SHP-02175,ORD-02175,SUP-03,26-11-2025,29-11-2025,04-12-2025,Delhivery,30,30,No,Yes,No,0
SHP-02176,ORD-02176,SUP-03,26-11-2025,02-12-2025,30-11-2025,BlueDart,21,21,Yes,Yes,Yes,1
SHP-02177,ORD-02177,SUP-04,26-11-2025,03-12-2025,01-12-2025,DHL,42,46,Yes,No,No,0
SHP-02178,ORD-02178,SUP-04,24-11-2025,03-12-2025,30-11-2025,Ekart,52,52,Yes,Yes,Yes,1
SHP-02179,ORD-02179,SUP-04,26-11-2025,30-11-2025,04-12-2025,BlueDart,11,15,No,No,No,0
SHP-02180,ORD-02180,SUP-05,26-11-2025,27-11-2025,09-12-2025,FedEx,24,24,No,Yes,No,0
SHP-02181,ORD-02181,SUP-06,25-11-2025,01-12-2025,02-12-2025,FedEx,29,29,No,Yes,No,0
SHP-02182,ORD-02182,SUP-01,27-11-2025,04-12-2025,12-12-2025,Delhivery,19,21,No,No,No,0
SHP-02183,ORD-02183,SUP-02,27-11-2025,05-12-2025,04-12-2025,BlueDart,17,17,Yes,Yes,Yes,1
SHP-02184,ORD-02184,SUP-08,27-11-2025,29-11-2025,12-12-2025,DHL,11,11,No,Yes,No,0
SHP-02185,ORD-02185,SUP-05,25-11-2025,30-11-2025,12-12-2025,Delhivery,21,21,No,Yes,No,0
SHP-02186,ORD-02186,SUP-05,25-11-2025,01-12-2025,07-12-2025,Ekart,10,10,No,Yes,No,0
SHP-02187,ORD-02187,SUP-05,27-11-2025,28-11-2025,14-12-2025,BlueDart,10,10,No,Yes,No,0
SHP-02188,ORD-02188,SUP-06,27-11-2025,06-12-2025,04-12-2025,Ekart,43,43,Yes,Yes,Yes,1
SHP-02189,ORD-02189,SUP-07,26-11-2025,29-11-2025,09-12-2025,BlueDart,46,46,No,Yes,No,0
SHP-02190,ORD-02190,SUP-04,26-11-2025,29-11-2025,04-12-2025,Delhivery,39,39,No,Yes,No,0
SHP-02191,ORD-02191,SUP-04,27-11-2025,05-12-2025,05-12-2025,BlueDart,44,44,Yes,Yes,Yes,1
SHP-02192,ORD-02192,SUP-04,27-11-2025,06-12-2025,07-12-2025,FedEx,25,25,No,Yes,No,0
SHP-02193,ORD-02193,SUP-05,28-11-2025,29-11-2025,11-12-2025,Delhivery,46,46,No,Yes,No,0
SHP-02194,ORD-02194,SUP-01,28-11-2025,04-12-2025,11-12-2025,Ekart,41,41,No,Yes,No,0
SHP-02195,ORD-02195,SUP-07,27-11-2025,30-11-2025,10-12-2025,FedEx,26,26,No,Yes,No,0
SHP-02196,ORD-02196,SUP-04,28-11-2025,01-12-2025,04-12-2025,Delhivery,16,19,No,No,No,0
SHP-02197,ORD-02197,SUP-05,28-11-2025,02-12-2025,11-12-2025,Ekart,6,6,No,Yes,No,0
SHP-02198,ORD-02198,SUP-05,29-11-2025,06-12-2025,14-12-2025,FedEx,8,8,No,Yes,No,0
SHP-02199,ORD-02199,SUP-06,28-11-2025,07-12-2025,05-12-2025,DHL,29,29,Yes,Yes,Yes,1
SHP-02200,ORD-02200,SUP-02,28-11-2025,05-12-2025,04-12-2025,Ekart,6,6,Yes,Yes,Yes,1
SHP-02201,ORD-02201,SUP-04,29-11-2025,03-12-2025,05-12-2025,Delhivery,89,89,No,Yes,No,0
SHP-02202,ORD-02202,SUP-05,30-11-2025,03-12-2025,14-12-2025,DHL,1,4,No,No,No,0
SHP-02203,ORD-02203,SUP-05,29-11-2025,01-12-2025,12-12-2025,Ekart,3,9,No,No,No,0
SHP-02204,ORD-02204,SUP-06,30-11-2025,04-12-2025,07-12-2025,Ekart,19,23,No,No,No,0
SHP-02205,ORD-02205,SUP-07,01-12-2025,08-12-2025,16-12-2025,BlueDart,19,20,No,No,No,0
SHP-02206,ORD-02206,SUP-08,29-11-2025,07-12-2025,18-12-2025,FedEx,12,12,No,Yes,No,0
SHP-02207,ORD-02207,SUP-04,30-11-2025,05-12-2025,07-12-2025,Ekart,41,41,No,Yes,No,0
SHP-02208,ORD-02208,SUP-01,30-11-2025,09-12-2025,14-12-2025,DHL,18,18,No,Yes,No,0
SHP-02209,ORD-02209,SUP-07,01-12-2025,03-12-2025,19-12-2025,BlueDart,10,18,No,No,No,0
SHP-02210,ORD-02210,SUP-02,01-12-2025,04-12-2025,07-12-2025,BlueDart,31,31,No,Yes,No,0
SHP-02211,ORD-02211,SUP-08,30-11-2025,03-12-2025,14-12-2025,Delhivery,25,25,No,Yes,No,0
SHP-02212,ORD-02212,SUP-08,01-12-2025,08-12-2025,17-12-2025,Delhivery,41,41,No,Yes,No,0
SHP-02213,ORD-02213,SUP-08,02-12-2025,03-12-2025,21-12-2025,DHL,16,16,No,Yes,No,0
SHP-02214,ORD-02214,SUP-04,30-11-2025,07-12-2025,08-12-2025,BlueDart,25,25,No,Yes,No,0
SHP-02215,ORD-02215,SUP-05,02-12-2025,08-12-2025,15-12-2025,Delhivery,4,6,No,No,No,0
SHP-02216,ORD-02216,SUP-06,03-12-2025,11-12-2025,09-12-2025,BlueDart,33,40,Yes,No,No,0
SHP-02217,ORD-02217,SUP-07,02-12-2025,05-12-2025,16-12-2025,BlueDart,15,15,No,Yes,No,0
SHP-02218,ORD-02218,SUP-07,03-12-2025,11-12-2025,19-12-2025,Delhivery,8,8,No,Yes,No,0
SHP-02219,ORD-02219,SUP-03,01-12-2025,07-12-2025,05-12-2025,FedEx,19,19,Yes,Yes,Yes,1
SHP-02220,ORD-02220,SUP-03,01-12-2025,06-12-2025,07-12-2025,FedEx,16,16,No,Yes,No,0
SHP-02221,ORD-02221,SUP-04,01-12-2025,10-12-2025,06-12-2025,FedEx,29,29,Yes,Yes,Yes,1
SHP-02222,ORD-02222,SUP-04,01-12-2025,05-12-2025,07-12-2025,Delhivery,48,48,No,Yes,No,0
SHP-02223,ORD-02223,SUP-04,03-12-2025,04-12-2025,11-12-2025,DHL,11,11,No,Yes,No,0
SHP-02224,ORD-02224,SUP-05,02-12-2025,06-12-2025,15-12-2025,DHL,39,39,No,Yes,No,0
SHP-02225,ORD-02225,SUP-05,03-12-2025,06-12-2025,20-12-2025,BlueDart,6,6,No,Yes,No,0
SHP-02226,ORD-02226,SUP-06,03-12-2025,07-12-2025,10-12-2025,Ekart,57,57,No,Yes,No,0
SHP-02227,ORD-02227,SUP-08,03-12-2025,05-12-2025,20-12-2025,FedEx,55,55,No,Yes,No,0
SHP-02228,ORD-02228,SUP-08,02-12-2025,11-12-2025,19-12-2025,FedEx,28,28,No,Yes,No,0
SHP-02229,ORD-02229,SUP-04,03-12-2025,11-12-2025,11-12-2025,DHL,35,35,Yes,Yes,Yes,1
SHP-02230,ORD-02230,SUP-04,03-12-2025,10-12-2025,09-12-2025,DHL,34,34,Yes,Yes,Yes,1
SHP-02231,ORD-02231,SUP-05,04-12-2025,05-12-2025,17-12-2025,Ekart,9,9,No,Yes,No,0
SHP-02232,ORD-02232,SUP-06,04-12-2025,11-12-2025,15-12-2025,DHL,19,19,No,Yes,No,0
SHP-02233,ORD-02233,SUP-03,04-12-2025,10-12-2025,09-12-2025,Delhivery,21,21,Yes,Yes,Yes,1
SHP-02234,ORD-02234,SUP-08,05-12-2025,06-12-2025,21-12-2025,Delhivery,53,53,No,Yes,No,0
SHP-02235,ORD-02235,SUP-08,04-12-2025,06-12-2025,19-12-2025,FedEx,18,18,No,Yes,No,0
SHP-02236,ORD-02236,SUP-04,05-12-2025,09-12-2025,11-12-2025,BlueDart,28,28,No,Yes,No,0
SHP-02237,ORD-02237,SUP-04,04-12-2025,07-12-2025,10-12-2025,BlueDart,29,29,No,Yes,No,0
SHP-02238,ORD-02238,SUP-05,03-12-2025,08-12-2025,16-12-2025,FedEx,11,11,No,Yes,No,0
SHP-02239,ORD-02239,SUP-01,06-12-2025,09-12-2025,23-12-2025,DHL,1,1,No,Yes,No,0
SHP-02240,ORD-02240,SUP-02,06-12-2025,10-12-2025,11-12-2025,DHL,16,16,No,Yes,No,0
SHP-02241,ORD-02241,SUP-02,05-12-2025,13-12-2025,09-12-2025,DHL,12,12,Yes,Yes,Yes,1
SHP-02242,ORD-02242,SUP-08,04-12-2025,10-12-2025,19-12-2025,BlueDart,65,65,No,Yes,No,0
SHP-02243,ORD-02243,SUP-04,06-12-2025,10-12-2025,12-12-2025,Delhivery,44,44,No,Yes,No,0
SHP-02244,ORD-02244,SUP-05,04-12-2025,07-12-2025,17-12-2025,Delhivery,5,5,No,Yes,No,0
SHP-02245,ORD-02245,SUP-02,07-12-2025,13-12-2025,11-12-2025,FedEx,16,16,Yes,Yes,Yes,1
SHP-02246,ORD-02246,SUP-01,08-12-2025,14-12-2025,21-12-2025,Ekart,53,53,No,Yes,No,0
SHP-02247,ORD-02247,SUP-07,07-12-2025,13-12-2025,23-12-2025,DHL,15,15,No,Yes,No,0
SHP-02248,ORD-02248,SUP-02,06-12-2025,14-12-2025,12-12-2025,BlueDart,7,7,Yes,Yes,Yes,1
SHP-02249,ORD-02249,SUP-08,06-12-2025,15-12-2025,21-12-2025,DHL,13,13,No,Yes,No,0
SHP-02250,ORD-02250,SUP-04,07-12-2025,11-12-2025,12-12-2025,BlueDart,76,76,No,Yes,No,0
SHP-02251,ORD-02251,SUP-04,07-12-2025,14-12-2025,12-12-2025,Ekart,38,38,Yes,Yes,Yes,1
SHP-02252,ORD-02252,SUP-05,07-12-2025,13-12-2025,20-12-2025,BlueDart,16,16,No,Yes,No,0
SHP-02253,ORD-02253,SUP-05,07-12-2025,11-12-2025,21-12-2025,Delhivery,9,9,No,Yes,No,0
SHP-02254,ORD-02254,SUP-05,07-12-2025,15-12-2025,21-12-2025,DHL,4,4,No,Yes,No,0
SHP-02255,ORD-02255,SUP-01,07-12-2025,11-12-2025,24-12-2025,BlueDart,44,44,No,Yes,No,0
SHP-02256,ORD-02256,SUP-02,07-12-2025,13-12-2025,12-12-2025,Ekart,19,19,Yes,Yes,Yes,1
SHP-02257,ORD-02257,SUP-03,08-12-2025,10-12-2025,16-12-2025,Delhivery,33,39,No,No,No,0
SHP-02258,ORD-02258,SUP-04,08-12-2025,11-12-2025,14-12-2025,FedEx,43,43,No,Yes,No,0
SHP-02259,ORD-02259,SUP-04,09-12-2025,10-12-2025,15-12-2025,Ekart,34,35,No,No,No,0
SHP-02260,ORD-02260,SUP-05,08-12-2025,14-12-2025,21-12-2025,Ekart,1,1,No,Yes,No,0
SHP-02261,ORD-02261,SUP-06,09-12-2025,11-12-2025,16-12-2025,BlueDart,56,56,No,Yes,No,0
SHP-02262,ORD-02262,SUP-07,10-12-2025,14-12-2025,28-12-2025,BlueDart,12,12,No,Yes,No,0
SHP-02263,ORD-02263,SUP-03,10-12-2025,13-12-2025,14-12-2025,BlueDart,6,6,No,Yes,No,0
SHP-02264,ORD-02264,SUP-08,10-12-2025,17-12-2025,25-12-2025,DHL,19,19,No,Yes,No,0
SHP-02265,ORD-02265,SUP-04,10-12-2025,15-12-2025,16-12-2025,BlueDart,45,45,No,Yes,No,0
SHP-02266,ORD-02266,SUP-04,08-12-2025,17-12-2025,14-12-2025,BlueDart,1,1,Yes,Yes,Yes,1
SHP-02267,ORD-02267,SUP-05,09-12-2025,12-12-2025,22-12-2025,DHL,8,8,No,Yes,No,0
SHP-02268,ORD-02268,SUP-06,09-12-2025,18-12-2025,20-12-2025,DHL,48,50,No,No,No,0
SHP-02269,ORD-02269,SUP-06,10-12-2025,19-12-2025,17-12-2025,Delhivery,26,26,Yes,Yes,Yes,1
SHP-02270,ORD-02270,SUP-07,10-12-2025,18-12-2025,23-12-2025,BlueDart,5,12,No,No,No,0
SHP-02271,ORD-02271,SUP-07,11-12-2025,17-12-2025,24-12-2025,FedEx,28,28,No,Yes,No,0
SHP-02272,ORD-02272,SUP-04,09-12-2025,13-12-2025,14-12-2025,BlueDart,32,32,No,Yes,No,0
SHP-02273,ORD-02273,SUP-04,11-12-2025,17-12-2025,17-12-2025,Delhivery,31,38,Yes,No,No,0
SHP-02274,ORD-02274,SUP-04,09-12-2025,16-12-2025,16-12-2025,BlueDart,37,37,Yes,Yes,Yes,1
SHP-02275,ORD-02275,SUP-05,11-12-2025,13-12-2025,24-12-2025,DHL,13,13,No,Yes,No,0
SHP-02276,ORD-02276,SUP-06,10-12-2025,18-12-2025,19-12-2025,Ekart,37,37,No,Yes,No,0
SHP-02277,ORD-02277,SUP-01,10-12-2025,19-12-2025,25-12-2025,FedEx,14,14,No,Yes,No,0
SHP-02278,ORD-02278,SUP-06,10-12-2025,16-12-2025,19-12-2025,Delhivery,51,51,No,Yes,No,0
SHP-02279,ORD-02279,SUP-02,11-12-2025,16-12-2025,20-12-2025,Ekart,38,38,No,Yes,No,0
SHP-02280,ORD-02280,SUP-02,11-12-2025,16-12-2025,17-12-2025,BlueDart,21,21,No,Yes,No,0
SHP-02281,ORD-02281,SUP-08,12-12-2025,14-12-2025,27-12-2025,Ekart,10,16,No,No,No,0
SHP-02282,ORD-02282,SUP-03,11-12-2025,19-12-2025,15-12-2025,Delhivery,21,21,Yes,Yes,Yes,1
SHP-02283,ORD-02283,SUP-04,12-12-2025,16-12-2025,18-12-2025,Delhivery,35,40,No,No,No,0
SHP-02284,ORD-02284,SUP-06,12-12-2025,21-12-2025,23-12-2025,FedEx,58,58,No,Yes,No,0
SHP-02285,ORD-02285,SUP-06,11-12-2025,15-12-2025,19-12-2025,BlueDart,23,23,No,Yes,No,0
SHP-02286,ORD-02286,SUP-06,12-12-2025,16-12-2025,20-12-2025,DHL,30,35,No,No,No,0
SHP-02287,ORD-02287,SUP-02,11-12-2025,16-12-2025,17-12-2025,Delhivery,20,20,No,Yes,No,0
SHP-02288,ORD-02288,SUP-08,11-12-2025,16-12-2025,26-12-2025,DHL,23,23,No,Yes,No,0
SHP-02289,ORD-02289,SUP-03,11-12-2025,16-12-2025,14-12-2025,Delhivery,21,21,Yes,Yes,Yes,1
SHP-02290,ORD-02290,SUP-04,12-12-2025,19-12-2025,17-12-2025,BlueDart,32,32,Yes,Yes,Yes,1
SHP-02291,ORD-02291,SUP-06,12-12-2025,21-12-2025,19-12-2025,FedEx,18,20,Yes,No,No,0
SHP-02292,ORD-02292,SUP-01,13-12-2025,22-12-2025,30-12-2025,BlueDart,41,41,No,Yes,No,0
SHP-02293,ORD-02293,SUP-05,12-12-2025,17-12-2025,29-12-2025,FedEx,30,32,No,No,No,0
SHP-02294,ORD-02294,SUP-05,14-12-2025,15-12-2025,28-12-2025,Ekart,13,14,No,No,No,0
SHP-02295,ORD-02295,SUP-06,13-12-2025,22-12-2025,24-12-2025,Delhivery,35,35,No,Yes,No,0
SHP-02296,ORD-02296,SUP-01,15-12-2025,16-12-2025,29-12-2025,Ekart,31,31,No,Yes,No,0
SHP-02297,ORD-02297,SUP-01,14-12-2025,18-12-2025,27-12-2025,FedEx,60,60,No,Yes,No,0
SHP-02298,ORD-02298,SUP-07,14-12-2025,19-12-2025,27-12-2025,DHL,35,35,No,Yes,No,0
SHP-02299,ORD-02299,SUP-03,15-12-2025,21-12-2025,20-12-2025,FedEx,28,28,Yes,Yes,Yes,1
SHP-02300,ORD-02300,SUP-03,14-12-2025,16-12-2025,20-12-2025,Ekart,32,32,No,Yes,No,0
SHP-02301,ORD-02301,SUP-04,14-12-2025,22-12-2025,24-12-2025,DHL,44,44,No,Yes,No,0
SHP-02302,ORD-02302,SUP-05,14-12-2025,20-12-2025,26-12-2025,BlueDart,33,36,No,No,No,0
SHP-02303,ORD-02303,SUP-05,15-12-2025,17-12-2025,28-12-2025,Ekart,13,13,No,Yes,No,0
SHP-02304,ORD-02304,SUP-05,15-12-2025,18-12-2025,28-12-2025,BlueDart,10,10,No,Yes,No,0
SHP-02305,ORD-02305,SUP-01,16-12-2025,17-12-2025,29-12-2025,BlueDart,39,39,No,Yes,No,0
SHP-02306,ORD-02306,SUP-01,16-12-2025,24-12-2025,29-12-2025,FedEx,32,32,No,Yes,No,0
SHP-02307,ORD-02307,SUP-08,14-12-2025,18-12-2025,29-12-2025,BlueDart,24,24,No,Yes,No,0
SHP-02308,ORD-02308,SUP-08,14-12-2025,17-12-2025,30-12-2025,Delhivery,56,56,No,Yes,No,0
SHP-02309,ORD-02309,SUP-04,15-12-2025,24-12-2025,23-12-2025,DHL,54,54,Yes,Yes,Yes,1
SHP-02310,ORD-02310,SUP-04,16-12-2025,20-12-2025,21-12-2025,Delhivery,34,34,No,Yes,No,0
SHP-02311,ORD-02311,SUP-04,15-12-2025,17-12-2025,22-12-2025,BlueDart,33,33,No,Yes,No,0
SHP-02312,ORD-02312,SUP-05,14-12-2025,20-12-2025,31-12-2025,Delhivery,35,35,No,Yes,No,0
SHP-02313,ORD-02313,SUP-05,14-12-2025,20-12-2025,26-12-2025,BlueDart,1,1,No,Yes,No,0
SHP-02314,ORD-02314,SUP-05,14-12-2025,17-12-2025,27-12-2025,BlueDart,6,6,No,Yes,No,0
SHP-02315,ORD-02315,SUP-06,15-12-2025,25-12-2025,22-12-2025,Ekart,21,25,Yes,No,No,0
SHP-02316,ORD-02316,SUP-02,16-12-2025,23-12-2025,25-12-2025,BlueDart,30,30,No,Yes,No,0
SHP-02317,ORD-02317,SUP-04,17-12-2025,22-12-2025,25-12-2025,Ekart,55,62,No,No,No,0
SHP-02318,ORD-02318,SUP-04,17-12-2025,18-12-2025,27-12-2025,Delhivery,47,47,No,Yes,No,0
SHP-02319,ORD-02319,SUP-05,15-12-2025,24-12-2025,28-12-2025,BlueDart,41,41,No,Yes,No,0
SHP-02320,ORD-02320,SUP-05,15-12-2025,20-12-2025,30-12-2025,BlueDart,10,10,No,Yes,No,0
SHP-02321,ORD-02321,SUP-06,18-12-2025,21-12-2025,26-12-2025,DHL,29,29,No,Yes,No,0
SHP-02322,ORD-02322,SUP-06,17-12-2025,25-12-2025,24-12-2025,BlueDart,39,39,Yes,Yes,Yes,1
SHP-02323,ORD-02323,SUP-02,17-12-2025,20-12-2025,22-12-2025,BlueDart,15,17,No,No,No,0
SHP-02324,ORD-02324,SUP-07,16-12-2025,25-12-2025,30-12-2025,DHL,21,25,No,No,No,0
SHP-02325,ORD-02325,SUP-08,16-12-2025,24-12-2025,04-01-2026,Ekart,22,22,No,Yes,No,0
SHP-02326,ORD-02326,SUP-08,16-12-2025,26-12-2025,31-12-2025,BlueDart,48,48,No,Yes,No,0
SHP-02327,ORD-02327,SUP-08,16-12-2025,21-12-2025,04-01-2026,Ekart,26,28,No,No,No,0
SHP-02328,ORD-02328,SUP-05,18-12-2025,20-12-2025,31-12-2025,DHL,25,25,No,Yes,No,0
SHP-02329,ORD-02329,SUP-05,18-12-2025,21-12-2025,31-12-2025,DHL,1,3,No,No,No,0
SHP-02330,ORD-02330,SUP-06,18-12-2025,24-12-2025,29-12-2025,FedEx,52,55,No,No,No,0
SHP-02331,ORD-02331,SUP-06,18-12-2025,21-12-2025,24-12-2025,FedEx,51,51,No,Yes,No,0
SHP-02332,ORD-02332,SUP-03,19-12-2025,22-12-2025,27-12-2025,Ekart,21,21,No,Yes,No,0
SHP-02333,ORD-02333,SUP-08,17-12-2025,21-12-2025,05-01-2026,Ekart,30,30,No,Yes,No,0
SHP-02334,ORD-02334,SUP-08,18-12-2025,27-12-2025,01-01-2026,FedEx,11,18,No,No,No,0
SHP-02335,ORD-02335,SUP-04,19-12-2025,27-12-2025,25-12-2025,DHL,51,51,Yes,Yes,Yes,1
SHP-02336,ORD-02336,SUP-04,18-12-2025,25-12-2025,24-12-2025,Delhivery,19,19,Yes,Yes,Yes,1
SHP-02337,ORD-02337,SUP-05,19-12-2025,26-12-2025,01-01-2026,BlueDart,8,8,No,Yes,No,0
SHP-02338,ORD-02338,SUP-02,20-12-2025,28-12-2025,25-12-2025,DHL,17,17,Yes,Yes,Yes,1
SHP-02339,ORD-02339,SUP-07,18-12-2025,23-12-2025,01-01-2026,FedEx,56,56,No,Yes,No,0
SHP-02340,ORD-02340,SUP-07,18-12-2025,22-12-2025,01-01-2026,Delhivery,21,21,No,Yes,No,0
SHP-02341,ORD-02341,SUP-04,19-12-2025,25-12-2025,27-12-2025,FedEx,56,64,No,No,No,0
SHP-02342,ORD-02342,SUP-05,20-12-2025,27-12-2025,02-01-2026,DHL,41,43,No,No,No,0
SHP-02343,ORD-02343,SUP-05,19-12-2025,25-12-2025,02-01-2026,Ekart,13,13,No,Yes,No,0
SHP-02344,ORD-02344,SUP-07,21-12-2025,27-12-2025,06-01-2026,FedEx,38,38,No,Yes,No,0
SHP-02345,ORD-02345,SUP-04,20-12-2025,26-12-2025,25-12-2025,FedEx,54,54,Yes,Yes,Yes,1
SHP-02346,ORD-02346,SUP-05,20-12-2025,24-12-2025,03-01-2026,FedEx,27,27,No,Yes,No,0
SHP-02347,ORD-02347,SUP-06,20-12-2025,28-12-2025,27-12-2025,Ekart,23,23,Yes,Yes,Yes,1
SHP-02348,ORD-02348,SUP-01,20-12-2025,24-12-2025,01-01-2026,Delhivery,22,22,No,Yes,No,0
SHP-02349,ORD-02349,SUP-07,22-12-2025,27-12-2025,06-01-2026,Delhivery,13,13,No,Yes,No,0
SHP-02350,ORD-02350,SUP-08,22-12-2025,23-12-2025,06-01-2026,BlueDart,35,35,No,Yes,No,0
SHP-02351,ORD-02351,SUP-04,22-12-2025,24-12-2025,28-12-2025,Delhivery,27,27,No,Yes,No,0
SHP-02352,ORD-02352,SUP-01,23-12-2025,29-12-2025,07-01-2026,FedEx,53,54,No,No,No,0
SHP-02353,ORD-02353,SUP-06,23-12-2025,24-12-2025,30-12-2025,BlueDart,18,18,No,Yes,No,0
SHP-02354,ORD-02354,SUP-06,21-12-2025,24-12-2025,28-12-2025,Delhivery,65,65,No,Yes,No,0
SHP-02355,ORD-02355,SUP-02,21-12-2025,30-12-2025,27-12-2025,Delhivery,23,23,Yes,Yes,Yes,1
SHP-02356,ORD-02356,SUP-02,22-12-2025,25-12-2025,27-12-2025,BlueDart,26,30,No,No,No,0
SHP-02357,ORD-02357,SUP-02,23-12-2025,28-12-2025,27-12-2025,Ekart,24,24,Yes,Yes,Yes,1
SHP-02358,ORD-02358,SUP-05,23-12-2025,29-12-2025,04-01-2026,FedEx,4,4,No,Yes,No,0
SHP-02359,ORD-02359,SUP-05,23-12-2025,27-12-2025,05-01-2026,Ekart,8,8,No,Yes,No,0
SHP-02360,ORD-02360,SUP-06,24-12-2025,29-12-2025,31-12-2025,Ekart,47,47,No,Yes,No,0
SHP-02361,ORD-02361,SUP-06,24-12-2025,27-12-2025,01-01-2026,Delhivery,50,53,No,No,No,0
SHP-02362,ORD-02362,SUP-02,23-12-2025,26-12-2025,27-12-2025,DHL,22,29,No,No,No,0
SHP-02363,ORD-02363,SUP-08,23-12-2025,29-12-2025,08-01-2026,Ekart,52,52,No,Yes,No,0
SHP-02364,ORD-02364,SUP-04,22-12-2025,01-01-2026,28-12-2025,DHL,72,76,Yes,No,No,0
SHP-02365,ORD-02365,SUP-05,22-12-2025,28-12-2025,03-01-2026,Delhivery,9,9,No,Yes,No,0
SHP-02366,ORD-02366,SUP-02,23-12-2025,31-12-2025,29-12-2025,DHL,19,19,Yes,Yes,Yes,1
SHP-02367,ORD-02367,SUP-04,24-12-2025,01-01-2026,03-01-2026,BlueDart,58,65,No,No,No,0
SHP-02368,ORD-02368,SUP-04,25-12-2025,29-12-2025,31-12-2025,Delhivery,24,24,No,Yes,No,0
SHP-02369,ORD-02369,SUP-05,25-12-2025,02-01-2026,08-01-2026,Ekart,6,10,No,No,No,0
SHP-02370,ORD-02370,SUP-05,24-12-2025,31-12-2025,07-01-2026,Delhivery,11,11,No,Yes,No,0
SHP-02371,ORD-02371,SUP-01,24-12-2025,27-12-2025,10-01-2026,BlueDart,49,49,No,Yes,No,0
SHP-02372,ORD-02372,SUP-06,24-12-2025,27-12-2025,31-12-2025,DHL,63,63,No,Yes,No,0
SHP-02373,ORD-02373,SUP-02,26-12-2025,28-12-2025,02-01-2026,Delhivery,14,21,No,No,No,0
SHP-02374,ORD-02374,SUP-03,25-12-2025,27-12-2025,28-12-2025,Delhivery,15,15,No,Yes,No,0
SHP-02375,ORD-02375,SUP-04,25-12-2025,27-12-2025,01-01-2026,DHL,30,30,No,Yes,No,0
SHP-02376,ORD-02376,SUP-06,27-12-2025,03-01-2026,02-01-2026,BlueDart,19,19,Yes,Yes,Yes,1
SHP-02377,ORD-02377,SUP-06,27-12-2025,28-12-2025,04-01-2026,Delhivery,39,39,No,Yes,No,0
SHP-02378,ORD-02378,SUP-07,27-12-2025,29-12-2025,10-01-2026,DHL,22,22,No,Yes,No,0
SHP-02379,ORD-02379,SUP-07,27-12-2025,02-01-2026,14-01-2026,Delhivery,41,41,No,Yes,No,0
SHP-02380,ORD-02380,SUP-07,27-12-2025,31-12-2025,10-01-2026,Delhivery,20,20,No,Yes,No,0
SHP-02381,ORD-02381,SUP-03,25-12-2025,29-12-2025,29-12-2025,Delhivery,15,15,Yes,Yes,Yes,1
SHP-02382,ORD-02382,SUP-04,25-12-2025,03-01-2026,31-12-2025,DHL,79,79,Yes,Yes,Yes,1
SHP-02383,ORD-02383,SUP-04,26-12-2025,02-01-2026,05-01-2026,Ekart,53,53,No,Yes,No,0
SHP-02384,ORD-02384,SUP-04,26-12-2025,29-12-2025,02-01-2026,BlueDart,29,29,No,Yes,No,0
SHP-02385,ORD-02385,SUP-05,26-12-2025,02-01-2026,12-01-2026,Delhivery,20,20,No,Yes,No,0
SHP-02386,ORD-02386,SUP-05,27-12-2025,31-12-2025,09-01-2026,FedEx,8,8,No,Yes,No,0
SHP-02387,ORD-02387,SUP-05,25-12-2025,29-12-2025,09-01-2026,Delhivery,8,8,No,Yes,No,0
SHP-02388,ORD-02388,SUP-06,27-12-2025,01-01-2026,03-01-2026,Ekart,24,28,No,No,No,0
SHP-02389,ORD-02389,SUP-04,27-12-2025,04-01-2026,02-01-2026,Delhivery,20,27,Yes,No,No,0
SHP-02390,ORD-02390,SUP-04,28-12-2025,04-01-2026,03-01-2026,Ekart,50,58,Yes,No,No,0
SHP-02391,ORD-02391,SUP-05,28-12-2025,30-12-2025,12-01-2026,Ekart,32,32,No,Yes,No,0
SHP-02392,ORD-02392,SUP-05,28-12-2025,05-01-2026,11-01-2026,DHL,13,13,No,Yes,No,0
SHP-02393,ORD-02393,SUP-05,28-12-2025,31-12-2025,11-01-2026,DHL,12,12,No,Yes,No,0
SHP-02394,ORD-02394,SUP-02,29-12-2025,30-12-2025,05-01-2026,Delhivery,21,21,No,Yes,No,0
SHP-02395,ORD-02395,SUP-03,28-12-2025,30-12-2025,01-01-2026,Delhivery,59,59,No,Yes,No,0
SHP-02396,ORD-02396,SUP-04,29-12-2025,31-12-2025,08-01-2026,FedEx,89,89,No,Yes,No,0
SHP-02397,ORD-02397,SUP-04,29-12-2025,31-12-2025,03-01-2026,Delhivery,38,42,No,No,No,0
SHP-02398,ORD-02398,SUP-05,27-12-2025,03-01-2026,09-01-2026,FedEx,11,11,No,Yes,No,0
SHP-02399,ORD-02399,SUP-01,28-12-2025,03-01-2026,10-01-2026,DHL,34,34,No,Yes,No,0
SHP-02400,ORD-02400,SUP-01,30-12-2025,04-01-2026,12-01-2026,Delhivery,50,50,No,Yes,No,0
SHP-02401,ORD-02401,SUP-02,30-12-2025,07-01-2026,08-01-2026,BlueDart,37,37,No,Yes,No,0
SHP-02402,ORD-02402,SUP-02,28-12-2025,01-01-2026,02-01-2026,Delhivery,16,16,No,Yes,No,0
SHP-02403,ORD-02403,SUP-03,30-12-2025,07-01-2026,03-01-2026,DHL,21,21,Yes,Yes,Yes,1
SHP-02404,ORD-02404,SUP-03,28-12-2025,03-01-2026,02-01-2026,DHL,32,37,Yes,No,No,0
SHP-02405,ORD-02405,SUP-04,28-12-2025,02-01-2026,03-01-2026,Ekart,31,31,No,Yes,No,0
SHP-02406,ORD-02406,SUP-04,28-12-2025,02-01-2026,05-01-2026,BlueDart,34,34,No,Yes,No,0
SHP-02407,ORD-02407,SUP-05,30-12-2025,02-01-2026,12-01-2026,DHL,11,11,No,Yes,No,0
SHP-02408,ORD-02408,SUP-01,31-12-2025,05-01-2026,14-01-2026,FedEx,42,42,No,Yes,No,0
SHP-02409,ORD-02409,SUP-07,31-12-2025,04-01-2026,13-01-2026,BlueDart,1,6,No,No,No,0
SHP-02410,ORD-02410,SUP-04,30-12-2025,08-01-2026,05-01-2026,BlueDart,18,23,Yes,No,No,0
SHP-02411,ORD-02411,SUP-05,30-12-2025,07-01-2026,12-01-2026,Ekart,51,51,No,Yes,No,0
SHP-02412,ORD-02412,SUP-05,29-12-2025,04-01-2026,11-01-2026,Delhivery,3,8,No,No,No,0
SHP-02413,ORD-02413,SUP-06,31-12-2025,05-01-2026,06-01-2026,Ekart,19,19,No,Yes,No,0
SHP-02414,ORD-02414,SUP-02,01-01-2026,08-01-2026,10-01-2026,BlueDart,11,13,No,No,No,0
SHP-02415,ORD-02415,SUP-03,01-01-2026,05-01-2026,05-01-2026,DHL,60,60,Yes,Yes,Yes,1
SHP-02416,ORD-02416,SUP-04,30-12-2025,02-01-2026,07-01-2026,Delhivery,35,35,No,Yes,No,0
SHP-02417,ORD-02417,SUP-04,01-01-2026,02-01-2026,07-01-2026,FedEx,58,58,No,Yes,No,0
SHP-02418,ORD-02418,SUP-04,31-12-2025,03-01-2026,07-01-2026,FedEx,27,27,No,Yes,No,0
SHP-02419,ORD-02419,SUP-05,30-12-2025,02-01-2026,13-01-2026,Delhivery,8,8,No,Yes,No,0
SHP-02420,ORD-02420,SUP-06,31-12-2025,07-01-2026,08-01-2026,BlueDart,55,55,No,Yes,No,0
SHP-02421,ORD-02421,SUP-01,02-01-2026,04-01-2026,17-01-2026,DHL,59,63,No,No,No,0
SHP-02422,ORD-02422,SUP-02,01-01-2026,07-01-2026,08-01-2026,Delhivery,13,13,No,Yes,No,0
SHP-02423,ORD-02423,SUP-08,31-12-2025,06-01-2026,15-01-2026,Delhivery,23,23,No,Yes,No,0
SHP-02424,ORD-02424,SUP-03,01-01-2026,06-01-2026,05-01-2026,DHL,23,23,Yes,Yes,Yes,1
SHP-02425,ORD-02425,SUP-03,31-12-2025,10-01-2026,04-01-2026,DHL,18,18,Yes,Yes,Yes,1
SHP-02426,ORD-02426,SUP-04,02-01-2026,04-01-2026,09-01-2026,Ekart,11,11,No,Yes,No,0
SHP-02427,ORD-02427,SUP-04,02-01-2026,03-01-2026,07-01-2026,DHL,36,36,No,Yes,No,0
SHP-02428,ORD-02428,SUP-05,31-12-2025,06-01-2026,13-01-2026,Ekart,25,25,No,Yes,No,0
SHP-02429,ORD-02429,SUP-05,01-01-2026,05-01-2026,15-01-2026,Ekart,10,10,No,Yes,No,0
