OrderID,OrderDate,CustomerID,Region,State,SKU,ProductName,Category,Qty_Ordered,Unit_Price,Promised_Date,Order_Value,Delivery_status
ORD-00001,01-01-2025,CUST-115,South,Andhra Pradesh,SKU-006,Running Shoes,Apparel,11,183.06,11-01-2025,2013.66,Yes
ORD-00002,01-01-2025,CUST-102,South,Kerala,SKU-007,Non-stick Pan,Home & Kitchen,9,2108.56,09-01-2025,18977.04,No
ORD-00003,01-01-2025,CUST-104,East,Jharkhand,SKU-009,LED Lamp,Home & Kitchen,19,1646.8,05-01-2025,31289.2,No
ORD-00004,01-01-2025,CUST-135,West,Madhya Pradesh,SKU-010,Basmati Rice 5kg,Groceries,33,689,07-01-2025,22737,No
ORD-00005,01-01-2025,CUST-131,West,Gujarat,SKU-011,Cooking Oil 1L,Groceries,59,1064.79,11-01-2025,62822.61,No
ORD-00006,01-01-2025,CUST-184,West,Goa,SKU-013,Yoga Mat,Sports,41,2445.11,05-01-2025,100249.51,No
ORD-00007,01-01-2025,CUST-186,North,Haryana,SKU-014,Cricket Bat,Sports,2,1833.14,04-01-2025,3666.28,No
ORD-00008,01-01-2025,CUST-113,South,Tamil Nadu,SKU-015,Football,Sports,12,1952.28,09-01-2025,23427.36,No
ORD-00009,02-01-2025,CUST-135,West,Madhya Pradesh,SKU-001,Wireless Mouse,Electronics,27,2055.9,07-01-2025,55509.3,No
ORD-00010,02-01-2025,CUST-156,North,Haryana,SKU-002,Bluetooth Speaker,Electronics,16,1695.1,06-01-2025,27121.6,No
ORD-00011,02-01-2025,CUST-196,South,Andhra Pradesh,SKU-003,USB-C Charger,Electronics,59,2555.22,06-01-2025,150757.98,No
ORD-00012,02-01-2025,CUST-161,South,Tamil Nadu,SKU-004,Cotton T-Shirt,Apparel,14,850.8,12-01-2025,11911.2,Yes
ORD-00013,02-01-2025,CUST-136,West,Gujarat,SKU-007,Non-stick Pan,Home & Kitchen,18,2108.56,12-01-2025,37954.08,No
ORD-00014,02-01-2025,CUST-107,North,Haryana,SKU-013,Yoga Mat,Sports,26,2445.11,08-01-2025,63572.86,No
ORD-00015,02-01-2025,CUST-107,North,Punjab,SKU-015,Football,Sports,6,1952.28,07-01-2025,11713.68,No
ORD-00016,03-01-2025,CUST-186,South,Andhra Pradesh,SKU-002,Bluetooth Speaker,Electronics,13,1695.1,07-01-2025,22036.3,No
ORD-00017,03-01-2025,CUST-179,North,Punjab,SKU-003,USB-C Charger,Electronics,50,2555.22,06-01-2025,127761,No
ORD-00018,03-01-2025,CUST-133,South,Karnataka,SKU-004,Cotton T-Shirt,Apparel,11,850.8,11-01-2025,9358.8,Yes
ORD-00019,03-01-2025,CUST-158,East,Jharkhand,SKU-006,Running Shoes,Apparel,13,183.06,10-01-2025,2379.78,Yes
ORD-00020,03-01-2025,CUST-109,South,Andhra Pradesh,SKU-009,LED Lamp,Home & Kitchen,23,1646.8,07-01-2025,37876.4,No
ORD-00021,03-01-2025,CUST-147,East,Jharkhand,SKU-011,Cooking Oil 1L,Groceries,35,1064.79,09-01-2025,37267.65,No
ORD-00022,03-01-2025,CUST-178,North,Delhi,SKU-012,Green Tea Pack,Groceries,29,815.88,10-01-2025,23660.52,No
ORD-00023,04-01-2025,CUST-195,South,Tamil Nadu,SKU-001,Wireless Mouse,Electronics,40,2055.9,08-01-2025,82236,No
ORD-00024,04-01-2025,CUST-191,East,Bihar,SKU-002,Bluetooth Speaker,Electronics,14,1695.1,10-01-2025,23731.4,No
ORD-00025,04-01-2025,CUST-132,North,Haryana,SKU-003,USB-C Charger,Electronics,29,2555.22,14-01-2025,74101.38,No
ORD-00026,04-01-2025,CUST-135,North,Punjab,SKU-004,Cotton T-Shirt,Apparel,11,850.8,13-01-2025,9358.8,No
ORD-00027,04-01-2025,CUST-120,West,Maharashtra,SKU-005,Denim Jacket,Apparel,29,1110.65,11-01-2025,32208.85,No
ORD-00028,04-01-2025,CUST-114,North,Punjab,SKU-007,Non-stick Pan,Home & Kitchen,7,2108.56,07-01-2025,14759.92,No
ORD-00029,04-01-2025,CUST-155,South,Andhra Pradesh,SKU-010,Basmati Rice 5kg,Groceries,50,689,09-01-2025,34450,No
ORD-00030,04-01-2025,CUST-105,East,Bihar,SKU-011,Cooking Oil 1L,Groceries,41,1064.79,12-01-2025,43656.39,Yes
ORD-00031,04-01-2025,CUST-179,South,Andhra Pradesh,SKU-012,Green Tea Pack,Groceries,26,815.88,13-01-2025,21212.88,No
ORD-00032,04-01-2025,CUST-122,West,Goa,SKU-014,Cricket Bat,Sports,7,1833.14,09-01-2025,12831.98,No
ORD-00033,04-01-2025,CUST-185,South,Kerala,SKU-015,Football,Sports,8,1952.28,13-01-2025,15618.24,No
ORD-00034,05-01-2025,CUST-148,North,Uttar Pradesh,SKU-001,Wireless Mouse,Electronics,23,2055.9,09-01-2025,47285.7,No
ORD-00035,05-01-2025,CUST-129,South,Kerala,SKU-003,USB-C Charger,Electronics,41,2555.22,12-01-2025,104764.02,No
ORD-00036,05-01-2025,CUST-151,East,Jharkhand,SKU-004,Cotton T-Shirt,Apparel,9,850.8,11-01-2025,7657.2,No
ORD-00037,05-01-2025,CUST-182,West,Gujarat,SKU-005,Denim Jacket,Apparel,42,1110.65,13-01-2025,46647.3,No
ORD-00038,05-01-2025,CUST-114,East,Odisha,SKU-008,Air Fryer,Home & Kitchen,50,912.26,08-01-2025,45613,No
ORD-00039,05-01-2025,CUST-176,West,Madhya Pradesh,SKU-009,LED Lamp,Home & Kitchen,24,1646.8,09-01-2025,39523.2,No
ORD-00040,05-01-2025,CUST-155,North,Punjab,SKU-010,Basmati Rice 5kg,Groceries,35,689,13-01-2025,24115,No
ORD-00041,05-01-2025,CUST-100,South,Karnataka,SKU-011,Cooking Oil 1L,Groceries,29,1064.79,14-01-2025,30878.91,No
ORD-00042,05-01-2025,CUST-185,East,Jharkhand,SKU-012,Green Tea Pack,Groceries,23,815.88,09-01-2025,18765.24,No
ORD-00043,05-01-2025,CUST-141,West,Madhya Pradesh,SKU-015,Football,Sports,11,1952.28,14-01-2025,21475.08,No
ORD-00044,06-01-2025,CUST-186,South,Kerala,SKU-003,USB-C Charger,Electronics,27,2555.22,15-01-2025,68990.94,No
ORD-00045,06-01-2025,CUST-126,West,Madhya Pradesh,SKU-005,Denim Jacket,Apparel,27,1110.65,13-01-2025,29987.55,No
ORD-00046,06-01-2025,CUST-156,South,Karnataka,SKU-008,Air Fryer,Home & Kitchen,40,912.26,16-01-2025,36490.4,No
ORD-00047,06-01-2025,CUST-196,South,Karnataka,SKU-014,Cricket Bat,Sports,5,1833.14,10-01-2025,9165.7,No
ORD-00048,07-01-2025,CUST-118,North,Punjab,SKU-001,Wireless Mouse,Electronics,19,2055.9,13-01-2025,39062.1,No
ORD-00049,07-01-2025,CUST-158,West,Gujarat,SKU-002,Bluetooth Speaker,Electronics,25,1695.1,11-01-2025,42377.5,No
ORD-00050,07-01-2025,CUST-131,South,Telangana,SKU-006,Running Shoes,Apparel,13,183.06,16-01-2025,2379.78,No
ORD-00051,07-01-2025,CUST-199,West,Gujarat,SKU-008,Air Fryer,Home & Kitchen,40,912.26,11-01-2025,36490.4,No
ORD-00052,07-01-2025,CUST-106,South,Tamil Nadu,SKU-009,LED Lamp,Home & Kitchen,8,1646.8,17-01-2025,13174.4,No
ORD-00053,07-01-2025,CUST-196,West,Gujarat,SKU-011,Cooking Oil 1L,Groceries,48,1064.79,15-01-2025,51109.92,Yes
ORD-00054,08-01-2025,CUST-181,East,Odisha,SKU-005,Denim Jacket,Apparel,35,1110.65,14-01-2025,38872.75,Yes
ORD-00055,08-01-2025,CUST-142,East,Bihar,SKU-009,LED Lamp,Home & Kitchen,24,1646.8,15-01-2025,39523.2,No
ORD-00056,08-01-2025,CUST-129,West,Gujarat,SKU-011,Cooking Oil 1L,Groceries,43,1064.79,13-01-2025,45785.97,No
ORD-00057,08-01-2025,CUST-107,South,Karnataka,SKU-014,Cricket Bat,Sports,4,1833.14,17-01-2025,7332.56,No
ORD-00058,09-01-2025,CUST-197,West,Goa,SKU-001,Wireless Mouse,Electronics,41,2055.9,12-01-2025,84291.9,No
ORD-00059,09-01-2025,CUST-168,South,Kerala,SKU-004,Cotton T-Shirt,Apparel,6,850.8,18-01-2025,5104.8,Yes
ORD-00060,09-01-2025,CUST-103,West,Gujarat,SKU-006,Running Shoes,Apparel,20,183.06,19-01-2025,3661.2,Yes
ORD-00061,09-01-2025,CUST-159,South,Tamil Nadu,SKU-007,Non-stick Pan,Home & Kitchen,11,2108.56,14-01-2025,23194.16,No
ORD-00062,09-01-2025,CUST-117,West,Maharashtra,SKU-013,Yoga Mat,Sports,17,2445.11,18-01-2025,41566.87,No
ORD-00063,09-01-2025,CUST-141,East,West Bengal,SKU-014,Cricket Bat,Sports,6,1833.14,19-01-2025,10998.84,No
ORD-00064,10-01-2025,CUST-132,North,Punjab,SKU-001,Wireless Mouse,Electronics,43,2055.9,19-01-2025,88403.7,No
ORD-00065,10-01-2025,CUST-199,North,Delhi,SKU-004,Cotton T-Shirt,Apparel,17,850.8,14-01-2025,14463.6,No
ORD-00066,10-01-2025,CUST-179,South,Telangana,SKU-007,Non-stick Pan,Home & Kitchen,12,2108.56,13-01-2025,25302.72,No
ORD-00067,10-01-2025,CUST-159,East,Odisha,SKU-008,Air Fryer,Home & Kitchen,33,912.26,16-01-2025,30104.58,No
ORD-00068,10-01-2025,CUST-199,South,Karnataka,SKU-010,Basmati Rice 5kg,Groceries,39,689,14-01-2025,26871,No
ORD-00069,10-01-2025,CUST-150,South,Andhra Pradesh,SKU-012,Green Tea Pack,Groceries,34,815.88,19-01-2025,27739.92,Yes
ORD-00070,10-01-2025,CUST-113,East,Jharkhand,SKU-013,Yoga Mat,Sports,27,2445.11,16-01-2025,66017.97,No
ORD-00071,11-01-2025,CUST-168,West,Gujarat,SKU-001,Wireless Mouse,Electronics,53,2055.9,19-01-2025,108962.7,No
ORD-00072,11-01-2025,CUST-101,West,Madhya Pradesh,SKU-003,USB-C Charger,Electronics,33,2555.22,19-01-2025,84322.26,No
ORD-00073,11-01-2025,CUST-190,South,Karnataka,SKU-005,Denim Jacket,Apparel,40,1110.65,21-01-2025,44426,No
ORD-00074,11-01-2025,CUST-178,West,Madhya Pradesh,SKU-006,Running Shoes,Apparel,12,183.06,18-01-2025,2196.72,Yes
ORD-00075,11-01-2025,CUST-157,South,Telangana,SKU-010,Basmati Rice 5kg,Groceries,39,689,18-01-2025,26871,Yes
ORD-00076,11-01-2025,CUST-141,South,Kerala,SKU-014,Cricket Bat,Sports,11,1833.14,21-01-2025,20164.54,No
ORD-00077,12-01-2025,CUST-171,North,Rajasthan,SKU-001,Wireless Mouse,Electronics,33,2055.9,19-01-2025,67844.7,No
ORD-00078,12-01-2025,CUST-192,West,Gujarat,SKU-003,USB-C Charger,Electronics,45,2555.22,18-01-2025,114984.9,No
ORD-00079,12-01-2025,CUST-184,East,Jharkhand,SKU-010,Basmati Rice 5kg,Groceries,42,689,19-01-2025,28938,No
ORD-00080,12-01-2025,CUST-145,West,Gujarat,SKU-013,Yoga Mat,Sports,39,2445.11,20-01-2025,95359.29,No
ORD-00081,12-01-2025,CUST-140,North,Delhi,SKU-014,Cricket Bat,Sports,6,1833.14,18-01-2025,10998.84,No
ORD-00082,13-01-2025,CUST-135,East,Odisha,SKU-003,USB-C Charger,Electronics,41,2555.22,23-01-2025,104764.02,No
ORD-00083,13-01-2025,CUST-135,North,Rajasthan,SKU-006,Running Shoes,Apparel,11,183.06,18-01-2025,2013.66,No
ORD-00084,13-01-2025,CUST-113,North,Haryana,SKU-010,Basmati Rice 5kg,Groceries,47,689,23-01-2025,32383,Yes
ORD-00085,13-01-2025,CUST-114,North,Uttar Pradesh,SKU-013,Yoga Mat,Sports,27,2445.11,23-01-2025,66017.97,No
ORD-00086,13-01-2025,CUST-173,North,Haryana,SKU-014,Cricket Bat,Sports,7,1833.14,17-01-2025,12831.98,No
ORD-00087,13-01-2025,CUST-131,North,Uttar Pradesh,SKU-015,Football,Sports,11,1952.28,17-01-2025,21475.08,No
ORD-00088,14-01-2025,CUST-199,West,Goa,SKU-002,Bluetooth Speaker,Electronics,4,1695.1,20-01-2025,6780.4,No
ORD-00089,14-01-2025,CUST-172,North,Uttar Pradesh,SKU-004,Cotton T-Shirt,Apparel,23,850.8,21-01-2025,19568.4,No
ORD-00090,14-01-2025,CUST-133,North,Rajasthan,SKU-008,Air Fryer,Home & Kitchen,7,912.26,20-01-2025,6385.82,Yes
ORD-00091,14-01-2025,CUST-152,West,Goa,SKU-009,LED Lamp,Home & Kitchen,20,1646.8,17-01-2025,32936,No
ORD-00092,14-01-2025,CUST-190,East,West Bengal,SKU-012,Green Tea Pack,Groceries,29,815.88,21-01-2025,23660.52,No
ORD-00093,15-01-2025,CUST-118,North,Uttar Pradesh,SKU-006,Running Shoes,Apparel,7,183.06,22-01-2025,1281.42,Yes
ORD-00094,15-01-2025,CUST-176,East,Jharkhand,SKU-007,Non-stick Pan,Home & Kitchen,12,2108.56,22-01-2025,25302.72,No
ORD-00095,15-01-2025,CUST-134,West,Goa,SKU-008,Air Fryer,Home & Kitchen,28,912.26,24-01-2025,25543.28,Yes
ORD-00096,15-01-2025,CUST-155,East,Odisha,SKU-009,LED Lamp,Home & Kitchen,20,1646.8,18-01-2025,32936,No
ORD-00097,15-01-2025,CUST-197,East,Bihar,SKU-011,Cooking Oil 1L,Groceries,41,1064.79,18-01-2025,43656.39,No
ORD-00098,15-01-2025,CUST-135,South,Tamil Nadu,SKU-014,Cricket Bat,Sports,9,1833.14,25-01-2025,16498.26,No
ORD-00099,16-01-2025,CUST-144,West,Maharashtra,SKU-001,Wireless Mouse,Electronics,45,2055.9,26-01-2025,92515.5,No
ORD-00100,16-01-2025,CUST-120,East,Bihar,SKU-002,Bluetooth Speaker,Electronics,3,1695.1,20-01-2025,5085.3,No
ORD-00101,16-01-2025,CUST-197,North,Haryana,SKU-003,USB-C Charger,Electronics,17,2555.22,25-01-2025,43438.74,Yes
ORD-00102,16-01-2025,CUST-114,West,Goa,SKU-005,Denim Jacket,Apparel,27,1110.65,24-01-2025,29987.55,No
ORD-00103,16-01-2025,CUST-124,East,Odisha,SKU-008,Air Fryer,Home & Kitchen,50,912.26,19-01-2025,45613,No
ORD-00104,16-01-2025,CUST-126,East,Jharkhand,SKU-011,Cooking Oil 1L,Groceries,27,1064.79,19-01-2025,28749.33,No
ORD-00105,16-01-2025,CUST-190,South,Kerala,SKU-014,Cricket Bat,Sports,6,1833.14,22-01-2025,10998.84,No
ORD-00106,16-01-2025,CUST-170,West,Gujarat,SKU-015,Football,Sports,7,1952.28,19-01-2025,13665.96,No
ORD-00107,17-01-2025,CUST-115,South,Tamil Nadu,SKU-001,Wireless Mouse,Electronics,59,2055.9,27-01-2025,121298.1,No
ORD-00108,17-01-2025,CUST-160,South,Andhra Pradesh,SKU-005,Denim Jacket,Apparel,26,1110.65,27-01-2025,28876.9,No
ORD-00109,17-01-2025,CUST-108,East,Odisha,SKU-007,Non-stick Pan,Home & Kitchen,16,2108.56,22-01-2025,33736.96,No
ORD-00110,17-01-2025,CUST-100,East,West Bengal,SKU-010,Basmati Rice 5kg,Groceries,55,689,24-01-2025,37895,Yes
ORD-00111,18-01-2025,CUST-158,East,Odisha,SKU-001,Wireless Mouse,Electronics,23,2055.9,27-01-2025,47285.7,Yes
ORD-00112,18-01-2025,CUST-129,West,Madhya Pradesh,SKU-004,Cotton T-Shirt,Apparel,14,850.8,27-01-2025,11911.2,No
ORD-00113,18-01-2025,CUST-149,South,Kerala,SKU-005,Denim Jacket,Apparel,27,1110.65,27-01-2025,29987.55,Yes
ORD-00114,18-01-2025,CUST-112,West,Madhya Pradesh,SKU-007,Non-stick Pan,Home & Kitchen,6,2108.56,26-01-2025,12651.36,Yes
ORD-00115,18-01-2025,CUST-152,South,Tamil Nadu,SKU-008,Air Fryer,Home & Kitchen,42,912.26,23-01-2025,38314.92,No
ORD-00116,18-01-2025,CUST-143,West,Gujarat,SKU-009,LED Lamp,Home & Kitchen,19,1646.8,25-01-2025,31289.2,Yes
ORD-00117,18-01-2025,CUST-169,North,Uttar Pradesh,SKU-014,Cricket Bat,Sports,5,1833.14,28-01-2025,9165.7,No
ORD-00118,19-01-2025,CUST-129,North,Rajasthan,SKU-001,Wireless Mouse,Electronics,50,2055.9,26-01-2025,102795,No
ORD-00119,19-01-2025,CUST-156,South,Kerala,SKU-002,Bluetooth Speaker,Electronics,24,1695.1,23-01-2025,40682.4,No
ORD-00120,19-01-2025,CUST-137,East,Bihar,SKU-005,Denim Jacket,Apparel,35,1110.65,22-01-2025,38872.75,No
ORD-00121,19-01-2025,CUST-121,South,Tamil Nadu,SKU-006,Running Shoes,Apparel,17,183.06,24-01-2025,3112.02,No
ORD-00122,19-01-2025,CUST-179,South,Andhra Pradesh,SKU-007,Non-stick Pan,Home & Kitchen,18,2108.56,28-01-2025,37954.08,Yes
ORD-00123,19-01-2025,CUST-159,East,West Bengal,SKU-010,Basmati Rice 5kg,Groceries,28,689,22-01-2025,19292,No
ORD-00124,19-01-2025,CUST-144,East,West Bengal,SKU-012,Green Tea Pack,Groceries,18,815.88,29-01-2025,14685.84,Yes
ORD-00125,19-01-2025,CUST-149,West,Goa,SKU-014,Cricket Bat,Sports,6,1833.14,25-01-2025,10998.84,No
ORD-00126,19-01-2025,CUST-173,East,Odisha,SKU-015,Football,Sports,14,1952.28,28-01-2025,27331.92,No
ORD-00127,20-01-2025,CUST-101,North,Delhi,SKU-003,USB-C Charger,Electronics,53,2555.22,27-01-2025,135426.66,Yes
ORD-00128,20-01-2025,CUST-128,South,Kerala,SKU-009,LED Lamp,Home & Kitchen,18,1646.8,28-01-2025,29642.4,No
ORD-00129,21-01-2025,CUST-111,East,West Bengal,SKU-003,USB-C Charger,Electronics,20,2555.22,26-01-2025,51104.4,No
ORD-00130,21-01-2025,CUST-122,South,Andhra Pradesh,SKU-004,Cotton T-Shirt,Apparel,16,850.8,30-01-2025,13612.8,Yes
ORD-00131,21-01-2025,CUST-121,East,Jharkhand,SKU-005,Denim Jacket,Apparel,3,1110.65,28-01-2025,3331.95,No
ORD-00132,21-01-2025,CUST-114,West,Madhya Pradesh,SKU-009,LED Lamp,Home & Kitchen,15,1646.8,29-01-2025,24702,Yes
ORD-00133,21-01-2025,CUST-171,East,Odisha,SKU-011,Cooking Oil 1L,Groceries,64,1064.79,30-01-2025,68146.56,Yes
ORD-00134,21-01-2025,CUST-101,East,West Bengal,SKU-012,Green Tea Pack,Groceries,22,815.88,30-01-2025,17949.36,Yes
ORD-00135,22-01-2025,CUST-178,South,Karnataka,SKU-005,Denim Jacket,Apparel,27,1110.65,30-01-2025,29987.55,No
ORD-00136,22-01-2025,CUST-104,East,Bihar,SKU-011,Cooking Oil 1L,Groceries,41,1064.79,25-01-2025,43656.39,No
ORD-00137,22-01-2025,CUST-158,East,West Bengal,SKU-013,Yoga Mat,Sports,27,2445.11,31-01-2025,66017.97,No
ORD-00138,23-01-2025,CUST-153,North,Uttar Pradesh,SKU-002,Bluetooth Speaker,Electronics,24,1695.1,28-01-2025,40682.4,No
ORD-00139,23-01-2025,CUST-130,East,Jharkhand,SKU-006,Running Shoes,Apparel,12,183.06,02-02-2025,2196.72,Yes
ORD-00140,23-01-2025,CUST-169,East,Odisha,SKU-007,Non-stick Pan,Home & Kitchen,10,2108.56,31-01-2025,21085.6,No
ORD-00141,23-01-2025,CUST-111,South,Tamil Nadu,SKU-008,Air Fryer,Home & Kitchen,34,912.26,02-02-2025,31016.84,Yes
ORD-00142,23-01-2025,CUST-131,South,Karnataka,SKU-011,Cooking Oil 1L,Groceries,73,1064.79,31-01-2025,77729.67,Yes
ORD-00143,23-01-2025,CUST-129,East,West Bengal,SKU-013,Yoga Mat,Sports,31,2445.11,29-01-2025,75798.41,No
ORD-00144,24-01-2025,CUST-116,East,Bihar,SKU-002,Bluetooth Speaker,Electronics,10,1695.1,29-01-2025,16951,No
ORD-00145,24-01-2025,CUST-130,East,West Bengal,SKU-004,Cotton T-Shirt,Apparel,15,850.8,01-02-2025,12762,No
ORD-00146,24-01-2025,CUST-106,South,Telangana,SKU-005,Denim Jacket,Apparel,23,1110.65,31-01-2025,25544.95,Yes
ORD-00147,24-01-2025,CUST-193,East,West Bengal,SKU-012,Green Tea Pack,Groceries,4,815.88,27-01-2025,3263.52,No
ORD-00148,24-01-2025,CUST-151,West,Madhya Pradesh,SKU-015,Football,Sports,8,1952.28,03-02-2025,15618.24,No
ORD-00149,25-01-2025,CUST-116,East,Jharkhand,SKU-004,Cotton T-Shirt,Apparel,19,850.8,29-01-2025,16165.2,No
ORD-00150,25-01-2025,CUST-158,West,Gujarat,SKU-008,Air Fryer,Home & Kitchen,49,912.26,01-02-2025,44700.74,No
ORD-00151,25-01-2025,CUST-155,West,Gujarat,SKU-009,LED Lamp,Home & Kitchen,15,1646.8,31-01-2025,24702,Yes
ORD-00152,25-01-2025,CUST-151,West,Gujarat,SKU-011,Cooking Oil 1L,Groceries,13,1064.79,04-02-2025,13842.27,Yes
ORD-00153,25-01-2025,CUST-187,West,Madhya Pradesh,SKU-013,Yoga Mat,Sports,23,2445.11,30-01-2025,56237.53,No
ORD-00154,25-01-2025,CUST-111,West,Madhya Pradesh,SKU-014,Cricket Bat,Sports,8,1833.14,29-01-2025,14665.12,No
ORD-00155,25-01-2025,CUST-175,East,Bihar,SKU-015,Football,Sports,8,1952.28,28-01-2025,15618.24,No
ORD-00156,26-01-2025,CUST-192,North,Uttar Pradesh,SKU-002,Bluetooth Speaker,Electronics,6,1695.1,04-02-2025,10170.6,No
ORD-00157,26-01-2025,CUST-128,North,Delhi,SKU-005,Denim Jacket,Apparel,21,1110.65,05-02-2025,23323.65,No
ORD-00158,26-01-2025,CUST-114,East,Jharkhand,SKU-006,Running Shoes,Apparel,12,183.06,03-02-2025,2196.72,No
ORD-00159,26-01-2025,CUST-103,South,Kerala,SKU-014,Cricket Bat,Sports,10,1833.14,02-02-2025,18331.4,No
ORD-00160,26-01-2025,CUST-143,East,Odisha,SKU-015,Football,Sports,6,1952.28,02-02-2025,11713.68,No
ORD-00161,27-01-2025,CUST-108,South,Kerala,SKU-001,Wireless Mouse,Electronics,43,2055.9,05-02-2025,88403.7,Yes
ORD-00162,27-01-2025,CUST-148,West,Gujarat,SKU-004,Cotton T-Shirt,Apparel,9,850.8,02-02-2025,7657.2,No
ORD-00163,27-01-2025,CUST-106,South,Telangana,SKU-006,Running Shoes,Apparel,12,183.06,31-01-2025,2196.72,No
ORD-00164,27-01-2025,CUST-186,North,Uttar Pradesh,SKU-007,Non-stick Pan,Home & Kitchen,17,2108.56,30-01-2025,35845.52,No
ORD-00165,27-01-2025,CUST-153,East,West Bengal,SKU-008,Air Fryer,Home & Kitchen,31,912.26,06-02-2025,28280.06,No
ORD-00166,27-01-2025,CUST-144,West,Gujarat,SKU-009,LED Lamp,Home & Kitchen,13,1646.8,31-01-2025,21408.4,Yes
ORD-00167,27-01-2025,CUST-105,South,Karnataka,SKU-010,Basmati Rice 5kg,Groceries,30,689,03-02-2025,20670,Yes
ORD-00168,27-01-2025,CUST-100,South,Kerala,SKU-011,Cooking Oil 1L,Groceries,22,1064.79,30-01-2025,23425.38,No
ORD-00169,27-01-2025,CUST-137,East,West Bengal,SKU-012,Green Tea Pack,Groceries,27,815.88,03-02-2025,22028.76,No
ORD-00170,27-01-2025,CUST-195,West,Maharashtra,SKU-013,Yoga Mat,Sports,30,2445.11,06-02-2025,73353.3,No
ORD-00171,27-01-2025,CUST-109,West,Madhya Pradesh,SKU-014,Cricket Bat,Sports,4,1833.14,04-02-2025,7332.56,No
ORD-00172,28-01-2025,CUST-158,North,Haryana,SKU-001,Wireless Mouse,Electronics,45,2055.9,31-01-2025,92515.5,No
ORD-00173,28-01-2025,CUST-121,West,Goa,SKU-006,Running Shoes,Apparel,14,183.06,05-02-2025,2562.84,Yes
ORD-00174,28-01-2025,CUST-131,West,Madhya Pradesh,SKU-009,LED Lamp,Home & Kitchen,20,1646.8,01-02-2025,32936,No
ORD-00175,28-01-2025,CUST-199,South,Kerala,SKU-012,Green Tea Pack,Groceries,23,815.88,05-02-2025,18765.24,No
ORD-00176,28-01-2025,CUST-167,South,Kerala,SKU-013,Yoga Mat,Sports,33,2445.11,01-02-2025,80688.63,No
ORD-00177,28-01-2025,CUST-130,North,Haryana,SKU-015,Football,Sports,8,1952.28,02-02-2025,15618.24,No
ORD-00178,29-01-2025,CUST-122,South,Tamil Nadu,SKU-001,Wireless Mouse,Electronics,12,2055.9,04-02-2025,24670.8,No
ORD-00179,29-01-2025,CUST-187,East,West Bengal,SKU-004,Cotton T-Shirt,Apparel,14,850.8,08-02-2025,11911.2,No
ORD-00180,29-01-2025,CUST-160,West,Madhya Pradesh,SKU-007,Non-stick Pan,Home & Kitchen,8,2108.56,02-02-2025,16868.48,No
ORD-00181,29-01-2025,CUST-107,East,Jharkhand,SKU-011,Cooking Oil 1L,Groceries,52,1064.79,01-02-2025,55369.08,No
ORD-00182,29-01-2025,CUST-178,West,Gujarat,SKU-013,Yoga Mat,Sports,30,2445.11,02-02-2025,73353.3,No
ORD-00183,30-01-2025,CUST-177,West,Madhya Pradesh,SKU-003,USB-C Charger,Electronics,42,2555.22,07-02-2025,107319.24,No
ORD-00184,30-01-2025,CUST-105,South,Telangana,SKU-010,Basmati Rice 5kg,Groceries,20,689,04-02-2025,13780,No
ORD-00185,30-01-2025,CUST-186,North,Punjab,SKU-015,Football,Sports,11,1952.28,07-02-2025,21475.08,No
ORD-00186,31-01-2025,CUST-171,West,Goa,SKU-003,USB-C Charger,Electronics,29,2555.22,04-02-2025,74101.38,No
ORD-00187,31-01-2025,CUST-142,North,Rajasthan,SKU-004,Cotton T-Shirt,Apparel,12,850.8,05-02-2025,10209.6,No
ORD-00188,31-01-2025,CUST-139,West,Madhya Pradesh,SKU-006,Running Shoes,Apparel,7,183.06,08-02-2025,1281.42,Yes
ORD-00189,31-01-2025,CUST-182,East,Jharkhand,SKU-007,Non-stick Pan,Home & Kitchen,13,2108.56,09-02-2025,27411.28,No
ORD-00190,31-01-2025,CUST-102,East,Odisha,SKU-015,Football,Sports,7,1952.28,08-02-2025,13665.96,No
ORD-00191,01-02-2025,CUST-124,South,Andhra Pradesh,SKU-001,Wireless Mouse,Electronics,43,2055.9,11-02-2025,88403.7,No
ORD-00192,01-02-2025,CUST-112,North,Uttar Pradesh,SKU-003,USB-C Charger,Electronics,32,2555.22,08-02-2025,81767.04,No
ORD-00193,01-02-2025,CUST-192,West,Gujarat,SKU-008,Air Fryer,Home & Kitchen,49,912.26,06-02-2025,44700.74,No
ORD-00194,01-02-2025,CUST-186,South,Tamil Nadu,SKU-009,LED Lamp,Home & Kitchen,29,1646.8,09-02-2025,47757.2,No
ORD-00195,01-02-2025,CUST-124,East,Odisha,SKU-014,Cricket Bat,Sports,6,1833.14,11-02-2025,10998.84,No
ORD-00196,02-02-2025,CUST-199,West,Gujarat,SKU-002,Bluetooth Speaker,Electronics,32,1695.1,09-02-2025,54243.2,No
ORD-00197,02-02-2025,CUST-132,North,Punjab,SKU-004,Cotton T-Shirt,Apparel,15,850.8,07-02-2025,12762,No
ORD-00198,02-02-2025,CUST-136,North,Haryana,SKU-008,Air Fryer,Home & Kitchen,48,912.26,06-02-2025,43788.48,No
ORD-00199,02-02-2025,CUST-111,South,Andhra Pradesh,SKU-010,Basmati Rice 5kg,Groceries,44,689,11-02-2025,30316,No
ORD-00200,02-02-2025,CUST-164,East,West Bengal,SKU-014,Cricket Bat,Sports,5,1833.14,11-02-2025,9165.7,No
ORD-00201,02-02-2025,CUST-140,North,Punjab,SKU-015,Football,Sports,12,1952.28,05-02-2025,23427.36,No
ORD-00202,03-02-2025,CUST-160,South,Telangana,SKU-004,Cotton T-Shirt,Apparel,13,850.8,10-02-2025,11060.4,No
ORD-00203,03-02-2025,CUST-114,East,West Bengal,SKU-009,LED Lamp,Home & Kitchen,20,1646.8,12-02-2025,32936,Yes
ORD-00204,03-02-2025,CUST-106,South,Kerala,SKU-010,Basmati Rice 5kg,Groceries,45,689,07-02-2025,31005,No
ORD-00205,03-02-2025,CUST-163,North,Uttar Pradesh,SKU-011,Cooking Oil 1L,Groceries,42,1064.79,07-02-2025,44721.18,No
ORD-00206,03-02-2025,CUST-178,East,West Bengal,SKU-015,Football,Sports,5,1952.28,06-02-2025,9761.4,No
ORD-00207,04-02-2025,CUST-167,East,Bihar,SKU-001,Wireless Mouse,Electronics,18,2055.9,08-02-2025,37006.2,No
ORD-00208,04-02-2025,CUST-149,West,Maharashtra,SKU-002,Bluetooth Speaker,Electronics,21,1695.1,07-02-2025,35597.1,No
ORD-00209,04-02-2025,CUST-145,North,Delhi,SKU-003,USB-C Charger,Electronics,26,2555.22,07-02-2025,66435.72,No
ORD-00210,04-02-2025,CUST-198,East,Jharkhand,SKU-004,Cotton T-Shirt,Apparel,17,850.8,08-02-2025,14463.6,No
ORD-00211,04-02-2025,CUST-199,West,Goa,SKU-005,Denim Jacket,Apparel,22,1110.65,09-02-2025,24434.3,No
ORD-00212,04-02-2025,CUST-108,West,Madhya Pradesh,SKU-008,Air Fryer,Home & Kitchen,50,912.26,09-02-2025,45613,No
ORD-00213,04-02-2025,CUST-140,East,Jharkhand,SKU-009,LED Lamp,Home & Kitchen,23,1646.8,07-02-2025,37876.4,No
ORD-00214,04-02-2025,CUST-136,East,Jharkhand,SKU-013,Yoga Mat,Sports,41,2445.11,10-02-2025,100249.51,No
ORD-00215,04-02-2025,CUST-155,West,Goa,SKU-015,Football,Sports,7,1952.28,12-02-2025,13665.96,No
ORD-00216,05-02-2025,CUST-163,West,Madhya Pradesh,SKU-003,USB-C Charger,Electronics,27,2555.22,10-02-2025,68990.94,No
ORD-00217,05-02-2025,CUST-193,West,Maharashtra,SKU-004,Cotton T-Shirt,Apparel,15,850.8,09-02-2025,12762,No
ORD-00218,05-02-2025,CUST-169,East,Jharkhand,SKU-005,Denim Jacket,Apparel,20,1110.65,10-02-2025,22213,No
ORD-00219,05-02-2025,CUST-157,West,Gujarat,SKU-006,Running Shoes,Apparel,20,183.06,12-02-2025,3661.2,No
ORD-00220,05-02-2025,CUST-144,West,Goa,SKU-007,Non-stick Pan,Home & Kitchen,17,2108.56,15-02-2025,35845.52,Yes
ORD-00221,05-02-2025,CUST-135,North,Punjab,SKU-008,Air Fryer,Home & Kitchen,49,912.26,14-02-2025,44700.74,No
ORD-00222,05-02-2025,CUST-146,South,Kerala,SKU-009,LED Lamp,Home & Kitchen,15,1646.8,14-02-2025,24702,Yes
ORD-00223,05-02-2025,CUST-116,North,Delhi,SKU-011,Cooking Oil 1L,Groceries,20,1064.79,08-02-2025,21295.8,No
ORD-00224,05-02-2025,CUST-146,West,Madhya Pradesh,SKU-012,Green Tea Pack,Groceries,16,815.88,13-02-2025,13054.08,Yes
ORD-00225,05-02-2025,CUST-147,West,Goa,SKU-014,Cricket Bat,Sports,7,1833.14,13-02-2025,12831.98,No
ORD-00226,06-02-2025,CUST-131,North,Punjab,SKU-003,USB-C Charger,Electronics,46,2555.22,13-02-2025,117540.12,No
ORD-00227,06-02-2025,CUST-133,East,Bihar,SKU-004,Cotton T-Shirt,Apparel,16,850.8,10-02-2025,13612.8,No
ORD-00228,06-02-2025,CUST-188,West,Gujarat,SKU-006,Running Shoes,Apparel,19,183.06,13-02-2025,3478.14,No
ORD-00229,06-02-2025,CUST-191,West,Maharashtra,SKU-007,Non-stick Pan,Home & Kitchen,15,2108.56,11-02-2025,31628.4,No
ORD-00230,06-02-2025,CUST-120,South,Kerala,SKU-015,Football,Sports,9,1952.28,13-02-2025,17570.52,No
ORD-00231,07-02-2025,CUST-103,East,Jharkhand,SKU-003,USB-C Charger,Electronics,37,2555.22,17-02-2025,94543.14,No
ORD-00232,07-02-2025,CUST-178,North,Uttar Pradesh,SKU-005,Denim Jacket,Apparel,32,1110.65,12-02-2025,35540.8,No
ORD-00233,07-02-2025,CUST-167,West,Goa,SKU-006,Running Shoes,Apparel,8,183.06,17-02-2025,1464.48,Yes
ORD-00234,07-02-2025,CUST-182,North,Uttar Pradesh,SKU-009,LED Lamp,Home & Kitchen,26,1646.8,15-02-2025,42816.8,Yes
ORD-00235,07-02-2025,CUST-198,South,Tamil Nadu,SKU-010,Basmati Rice 5kg,Groceries,33,689,12-02-2025,22737,No
ORD-00236,07-02-2025,CUST-115,South,Tamil Nadu,SKU-011,Cooking Oil 1L,Groceries,27,1064.79,10-02-2025,28749.33,No
ORD-00237,07-02-2025,CUST-144,East,Odisha,SKU-012,Green Tea Pack,Groceries,37,815.88,13-02-2025,30187.56,No
ORD-00238,07-02-2025,CUST-116,East,Odisha,SKU-014,Cricket Bat,Sports,10,1833.14,14-02-2025,18331.4,No
ORD-00239,08-02-2025,CUST-121,East,Jharkhand,SKU-001,Wireless Mouse,Electronics,23,2055.9,13-02-2025,47285.7,No
ORD-00240,08-02-2025,CUST-182,East,Odisha,SKU-005,Denim Jacket,Apparel,17,1110.65,11-02-2025,18881.05,No
ORD-00241,08-02-2025,CUST-182,East,Jharkhand,SKU-008,Air Fryer,Home & Kitchen,29,912.26,15-02-2025,26455.54,No
ORD-00242,08-02-2025,CUST-188,North,Haryana,SKU-012,Green Tea Pack,Groceries,18,815.88,12-02-2025,14685.84,No
ORD-00243,08-02-2025,CUST-177,South,Karnataka,SKU-013,Yoga Mat,Sports,17,2445.11,16-02-2025,41566.87,No
ORD-00244,08-02-2025,CUST-193,East,West Bengal,SKU-014,Cricket Bat,Sports,7,1833.14,16-02-2025,12831.98,No
ORD-00245,09-02-2025,CUST-130,West,Maharashtra,SKU-001,Wireless Mouse,Electronics,23,2055.9,17-02-2025,47285.7,Yes
ORD-00246,09-02-2025,CUST-131,South,Kerala,SKU-002,Bluetooth Speaker,Electronics,23,1695.1,19-02-2025,38987.3,No
ORD-00247,09-02-2025,CUST-131,South,Andhra Pradesh,SKU-003,USB-C Charger,Electronics,32,2555.22,18-02-2025,81767.04,No
ORD-00248,09-02-2025,CUST-163,West,Gujarat,SKU-007,Non-stick Pan,Home & Kitchen,18,2108.56,14-02-2025,37954.08,No
ORD-00249,09-02-2025,CUST-130,South,Telangana,SKU-009,LED Lamp,Home & Kitchen,35,1646.8,19-02-2025,57638,No
ORD-00250,09-02-2025,CUST-163,West,Goa,SKU-011,Cooking Oil 1L,Groceries,43,1064.79,16-02-2025,45785.97,No
ORD-00251,09-02-2025,CUST-133,East,Jharkhand,SKU-012,Green Tea Pack,Groceries,30,815.88,14-02-2025,24476.4,No
ORD-00252,09-02-2025,CUST-106,South,Telangana,SKU-014,Cricket Bat,Sports,6,1833.14,18-02-2025,10998.84,No
ORD-00253,09-02-2025,CUST-197,East,Jharkhand,SKU-015,Football,Sports,8,1952.28,19-02-2025,15618.24,No
ORD-00254,10-02-2025,CUST-150,East,Jharkhand,SKU-004,Cotton T-Shirt,Apparel,18,850.8,14-02-2025,15314.4,No
ORD-00255,10-02-2025,CUST-177,West,Goa,SKU-006,Running Shoes,Apparel,21,183.06,16-02-2025,3844.26,Yes
ORD-00256,10-02-2025,CUST-191,East,West Bengal,SKU-008,Air Fryer,Home & Kitchen,31,912.26,15-02-2025,28280.06,No
ORD-00257,10-02-2025,CUST-120,West,Madhya Pradesh,SKU-011,Cooking Oil 1L,Groceries,44,1064.79,18-02-2025,46850.76,No
ORD-00258,10-02-2025,CUST-164,West,Gujarat,SKU-014,Cricket Bat,Sports,5,1833.14,18-02-2025,9165.7,No
ORD-00259,11-02-2025,CUST-153,East,Jharkhand,SKU-001,Wireless Mouse,Electronics,38,2055.9,15-02-2025,78124.2,No
ORD-00260,11-02-2025,CUST-133,South,Kerala,SKU-005,Denim Jacket,Apparel,19,1110.65,21-02-2025,21102.35,Yes
ORD-00261,11-02-2025,CUST-118,South,Karnataka,SKU-008,Air Fryer,Home & Kitchen,27,912.26,20-02-2025,24631.02,No
ORD-00262,11-02-2025,CUST-124,North,Haryana,SKU-009,LED Lamp,Home & Kitchen,12,1646.8,15-02-2025,19761.6,No
ORD-00263,11-02-2025,CUST-152,West,Madhya Pradesh,SKU-010,Basmati Rice 5kg,Groceries,26,689,17-02-2025,17914,No
ORD-00264,11-02-2025,CUST-166,South,Andhra Pradesh,SKU-013,Yoga Mat,Sports,30,2445.11,16-02-2025,73353.3,No
ORD-00265,12-02-2025,CUST-169,East,Bihar,SKU-002,Bluetooth Speaker,Electronics,23,1695.1,20-02-2025,38987.3,No
ORD-00266,12-02-2025,CUST-124,South,Karnataka,SKU-007,Non-stick Pan,Home & Kitchen,12,2108.56,22-02-2025,25302.72,No
ORD-00267,12-02-2025,CUST-198,East,Bihar,SKU-008,Air Fryer,Home & Kitchen,30,912.26,19-02-2025,27367.8,Yes
ORD-00268,13-02-2025,CUST-150,East,Odisha,SKU-001,Wireless Mouse,Electronics,59,2055.9,22-02-2025,121298.1,Yes
ORD-00269,13-02-2025,CUST-156,East,Odisha,SKU-004,Cotton T-Shirt,Apparel,12,850.8,21-02-2025,10209.6,No
ORD-00270,13-02-2025,CUST-171,East,Jharkhand,SKU-006,Running Shoes,Apparel,21,183.06,20-02-2025,3844.26,No
ORD-00271,13-02-2025,CUST-106,South,Telangana,SKU-007,Non-stick Pan,Home & Kitchen,9,2108.56,19-02-2025,18977.04,No
ORD-00272,13-02-2025,CUST-142,West,Goa,SKU-009,LED Lamp,Home & Kitchen,13,1646.8,22-02-2025,21408.4,Yes
ORD-00273,13-02-2025,CUST-152,West,Madhya Pradesh,SKU-010,Basmati Rice 5kg,Groceries,38,689,18-02-2025,26182,No
ORD-00274,13-02-2025,CUST-141,East,Jharkhand,SKU-012,Green Tea Pack,Groceries,25,815.88,20-02-2025,20397,No
ORD-00275,13-02-2025,CUST-122,West,Goa,SKU-015,Football,Sports,5,1952.28,16-02-2025,9761.4,No
ORD-00276,14-02-2025,CUST-150,West,Goa,SKU-002,Bluetooth Speaker,Electronics,14,1695.1,17-02-2025,23731.4,No
ORD-00277,14-02-2025,CUST-104,North,Uttar Pradesh,SKU-003,USB-C Charger,Electronics,35,2555.22,21-02-2025,89432.7,No
ORD-00278,14-02-2025,CUST-142,East,West Bengal,SKU-004,Cotton T-Shirt,Apparel,4,850.8,18-02-2025,3403.2,No
ORD-00279,14-02-2025,CUST-142,South,Tamil Nadu,SKU-009,LED Lamp,Home & Kitchen,14,1646.8,18-02-2025,23055.2,No
ORD-00280,14-02-2025,CUST-137,South,Kerala,SKU-013,Yoga Mat,Sports,25,2445.11,22-02-2025,61127.75,No
ORD-00281,14-02-2025,CUST-165,East,Odisha,SKU-014,Cricket Bat,Sports,9,1833.14,23-02-2025,16498.26,No
ORD-00282,14-02-2025,CUST-123,South,Andhra Pradesh,SKU-015,Football,Sports,4,1952.28,18-02-2025,7809.12,No
ORD-00283,15-02-2025,CUST-142,East,Jharkhand,SKU-003,USB-C Charger,Electronics,25,2555.22,22-02-2025,63880.5,Yes
ORD-00284,15-02-2025,CUST-188,South,Tamil Nadu,SKU-006,Running Shoes,Apparel,17,183.06,23-02-2025,3112.02,No
ORD-00285,15-02-2025,CUST-187,East,Bihar,SKU-007,Non-stick Pan,Home & Kitchen,16,2108.56,24-02-2025,33736.96,No
ORD-00286,15-02-2025,CUST-128,South,Tamil Nadu,SKU-011,Cooking Oil 1L,Groceries,46,1064.79,21-02-2025,48980.34,Yes
ORD-00287,15-02-2025,CUST-197,South,Kerala,SKU-015,Football,Sports,7,1952.28,21-02-2025,13665.96,No
ORD-00288,16-02-2025,CUST-107,South,Andhra Pradesh,SKU-006,Running Shoes,Apparel,4,183.06,20-02-2025,732.24,No
ORD-00289,16-02-2025,CUST-187,South,Karnataka,SKU-008,Air Fryer,Home & Kitchen,32,912.26,20-02-2025,29192.32,Yes
ORD-00290,16-02-2025,CUST-158,South,Andhra Pradesh,SKU-012,Green Tea Pack,Groceries,36,815.88,19-02-2025,29371.68,No
ORD-00291,16-02-2025,CUST-150,East,Odisha,SKU-015,Football,Sports,3,1952.28,19-02-2025,5856.84,No
ORD-00292,17-02-2025,CUST-189,North,Delhi,SKU-004,Cotton T-Shirt,Apparel,16,850.8,25-02-2025,13612.8,No
ORD-00293,17-02-2025,CUST-104,East,West Bengal,SKU-006,Running Shoes,Apparel,25,183.06,27-02-2025,4576.5,Yes
ORD-00294,17-02-2025,CUST-198,West,Goa,SKU-007,Non-stick Pan,Home & Kitchen,5,2108.56,22-02-2025,10542.8,No
ORD-00295,17-02-2025,CUST-148,North,Delhi,SKU-008,Air Fryer,Home & Kitchen,52,912.26,26-02-2025,47437.52,No
ORD-00296,17-02-2025,CUST-168,West,Maharashtra,SKU-013,Yoga Mat,Sports,19,2445.11,22-02-2025,46457.09,No
ORD-00297,18-02-2025,CUST-159,West,Maharashtra,SKU-001,Wireless Mouse,Electronics,36,2055.9,25-02-2025,74012.4,No
ORD-00298,18-02-2025,CUST-119,East,Jharkhand,SKU-004,Cotton T-Shirt,Apparel,14,850.8,26-02-2025,11911.2,Yes
ORD-00299,18-02-2025,CUST-184,West,Maharashtra,SKU-005,Denim Jacket,Apparel,38,1110.65,21-02-2025,42204.7,No
ORD-00300,18-02-2025,CUST-112,North,Uttar Pradesh,SKU-009,LED Lamp,Home & Kitchen,11,1646.8,22-02-2025,18114.8,No
ORD-00301,18-02-2025,CUST-194,North,Punjab,SKU-010,Basmati Rice 5kg,Groceries,25,689,24-02-2025,17225,No
ORD-00302,18-02-2025,CUST-169,South,Kerala,SKU-011,Cooking Oil 1L,Groceries,14,1064.79,24-02-2025,14907.06,No
ORD-00303,18-02-2025,CUST-173,East,Jharkhand,SKU-014,Cricket Bat,Sports,8,1833.14,26-02-2025,14665.12,No
ORD-00304,18-02-2025,CUST-184,South,Telangana,SKU-015,Football,Sports,9,1952.28,23-02-2025,17570.52,No
ORD-00305,19-02-2025,CUST-180,West,Maharashtra,SKU-001,Wireless Mouse,Electronics,31,2055.9,24-02-2025,63732.9,No
ORD-00306,19-02-2025,CUST-182,West,Goa,SKU-003,USB-C Charger,Electronics,51,2555.22,27-02-2025,130316.22,No
ORD-00307,19-02-2025,CUST-123,West,Madhya Pradesh,SKU-005,Denim Jacket,Apparel,22,1110.65,28-02-2025,24434.3,Yes
ORD-00308,19-02-2025,CUST-138,South,Andhra Pradesh,SKU-006,Running Shoes,Apparel,15,183.06,25-02-2025,2745.9,No
ORD-00309,19-02-2025,CUST-157,East,Jharkhand,SKU-012,Green Tea Pack,Groceries,26,815.88,23-02-2025,21212.88,No
ORD-00310,19-02-2025,CUST-106,East,Odisha,SKU-013,Yoga Mat,Sports,32,2445.11,25-02-2025,78243.52,No
ORD-00311,19-02-2025,CUST-124,South,Kerala,SKU-014,Cricket Bat,Sports,6,1833.14,23-02-2025,10998.84,No
ORD-00312,20-02-2025,CUST-127,South,Telangana,SKU-002,Bluetooth Speaker,Electronics,16,1695.1,23-02-2025,27121.6,No
ORD-00313,20-02-2025,CUST-189,South,Telangana,SKU-004,Cotton T-Shirt,Apparel,19,850.8,26-02-2025,16165.2,No
ORD-00314,20-02-2025,CUST-170,East,Jharkhand,SKU-005,Denim Jacket,Apparel,27,1110.65,26-02-2025,29987.55,No
ORD-00315,20-02-2025,CUST-146,West,Gujarat,SKU-007,Non-stick Pan,Home & Kitchen,9,2108.56,27-02-2025,18977.04,No
ORD-00316,20-02-2025,CUST-147,East,Odisha,SKU-012,Green Tea Pack,Groceries,24,815.88,26-02-2025,19581.12,No
ORD-00317,20-02-2025,CUST-102,East,West Bengal,SKU-013,Yoga Mat,Sports,20,2445.11,25-02-2025,48902.2,No
ORD-00318,21-02-2025,CUST-142,South,Tamil Nadu,SKU-002,Bluetooth Speaker,Electronics,15,1695.1,27-02-2025,25426.5,No
ORD-00319,21-02-2025,CUST-132,West,Goa,SKU-003,USB-C Charger,Electronics,42,2555.22,01-03-2025,107319.24,No
ORD-00320,21-02-2025,CUST-121,South,Andhra Pradesh,SKU-007,Non-stick Pan,Home & Kitchen,9,2108.56,01-03-2025,18977.04,Yes
ORD-00321,21-02-2025,CUST-197,North,Rajasthan,SKU-013,Yoga Mat,Sports,43,2445.11,24-02-2025,105139.73,No
ORD-00322,21-02-2025,CUST-108,South,Tamil Nadu,SKU-014,Cricket Bat,Sports,7,1833.14,27-02-2025,12831.98,No
ORD-00323,21-02-2025,CUST-184,West,Gujarat,SKU-015,Football,Sports,6,1952.28,03-03-2025,11713.68,No
ORD-00324,22-02-2025,CUST-101,North,Punjab,SKU-001,Wireless Mouse,Electronics,33,2055.9,03-03-2025,67844.7,No
ORD-00325,22-02-2025,CUST-122,North,Rajasthan,SKU-003,USB-C Charger,Electronics,37,2555.22,03-03-2025,94543.14,Yes
ORD-00326,22-02-2025,CUST-145,East,Jharkhand,SKU-006,Running Shoes,Apparel,13,183.06,01-03-2025,2379.78,No
ORD-00327,22-02-2025,CUST-189,South,Andhra Pradesh,SKU-008,Air Fryer,Home & Kitchen,55,912.26,28-02-2025,50174.3,No
ORD-00328,22-02-2025,CUST-183,North,Rajasthan,SKU-009,LED Lamp,Home & Kitchen,17,1646.8,26-02-2025,27995.6,Yes
ORD-00329,22-02-2025,CUST-181,North,Uttar Pradesh,SKU-010,Basmati Rice 5kg,Groceries,26,689,25-02-2025,17914,No
ORD-00330,22-02-2025,CUST-182,East,West Bengal,SKU-012,Green Tea Pack,Groceries,34,815.88,03-03-2025,27739.92,Yes
ORD-00331,22-02-2025,CUST-188,West,Madhya Pradesh,SKU-015,Football,Sports,8,1952.28,28-02-2025,15618.24,No
ORD-00332,23-02-2025,CUST-187,East,West Bengal,SKU-001,Wireless Mouse,Electronics,32,2055.9,27-02-2025,65788.8,No
ORD-00333,23-02-2025,CUST-175,South,Telangana,SKU-004,Cotton T-Shirt,Apparel,17,850.8,01-03-2025,14463.6,No
ORD-00334,23-02-2025,CUST-138,South,Andhra Pradesh,SKU-007,Non-stick Pan,Home & Kitchen,12,2108.56,27-02-2025,25302.72,No
ORD-00335,23-02-2025,CUST-164,East,Jharkhand,SKU-013,Yoga Mat,Sports,25,2445.11,27-02-2025,61127.75,No
ORD-00336,23-02-2025,CUST-129,North,Haryana,SKU-014,Cricket Bat,Sports,2,1833.14,04-03-2025,3666.28,No
ORD-00337,23-02-2025,CUST-199,East,Bihar,SKU-015,Football,Sports,9,1952.28,04-03-2025,17570.52,No
ORD-00338,24-02-2025,CUST-157,West,Madhya Pradesh,SKU-001,Wireless Mouse,Electronics,4,2055.9,03-03-2025,8223.6,No
ORD-00339,24-02-2025,CUST-187,West,Gujarat,SKU-002,Bluetooth Speaker,Electronics,12,1695.1,01-03-2025,20341.2,No
ORD-00340,24-02-2025,CUST-131,North,Delhi,SKU-003,USB-C Charger,Electronics,31,2555.22,03-03-2025,79211.82,No
ORD-00341,24-02-2025,CUST-194,West,Goa,SKU-004,Cotton T-Shirt,Apparel,18,850.8,01-03-2025,15314.4,No
ORD-00342,24-02-2025,CUST-111,North,Uttar Pradesh,SKU-005,Denim Jacket,Apparel,39,1110.65,28-02-2025,43315.35,No
ORD-00343,24-02-2025,CUST-123,West,Gujarat,SKU-007,Non-stick Pan,Home & Kitchen,14,2108.56,28-02-2025,29519.84,No
ORD-00344,24-02-2025,CUST-113,North,Delhi,SKU-008,Air Fryer,Home & Kitchen,33,912.26,05-03-2025,30104.58,Yes
ORD-00345,24-02-2025,CUST-149,North,Delhi,SKU-009,LED Lamp,Home & Kitchen,11,1646.8,04-03-2025,18114.8,No
ORD-00346,24-02-2025,CUST-199,North,Delhi,SKU-010,Basmati Rice 5kg,Groceries,32,689,05-03-2025,22048,Yes
ORD-00347,24-02-2025,CUST-117,East,Bihar,SKU-014,Cricket Bat,Sports,3,1833.14,01-03-2025,5499.42,No
ORD-00348,24-02-2025,CUST-118,North,Delhi,SKU-015,Football,Sports,8,1952.28,06-03-2025,15618.24,No
ORD-00349,25-02-2025,CUST-146,East,Odisha,SKU-001,Wireless Mouse,Electronics,32,2055.9,01-03-2025,65788.8,No
ORD-00350,25-02-2025,CUST-150,East,Bihar,SKU-007,Non-stick Pan,Home & Kitchen,17,2108.56,28-02-2025,35845.52,No
ORD-00351,25-02-2025,CUST-183,South,Telangana,SKU-009,LED Lamp,Home & Kitchen,24,1646.8,06-03-2025,39523.2,Yes
ORD-00352,25-02-2025,CUST-161,East,West Bengal,SKU-010,Basmati Rice 5kg,Groceries,27,689,03-03-2025,18603,No
ORD-00353,25-02-2025,CUST-173,South,Andhra Pradesh,SKU-011,Cooking Oil 1L,Groceries,29,1064.79,07-03-2025,30878.91,Yes
ORD-00354,25-02-2025,CUST-150,East,Jharkhand,SKU-012,Green Tea Pack,Groceries,31,815.88,04-03-2025,25292.28,No
ORD-00355,25-02-2025,CUST-187,North,Haryana,SKU-013,Yoga Mat,Sports,15,2445.11,02-03-2025,36676.65,No
ORD-00356,26-02-2025,CUST-188,North,Delhi,SKU-002,Bluetooth Speaker,Electronics,14,1695.1,05-03-2025,23731.4,No
ORD-00357,26-02-2025,CUST-132,South,Andhra Pradesh,SKU-005,Denim Jacket,Apparel,14,1110.65,04-03-2025,15549.1,No
ORD-00358,26-02-2025,CUST-174,West,Goa,SKU-008,Air Fryer,Home & Kitchen,40,912.26,08-03-2025,36490.4,Yes
ORD-00359,26-02-2025,CUST-113,South,Karnataka,SKU-012,Green Tea Pack,Groceries,49,815.88,02-03-2025,39978.12,No
ORD-00360,26-02-2025,CUST-172,West,Madhya Pradesh,SKU-014,Cricket Bat,Sports,7,1833.14,01-03-2025,12831.98,No
ORD-00361,27-02-2025,CUST-133,South,Tamil Nadu,SKU-001,Wireless Mouse,Electronics,35,2055.9,03-03-2025,71956.5,No
ORD-00362,27-02-2025,CUST-159,South,Telangana,SKU-006,Running Shoes,Apparel,11,183.06,08-03-2025,2013.66,No
ORD-00363,27-02-2025,CUST-110,North,Delhi,SKU-007,Non-stick Pan,Home & Kitchen,16,2108.56,08-03-2025,33736.96,No
ORD-00364,27-02-2025,CUST-158,South,Telangana,SKU-010,Basmati Rice 5kg,Groceries,39,689,07-03-2025,26871,Yes
ORD-00365,27-02-2025,CUST-140,North,Delhi,SKU-012,Green Tea Pack,Groceries,38,815.88,09-03-2025,31003.44,Yes
ORD-00366,27-02-2025,CUST-102,East,West Bengal,SKU-013,Yoga Mat,Sports,34,2445.11,03-03-2025,83133.74,No
ORD-00367,28-02-2025,CUST-170,South,Andhra Pradesh,SKU-001,Wireless Mouse,Electronics,42,2055.9,05-03-2025,86347.8,No
ORD-00368,28-02-2025,CUST-159,South,Karnataka,SKU-002,Bluetooth Speaker,Electronics,17,1695.1,09-03-2025,28816.7,No
ORD-00369,28-02-2025,CUST-157,West,Maharashtra,SKU-005,Denim Jacket,Apparel,22,1110.65,06-03-2025,24434.3,Yes
ORD-00370,28-02-2025,CUST-126,East,Jharkhand,SKU-006,Running Shoes,Apparel,10,183.06,06-03-2025,1830.6,No
ORD-00371,28-02-2025,CUST-146,East,Jharkhand,SKU-009,LED Lamp,Home & Kitchen,30,1646.8,05-03-2025,49404,No
ORD-00372,28-02-2025,CUST-133,West,Madhya Pradesh,SKU-010,Basmati Rice 5kg,Groceries,54,689,04-03-2025,37206,No
ORD-00373,01-03-2025,CUST-178,North,Delhi,SKU-001,Wireless Mouse,Electronics,42,2055.9,08-03-2025,86347.8,No
ORD-00374,01-03-2025,CUST-139,North,Rajasthan,SKU-003,USB-C Charger,Electronics,21,2555.22,07-03-2025,53659.62,No
ORD-00375,01-03-2025,CUST-176,South,Karnataka,SKU-004,Cotton T-Shirt,Apparel,12,850.8,10-03-2025,10209.6,Yes
ORD-00376,01-03-2025,CUST-181,South,Karnataka,SKU-006,Running Shoes,Apparel,8,183.06,11-03-2025,1464.48,Yes
ORD-00377,01-03-2025,CUST-145,North,Haryana,SKU-009,LED Lamp,Home & Kitchen,16,1646.8,04-03-2025,26348.8,No
ORD-00378,01-03-2025,CUST-171,West,Maharashtra,SKU-011,Cooking Oil 1L,Groceries,52,1064.79,10-03-2025,55369.08,No
ORD-00379,01-03-2025,CUST-162,South,Karnataka,SKU-012,Green Tea Pack,Groceries,12,815.88,11-03-2025,9790.56,Yes
ORD-00380,01-03-2025,CUST-197,South,Kerala,SKU-013,Yoga Mat,Sports,26,2445.11,04-03-2025,63572.86,No
ORD-00381,01-03-2025,CUST-199,West,Madhya Pradesh,SKU-014,Cricket Bat,Sports,6,1833.14,06-03-2025,10998.84,No
ORD-00382,02-03-2025,CUST-169,North,Haryana,SKU-005,Denim Jacket,Apparel,39,1110.65,10-03-2025,43315.35,No
ORD-00383,02-03-2025,CUST-138,North,Punjab,SKU-007,Non-stick Pan,Home & Kitchen,14,2108.56,08-03-2025,29519.84,Yes
ORD-00384,02-03-2025,CUST-111,West,Goa,SKU-008,Air Fryer,Home & Kitchen,54,912.26,10-03-2025,49262.04,Yes
ORD-00385,02-03-2025,CUST-190,West,Gujarat,SKU-010,Basmati Rice 5kg,Groceries,41,689,10-03-2025,28249,Yes
ORD-00386,02-03-2025,CUST-126,South,Kerala,SKU-011,Cooking Oil 1L,Groceries,30,1064.79,07-03-2025,31943.7,No
ORD-00387,03-03-2025,CUST-165,North,Uttar Pradesh,SKU-001,Wireless Mouse,Electronics,43,2055.9,10-03-2025,88403.7,No
ORD-00388,03-03-2025,CUST-107,East,West Bengal,SKU-002,Bluetooth Speaker,Electronics,16,1695.1,12-03-2025,27121.6,No
ORD-00389,03-03-2025,CUST-131,West,Gujarat,SKU-004,Cotton T-Shirt,Apparel,16,850.8,11-03-2025,13612.8,Yes
ORD-00390,03-03-2025,CUST-148,West,Goa,SKU-007,Non-stick Pan,Home & Kitchen,11,2108.56,12-03-2025,23194.16,Yes
ORD-00391,03-03-2025,CUST-165,East,Jharkhand,SKU-008,Air Fryer,Home & Kitchen,47,912.26,12-03-2025,42876.22,Yes
ORD-00392,04-03-2025,CUST-181,East,West Bengal,SKU-001,Wireless Mouse,Electronics,14,2055.9,14-03-2025,28782.6,No
ORD-00393,04-03-2025,CUST-134,East,Jharkhand,SKU-004,Cotton T-Shirt,Apparel,22,850.8,14-03-2025,18717.6,No
ORD-00394,04-03-2025,CUST-172,West,Madhya Pradesh,SKU-006,Running Shoes,Apparel,12,183.06,09-03-2025,2196.72,No
ORD-00395,04-03-2025,CUST-115,South,Telangana,SKU-010,Basmati Rice 5kg,Groceries,20,689,07-03-2025,13780,No
ORD-00396,04-03-2025,CUST-154,South,Kerala,SKU-011,Cooking Oil 1L,Groceries,20,1064.79,07-03-2025,21295.8,No
ORD-00397,04-03-2025,CUST-183,East,Odisha,SKU-015,Football,Sports,13,1952.28,08-03-2025,25379.64,No
ORD-00398,05-03-2025,CUST-185,South,Kerala,SKU-001,Wireless Mouse,Electronics,16,2055.9,13-03-2025,32894.4,No
ORD-00399,05-03-2025,CUST-154,North,Punjab,SKU-002,Bluetooth Speaker,Electronics,10,1695.1,11-03-2025,16951,No
ORD-00400,05-03-2025,CUST-109,South,Andhra Pradesh,SKU-004,Cotton T-Shirt,Apparel,8,850.8,15-03-2025,6806.4,Yes
ORD-00401,05-03-2025,CUST-154,South,Andhra Pradesh,SKU-007,Non-stick Pan,Home & Kitchen,18,2108.56,09-03-2025,37954.08,No
ORD-00402,05-03-2025,CUST-193,North,Uttar Pradesh,SKU-009,LED Lamp,Home & Kitchen,20,1646.8,09-03-2025,32936,No
ORD-00403,05-03-2025,CUST-199,South,Andhra Pradesh,SKU-010,Basmati Rice 5kg,Groceries,30,689,14-03-2025,20670,Yes
ORD-00404,05-03-2025,CUST-178,South,Andhra Pradesh,SKU-013,Yoga Mat,Sports,31,2445.11,08-03-2025,75798.41,No
ORD-00405,05-03-2025,CUST-152,West,Gujarat,SKU-014,Cricket Bat,Sports,6,1833.14,10-03-2025,10998.84,No
ORD-00406,06-03-2025,CUST-117,North,Uttar Pradesh,SKU-001,Wireless Mouse,Electronics,17,2055.9,10-03-2025,34950.3,No
ORD-00407,06-03-2025,CUST-131,East,West Bengal,SKU-003,USB-C Charger,Electronics,46,2555.22,11-03-2025,117540.12,No
ORD-00408,06-03-2025,CUST-199,North,Punjab,SKU-005,Denim Jacket,Apparel,25,1110.65,13-03-2025,27766.25,No
ORD-00409,06-03-2025,CUST-137,North,Rajasthan,SKU-008,Air Fryer,Home & Kitchen,23,912.26,15-03-2025,20981.98,No
ORD-00410,06-03-2025,CUST-114,South,Kerala,SKU-011,Cooking Oil 1L,Groceries,37,1064.79,15-03-2025,39397.23,Yes
ORD-00411,07-03-2025,CUST-169,South,Tamil Nadu,SKU-003,USB-C Charger,Electronics,45,2555.22,15-03-2025,114984.9,No
ORD-00412,07-03-2025,CUST-101,East,Jharkhand,SKU-007,Non-stick Pan,Home & Kitchen,9,2108.56,11-03-2025,18977.04,No
ORD-00413,07-03-2025,CUST-164,East,Odisha,SKU-008,Air Fryer,Home & Kitchen,70,912.26,16-03-2025,63858.2,No
ORD-00414,07-03-2025,CUST-110,South,Andhra Pradesh,SKU-011,Cooking Oil 1L,Groceries,23,1064.79,16-03-2025,24490.17,No
ORD-00415,07-03-2025,CUST-119,East,Jharkhand,SKU-012,Green Tea Pack,Groceries,22,815.88,13-03-2025,17949.36,Yes
ORD-00416,07-03-2025,CUST-139,West,Gujarat,SKU-013,Yoga Mat,Sports,36,2445.11,11-03-2025,88023.96,No
ORD-00417,08-03-2025,CUST-178,North,Punjab,SKU-001,Wireless Mouse,Electronics,44,2055.9,18-03-2025,90459.6,Yes
ORD-00418,08-03-2025,CUST-115,North,Delhi,SKU-002,Bluetooth Speaker,Electronics,20,1695.1,13-03-2025,33902,No
ORD-00419,08-03-2025,CUST-121,East,Jharkhand,SKU-005,Denim Jacket,Apparel,38,1110.65,15-03-2025,42204.7,No
ORD-00420,08-03-2025,CUST-193,North,Rajasthan,SKU-006,Running Shoes,Apparel,12,183.06,15-03-2025,2196.72,No
ORD-00421,08-03-2025,CUST-133,North,Punjab,SKU-008,Air Fryer,Home & Kitchen,44,912.26,12-03-2025,40139.44,No
ORD-00422,08-03-2025,CUST-147,South,Telangana,SKU-011,Cooking Oil 1L,Groceries,28,1064.79,13-03-2025,29814.12,No
ORD-00423,08-03-2025,CUST-129,North,Rajasthan,SKU-012,Green Tea Pack,Groceries,35,815.88,12-03-2025,28555.8,No
ORD-00424,08-03-2025,CUST-131,North,Delhi,SKU-013,Yoga Mat,Sports,33,2445.11,11-03-2025,80688.63,No
ORD-00425,08-03-2025,CUST-170,West,Madhya Pradesh,SKU-015,Football,Sports,13,1952.28,11-03-2025,25379.64,No
ORD-00426,09-03-2025,CUST-153,East,Jharkhand,SKU-001,Wireless Mouse,Electronics,55,2055.9,15-03-2025,113074.5,No
ORD-00427,09-03-2025,CUST-122,South,Telangana,SKU-002,Bluetooth Speaker,Electronics,22,1695.1,12-03-2025,37292.2,No
ORD-00428,09-03-2025,CUST-136,East,West Bengal,SKU-006,Running Shoes,Apparel,16,183.06,19-03-2025,2928.96,No
ORD-00429,09-03-2025,CUST-137,East,Jharkhand,SKU-007,Non-stick Pan,Home & Kitchen,13,2108.56,15-03-2025,27411.28,No
ORD-00430,09-03-2025,CUST-175,West,Maharashtra,SKU-009,LED Lamp,Home & Kitchen,19,1646.8,17-03-2025,31289.2,No
ORD-00431,09-03-2025,CUST-181,North,Rajasthan,SKU-015,Football,Sports,9,1952.28,17-03-2025,17570.52,No
ORD-00432,10-03-2025,CUST-194,East,Bihar,SKU-002,Bluetooth Speaker,Electronics,16,1695.1,19-03-2025,27121.6,No
ORD-00433,10-03-2025,CUST-107,South,Kerala,SKU-003,USB-C Charger,Electronics,26,2555.22,20-03-2025,66435.72,Yes
ORD-00434,10-03-2025,CUST-166,West,Goa,SKU-005,Denim Jacket,Apparel,26,1110.65,16-03-2025,28876.9,No
ORD-00435,10-03-2025,CUST-164,South,Karnataka,SKU-007,Non-stick Pan,Home & Kitchen,15,2108.56,14-03-2025,31628.4,No
ORD-00436,10-03-2025,CUST-155,South,Karnataka,SKU-009,LED Lamp,Home & Kitchen,19,1646.8,13-03-2025,31289.2,No
ORD-00437,10-03-2025,CUST-189,East,Bihar,SKU-010,Basmati Rice 5kg,Groceries,37,689,19-03-2025,25493,No
ORD-00438,10-03-2025,CUST-129,North,Uttar Pradesh,SKU-011,Cooking Oil 1L,Groceries,50,1064.79,17-03-2025,53239.5,No
ORD-00439,10-03-2025,CUST-121,West,Gujarat,SKU-013,Yoga Mat,Sports,26,2445.11,14-03-2025,63572.86,No
ORD-00440,10-03-2025,CUST-198,South,Andhra Pradesh,SKU-015,Football,Sports,7,1952.28,18-03-2025,13665.96,No
ORD-00441,11-03-2025,CUST-127,East,Odisha,SKU-004,Cotton T-Shirt,Apparel,15,850.8,14-03-2025,12762,No
ORD-00442,11-03-2025,CUST-145,West,Gujarat,SKU-005,Denim Jacket,Apparel,19,1110.65,17-03-2025,21102.35,No
ORD-00443,11-03-2025,CUST-157,South,Andhra Pradesh,SKU-008,Air Fryer,Home & Kitchen,43,912.26,20-03-2025,39227.18,No
ORD-00444,11-03-2025,CUST-117,North,Uttar Pradesh,SKU-009,LED Lamp,Home & Kitchen,19,1646.8,15-03-2025,31289.2,No
ORD-00445,11-03-2025,CUST-125,West,Goa,SKU-010,Basmati Rice 5kg,Groceries,56,689,16-03-2025,38584,No
ORD-00446,11-03-2025,CUST-174,East,Bihar,SKU-011,Cooking Oil 1L,Groceries,5,1064.79,15-03-2025,5323.95,No
ORD-00447,11-03-2025,CUST-116,North,Delhi,SKU-013,Yoga Mat,Sports,32,2445.11,21-03-2025,78243.52,No
ORD-00448,12-03-2025,CUST-159,North,Delhi,SKU-001,Wireless Mouse,Electronics,33,2055.9,15-03-2025,67844.7,No
ORD-00449,12-03-2025,CUST-163,North,Punjab,SKU-002,Bluetooth Speaker,Electronics,7,1695.1,21-03-2025,11865.7,Yes
ORD-00450,12-03-2025,CUST-122,East,Bihar,SKU-003,USB-C Charger,Electronics,25,2555.22,21-03-2025,63880.5,Yes
ORD-00451,12-03-2025,CUST-104,South,Kerala,SKU-004,Cotton T-Shirt,Apparel,15,850.8,17-03-2025,12762,No
ORD-00452,12-03-2025,CUST-117,West,Madhya Pradesh,SKU-009,LED Lamp,Home & Kitchen,24,1646.8,21-03-2025,39523.2,No
ORD-00453,12-03-2025,CUST-148,East,West Bengal,SKU-010,Basmati Rice 5kg,Groceries,50,689,15-03-2025,34450,No
ORD-00454,12-03-2025,CUST-149,East,Jharkhand,SKU-013,Yoga Mat,Sports,18,2445.11,20-03-2025,44011.98,No
ORD-00455,12-03-2025,CUST-107,West,Maharashtra,SKU-014,Cricket Bat,Sports,5,1833.14,19-03-2025,9165.7,No
ORD-00456,13-03-2025,CUST-134,North,Punjab,SKU-004,Cotton T-Shirt,Apparel,17,850.8,19-03-2025,14463.6,No
ORD-00457,13-03-2025,CUST-122,South,Andhra Pradesh,SKU-009,LED Lamp,Home & Kitchen,38,1646.8,18-03-2025,62578.4,No
ORD-00458,13-03-2025,CUST-172,South,Telangana,SKU-014,Cricket Bat,Sports,3,1833.14,21-03-2025,5499.42,No
ORD-00459,14-03-2025,CUST-169,East,Bihar,SKU-001,Wireless Mouse,Electronics,57,2055.9,24-03-2025,117186.3,Yes
ORD-00460,14-03-2025,CUST-111,North,Haryana,SKU-002,Bluetooth Speaker,Electronics,16,1695.1,17-03-2025,27121.6,No
ORD-00461,14-03-2025,CUST-142,South,Andhra Pradesh,SKU-003,USB-C Charger,Electronics,38,2555.22,17-03-2025,97098.36,No
ORD-00462,14-03-2025,CUST-141,North,Haryana,SKU-005,Denim Jacket,Apparel,38,1110.65,19-03-2025,42204.7,No
ORD-00463,14-03-2025,CUST-167,East,West Bengal,SKU-006,Running Shoes,Apparel,5,183.06,18-03-2025,915.3,No
ORD-00464,14-03-2025,CUST-175,North,Rajasthan,SKU-008,Air Fryer,Home & Kitchen,24,912.26,23-03-2025,21894.24,No
ORD-00465,14-03-2025,CUST-181,West,Madhya Pradesh,SKU-009,LED Lamp,Home & Kitchen,11,1646.8,23-03-2025,18114.8,No
ORD-00466,14-03-2025,CUST-128,South,Telangana,SKU-011,Cooking Oil 1L,Groceries,71,1064.79,22-03-2025,75600.09,Yes
ORD-00467,14-03-2025,CUST-193,North,Haryana,SKU-012,Green Tea Pack,Groceries,25,815.88,19-03-2025,20397,No
ORD-00468,14-03-2025,CUST-123,East,Bihar,SKU-015,Football,Sports,6,1952.28,17-03-2025,11713.68,No
ORD-00469,15-03-2025,CUST-142,North,Haryana,SKU-003,USB-C Charger,Electronics,9,2555.22,20-03-2025,22996.98,No
ORD-00470,15-03-2025,CUST-121,North,Punjab,SKU-004,Cotton T-Shirt,Apparel,9,850.8,23-03-2025,7657.2,No
ORD-00471,15-03-2025,CUST-144,East,Bihar,SKU-008,Air Fryer,Home & Kitchen,49,912.26,19-03-2025,44700.74,No
ORD-00472,15-03-2025,CUST-193,West,Madhya Pradesh,SKU-011,Cooking Oil 1L,Groceries,39,1064.79,25-03-2025,41526.81,Yes
ORD-00473,15-03-2025,CUST-173,South,Andhra Pradesh,SKU-015,Football,Sports,7,1952.28,25-03-2025,13665.96,No
ORD-00474,16-03-2025,CUST-104,East,West Bengal,SKU-001,Wireless Mouse,Electronics,32,2055.9,20-03-2025,65788.8,No
ORD-00475,16-03-2025,CUST-121,West,Madhya Pradesh,SKU-002,Bluetooth Speaker,Electronics,17,1695.1,24-03-2025,28816.7,No
ORD-00476,16-03-2025,CUST-170,North,Rajasthan,SKU-003,USB-C Charger,Electronics,41,2555.22,20-03-2025,104764.02,No
ORD-00477,16-03-2025,CUST-155,South,Andhra Pradesh,SKU-004,Cotton T-Shirt,Apparel,24,850.8,19-03-2025,20419.2,No
ORD-00478,16-03-2025,CUST-112,East,West Bengal,SKU-006,Running Shoes,Apparel,13,183.06,19-03-2025,2379.78,No
ORD-00479,16-03-2025,CUST-184,East,West Bengal,SKU-007,Non-stick Pan,Home & Kitchen,16,2108.56,23-03-2025,33736.96,No
ORD-00480,16-03-2025,CUST-106,West,Maharashtra,SKU-008,Air Fryer,Home & Kitchen,60,912.26,20-03-2025,54735.6,No
ORD-00481,16-03-2025,CUST-184,West,Gujarat,SKU-011,Cooking Oil 1L,Groceries,29,1064.79,23-03-2025,30878.91,No
ORD-00482,16-03-2025,CUST-126,South,Kerala,SKU-012,Green Tea Pack,Groceries,33,815.88,19-03-2025,26924.04,No
ORD-00483,17-03-2025,CUST-111,West,Madhya Pradesh,SKU-001,Wireless Mouse,Electronics,36,2055.9,24-03-2025,74012.4,Yes
ORD-00484,17-03-2025,CUST-147,South,Telangana,SKU-002,Bluetooth Speaker,Electronics,10,1695.1,26-03-2025,16951,No
ORD-00485,17-03-2025,CUST-134,North,Rajasthan,SKU-003,USB-C Charger,Electronics,34,2555.22,23-03-2025,86877.48,No
ORD-00486,17-03-2025,CUST-110,East,Jharkhand,SKU-004,Cotton T-Shirt,Apparel,19,850.8,21-03-2025,16165.2,No
ORD-00487,17-03-2025,CUST-149,West,Goa,SKU-006,Running Shoes,Apparel,14,183.06,20-03-2025,2562.84,No
ORD-00488,17-03-2025,CUST-110,West,Madhya Pradesh,SKU-011,Cooking Oil 1L,Groceries,29,1064.79,24-03-2025,30878.91,Yes
ORD-00489,18-03-2025,CUST-127,South,Kerala,SKU-004,Cotton T-Shirt,Apparel,14,850.8,23-03-2025,11911.2,No
ORD-00490,18-03-2025,CUST-110,West,Maharashtra,SKU-005,Denim Jacket,Apparel,21,1110.65,27-03-2025,23323.65,Yes
ORD-00491,18-03-2025,CUST-140,North,Delhi,SKU-006,Running Shoes,Apparel,15,183.06,25-03-2025,2745.9,Yes
ORD-00492,18-03-2025,CUST-170,East,Bihar,SKU-007,Non-stick Pan,Home & Kitchen,11,2108.56,27-03-2025,23194.16,No
ORD-00493,18-03-2025,CUST-114,West,Gujarat,SKU-011,Cooking Oil 1L,Groceries,33,1064.79,27-03-2025,35138.07,Yes
ORD-00494,18-03-2025,CUST-113,North,Punjab,SKU-012,Green Tea Pack,Groceries,14,815.88,22-03-2025,11422.32,No
ORD-00495,19-03-2025,CUST-104,South,Telangana,SKU-002,Bluetooth Speaker,Electronics,13,1695.1,29-03-2025,22036.3,No
ORD-00496,19-03-2025,CUST-179,West,Madhya Pradesh,SKU-003,USB-C Charger,Electronics,22,2555.22,24-03-2025,56214.84,No
ORD-00497,19-03-2025,CUST-106,West,Madhya Pradesh,SKU-004,Cotton T-Shirt,Apparel,17,850.8,25-03-2025,14463.6,No
ORD-00498,19-03-2025,CUST-139,East,Bihar,SKU-007,Non-stick Pan,Home & Kitchen,11,2108.56,26-03-2025,23194.16,No
ORD-00499,19-03-2025,CUST-134,West,Madhya Pradesh,SKU-012,Green Tea Pack,Groceries,21,815.88,27-03-2025,17133.48,No
ORD-00500,19-03-2025,CUST-127,West,Goa,SKU-014,Cricket Bat,Sports,9,1833.14,29-03-2025,16498.26,No
ORD-00501,20-03-2025,CUST-199,North,Haryana,SKU-005,Denim Jacket,Apparel,23,1110.65,25-03-2025,25544.95,No
ORD-00502,20-03-2025,CUST-107,South,Karnataka,SKU-006,Running Shoes,Apparel,19,183.06,26-03-2025,3478.14,No
ORD-00503,20-03-2025,CUST-135,East,Jharkhand,SKU-007,Non-stick Pan,Home & Kitchen,18,2108.56,26-03-2025,37954.08,Yes
ORD-00504,20-03-2025,CUST-130,East,West Bengal,SKU-011,Cooking Oil 1L,Groceries,42,1064.79,23-03-2025,44721.18,No
ORD-00505,20-03-2025,CUST-144,South,Tamil Nadu,SKU-013,Yoga Mat,Sports,35,2445.11,28-03-2025,85578.85,No
ORD-00506,20-03-2025,CUST-136,North,Punjab,SKU-015,Football,Sports,8,1952.28,24-03-2025,15618.24,No
ORD-00507,21-03-2025,CUST-128,South,Kerala,SKU-001,Wireless Mouse,Electronics,41,2055.9,27-03-2025,84291.9,No
ORD-00508,21-03-2025,CUST-165,North,Uttar Pradesh,SKU-003,USB-C Charger,Electronics,49,2555.22,30-03-2025,125205.78,No
ORD-00509,21-03-2025,CUST-132,East,Odisha,SKU-008,Air Fryer,Home & Kitchen,52,912.26,27-03-2025,47437.52,Yes
ORD-00510,21-03-2025,CUST-144,West,Gujarat,SKU-011,Cooking Oil 1L,Groceries,60,1064.79,30-03-2025,63887.4,Yes
ORD-00511,21-03-2025,CUST-174,North,Rajasthan,SKU-012,Green Tea Pack,Groceries,13,815.88,30-03-2025,10606.44,Yes
ORD-00512,21-03-2025,CUST-171,East,West Bengal,SKU-013,Yoga Mat,Sports,28,2445.11,29-03-2025,68463.08,No
ORD-00513,21-03-2025,CUST-181,East,West Bengal,SKU-014,Cricket Bat,Sports,7,1833.14,28-03-2025,12831.98,No
ORD-00514,22-03-2025,CUST-124,South,Tamil Nadu,SKU-001,Wireless Mouse,Electronics,36,2055.9,29-03-2025,74012.4,No
ORD-00515,22-03-2025,CUST-184,East,Odisha,SKU-003,USB-C Charger,Electronics,58,2555.22,31-03-2025,148202.76,No
ORD-00516,22-03-2025,CUST-151,West,Goa,SKU-008,Air Fryer,Home & Kitchen,50,912.26,31-03-2025,45613,No
ORD-00517,22-03-2025,CUST-185,East,Bihar,SKU-013,Yoga Mat,Sports,22,2445.11,01-04-2025,53792.42,No
ORD-00518,23-03-2025,CUST-160,South,Tamil Nadu,SKU-003,USB-C Charger,Electronics,17,2555.22,27-03-2025,43438.74,No
ORD-00519,23-03-2025,CUST-142,East,West Bengal,SKU-011,Cooking Oil 1L,Groceries,43,1064.79,01-04-2025,45785.97,Yes
ORD-00520,23-03-2025,CUST-159,North,Rajasthan,SKU-012,Green Tea Pack,Groceries,44,815.88,30-03-2025,35898.72,Yes
ORD-00521,24-03-2025,CUST-167,East,Bihar,SKU-002,Bluetooth Speaker,Electronics,22,1695.1,02-04-2025,37292.2,Yes
ORD-00522,24-03-2025,CUST-117,South,Andhra Pradesh,SKU-003,USB-C Charger,Electronics,26,2555.22,29-03-2025,66435.72,No
ORD-00523,24-03-2025,CUST-118,East,West Bengal,SKU-004,Cotton T-Shirt,Apparel,24,850.8,03-04-2025,20419.2,Yes
ORD-00524,24-03-2025,CUST-162,East,Odisha,SKU-006,Running Shoes,Apparel,13,183.06,28-03-2025,2379.78,No
ORD-00525,24-03-2025,CUST-126,South,Karnataka,SKU-008,Air Fryer,Home & Kitchen,39,912.26,31-03-2025,35578.14,No
ORD-00526,24-03-2025,CUST-116,West,Goa,SKU-010,Basmati Rice 5kg,Groceries,37,689,28-03-2025,25493,No
ORD-00527,24-03-2025,CUST-168,South,Tamil Nadu,SKU-012,Green Tea Pack,Groceries,35,815.88,27-03-2025,28555.8,No
ORD-00528,25-03-2025,CUST-180,South,Andhra Pradesh,SKU-003,USB-C Charger,Electronics,33,2555.22,28-03-2025,84322.26,No
ORD-00529,25-03-2025,CUST-149,East,Odisha,SKU-004,Cotton T-Shirt,Apparel,17,850.8,29-03-2025,14463.6,No
ORD-00530,25-03-2025,CUST-138,East,Bihar,SKU-005,Denim Jacket,Apparel,21,1110.65,28-03-2025,23323.65,No
ORD-00531,25-03-2025,CUST-145,South,Tamil Nadu,SKU-009,LED Lamp,Home & Kitchen,18,1646.8,04-04-2025,29642.4,Yes
ORD-00532,25-03-2025,CUST-102,South,Karnataka,SKU-010,Basmati Rice 5kg,Groceries,31,689,03-04-2025,21359,Yes
ORD-00533,25-03-2025,CUST-175,South,Kerala,SKU-011,Cooking Oil 1L,Groceries,47,1064.79,28-03-2025,50045.13,No
ORD-00534,25-03-2025,CUST-148,East,Odisha,SKU-012,Green Tea Pack,Groceries,25,815.88,28-03-2025,20397,No
ORD-00535,26-03-2025,CUST-188,North,Punjab,SKU-001,Wireless Mouse,Electronics,50,2055.9,29-03-2025,102795,No
ORD-00536,26-03-2025,CUST-115,East,Jharkhand,SKU-002,Bluetooth Speaker,Electronics,24,1695.1,04-04-2025,40682.4,Yes
ORD-00537,26-03-2025,CUST-153,North,Punjab,SKU-004,Cotton T-Shirt,Apparel,11,850.8,02-04-2025,9358.8,Yes
ORD-00538,26-03-2025,CUST-153,North,Haryana,SKU-006,Running Shoes,Apparel,7,183.06,31-03-2025,1281.42,No
ORD-00539,26-03-2025,CUST-199,East,Odisha,SKU-009,LED Lamp,Home & Kitchen,21,1646.8,01-04-2025,34582.8,Yes
ORD-00540,26-03-2025,CUST-137,South,Karnataka,SKU-012,Green Tea Pack,Groceries,16,815.88,04-04-2025,13054.08,No
ORD-00541,26-03-2025,CUST-142,South,Telangana,SKU-013,Yoga Mat,Sports,19,2445.11,05-04-2025,46457.09,No
ORD-00542,26-03-2025,CUST-114,West,Gujarat,SKU-014,Cricket Bat,Sports,6,1833.14,30-03-2025,10998.84,No
ORD-00543,26-03-2025,CUST-132,South,Kerala,SKU-015,Football,Sports,12,1952.28,30-03-2025,23427.36,No
ORD-00544,27-03-2025,CUST-112,South,Tamil Nadu,SKU-003,USB-C Charger,Electronics,43,2555.22,30-03-2025,109874.46,No
ORD-00545,27-03-2025,CUST-112,North,Rajasthan,SKU-006,Running Shoes,Apparel,11,183.06,31-03-2025,2013.66,No
ORD-00546,27-03-2025,CUST-184,South,Andhra Pradesh,SKU-007,Non-stick Pan,Home & Kitchen,9,2108.56,01-04-2025,18977.04,No
ORD-00547,27-03-2025,CUST-193,North,Uttar Pradesh,SKU-008,Air Fryer,Home & Kitchen,67,912.26,03-04-2025,61121.42,No
ORD-00548,27-03-2025,CUST-123,North,Uttar Pradesh,SKU-009,LED Lamp,Home & Kitchen,9,1646.8,04-04-2025,14821.2,No
ORD-00549,27-03-2025,CUST-188,West,Maharashtra,SKU-010,Basmati Rice 5kg,Groceries,48,689,05-04-2025,33072,Yes
ORD-00550,27-03-2025,CUST-120,North,Punjab,SKU-014,Cricket Bat,Sports,6,1833.14,30-03-2025,10998.84,No
ORD-00551,27-03-2025,CUST-123,West,Madhya Pradesh,SKU-015,Football,Sports,4,1952.28,06-04-2025,7809.12,No
ORD-00552,28-03-2025,CUST-133,East,Bihar,SKU-010,Basmati Rice 5kg,Groceries,25,689,01-04-2025,17225,No
ORD-00553,28-03-2025,CUST-185,East,Odisha,SKU-011,Cooking Oil 1L,Groceries,49,1064.79,03-04-2025,52174.71,No
ORD-00554,28-03-2025,CUST-161,East,Bihar,SKU-015,Football,Sports,6,1952.28,03-04-2025,11713.68,No
ORD-00555,29-03-2025,CUST-101,South,Andhra Pradesh,SKU-003,USB-C Charger,Electronics,47,2555.22,01-04-2025,120095.34,No
ORD-00556,29-03-2025,CUST-141,South,Kerala,SKU-007,Non-stick Pan,Home & Kitchen,5,2108.56,08-04-2025,10542.8,No
ORD-00557,29-03-2025,CUST-151,South,Tamil Nadu,SKU-008,Air Fryer,Home & Kitchen,37,912.26,07-04-2025,33753.62,Yes
ORD-00558,29-03-2025,CUST-173,West,Gujarat,SKU-009,LED Lamp,Home & Kitchen,27,1646.8,08-04-2025,44463.6,No
ORD-00559,29-03-2025,CUST-195,North,Punjab,SKU-010,Basmati Rice 5kg,Groceries,26,689,08-04-2025,17914,No
ORD-00560,29-03-2025,CUST-104,North,Punjab,SKU-011,Cooking Oil 1L,Groceries,38,1064.79,07-04-2025,40462.02,No
ORD-00561,30-03-2025,CUST-142,West,Maharashtra,SKU-005,Denim Jacket,Apparel,35,1110.65,09-04-2025,38872.75,No
ORD-00562,30-03-2025,CUST-114,North,Punjab,SKU-007,Non-stick Pan,Home & Kitchen,6,2108.56,09-04-2025,12651.36,No
ORD-00563,30-03-2025,CUST-170,East,Odisha,SKU-009,LED Lamp,Home & Kitchen,12,1646.8,06-04-2025,19761.6,No
ORD-00564,30-03-2025,CUST-163,South,Tamil Nadu,SKU-011,Cooking Oil 1L,Groceries,59,1064.79,04-04-2025,62822.61,No
ORD-00565,30-03-2025,CUST-150,South,Kerala,SKU-014,Cricket Bat,Sports,6,1833.14,03-04-2025,10998.84,No
ORD-00566,31-03-2025,CUST-105,North,Rajasthan,SKU-003,USB-C Charger,Electronics,43,2555.22,09-04-2025,109874.46,No
ORD-00567,31-03-2025,CUST-170,West,Gujarat,SKU-008,Air Fryer,Home & Kitchen,23,912.26,03-04-2025,20981.98,No
ORD-00568,31-03-2025,CUST-193,South,Tamil Nadu,SKU-013,Yoga Mat,Sports,26,2445.11,05-04-2025,63572.86,No
ORD-00569,31-03-2025,CUST-164,West,Gujarat,SKU-014,Cricket Bat,Sports,5,1833.14,08-04-2025,9165.7,No
ORD-00570,31-03-2025,CUST-135,West,Maharashtra,SKU-015,Football,Sports,5,1952.28,06-04-2025,9761.4,No
ORD-00571,01-04-2025,CUST-189,East,Jharkhand,SKU-004,Cotton T-Shirt,Apparel,7,850.8,08-04-2025,5955.6,No
ORD-00572,01-04-2025,CUST-187,East,West Bengal,SKU-008,Air Fryer,Home & Kitchen,51,912.26,08-04-2025,46525.26,No
ORD-00573,01-04-2025,CUST-164,East,Odisha,SKU-010,Basmati Rice 5kg,Groceries,29,689,06-04-2025,19981,No
ORD-00574,02-04-2025,CUST-166,North,Haryana,SKU-006,Running Shoes,Apparel,1,183.06,05-04-2025,183.06,No
ORD-00575,02-04-2025,CUST-134,South,Andhra Pradesh,SKU-007,Non-stick Pan,Home & Kitchen,18,2108.56,08-04-2025,37954.08,No
ORD-00576,02-04-2025,CUST-188,East,Jharkhand,SKU-010,Basmati Rice 5kg,Groceries,54,689,05-04-2025,37206,No
ORD-00577,02-04-2025,CUST-113,South,Telangana,SKU-011,Cooking Oil 1L,Groceries,26,1064.79,12-04-2025,27684.54,Yes
ORD-00578,02-04-2025,CUST-188,North,Rajasthan,SKU-014,Cricket Bat,Sports,6,1833.14,09-04-2025,10998.84,No
ORD-00579,03-04-2025,CUST-170,North,Uttar Pradesh,SKU-001,Wireless Mouse,Electronics,64,2055.9,11-04-2025,131577.6,No
ORD-00580,03-04-2025,CUST-125,West,Goa,SKU-002,Bluetooth Speaker,Electronics,13,1695.1,10-04-2025,22036.3,No
ORD-00581,03-04-2025,CUST-122,North,Delhi,SKU-012,Green Tea Pack,Groceries,32,815.88,08-04-2025,26108.16,No
ORD-00582,03-04-2025,CUST-135,East,West Bengal,SKU-013,Yoga Mat,Sports,38,2445.11,12-04-2025,92914.18,No
ORD-00583,03-04-2025,CUST-159,South,Kerala,SKU-014,Cricket Bat,Sports,5,1833.14,11-04-2025,9165.7,No
ORD-00584,03-04-2025,CUST-176,North,Delhi,SKU-015,Football,Sports,7,1952.28,11-04-2025,13665.96,No
ORD-00585,04-04-2025,CUST-190,East,Jharkhand,SKU-004,Cotton T-Shirt,Apparel,15,850.8,08-04-2025,12762,No
ORD-00586,04-04-2025,CUST-111,East,Bihar,SKU-009,LED Lamp,Home & Kitchen,11,1646.8,13-04-2025,18114.8,Yes
ORD-00587,04-04-2025,CUST-137,South,Tamil Nadu,SKU-010,Basmati Rice 5kg,Groceries,41,689,12-04-2025,28249,Yes
ORD-00588,05-04-2025,CUST-157,South,Andhra Pradesh,SKU-002,Bluetooth Speaker,Electronics,22,1695.1,13-04-2025,37292.2,No
ORD-00589,05-04-2025,CUST-132,East,West Bengal,SKU-008,Air Fryer,Home & Kitchen,69,912.26,14-04-2025,62945.94,No
ORD-00590,05-04-2025,CUST-165,West,Madhya Pradesh,SKU-009,LED Lamp,Home & Kitchen,11,1646.8,13-04-2025,18114.8,Yes
ORD-00591,05-04-2025,CUST-112,South,Tamil Nadu,SKU-011,Cooking Oil 1L,Groceries,31,1064.79,09-04-2025,33008.49,No
ORD-00592,06-04-2025,CUST-187,West,Maharashtra,SKU-001,Wireless Mouse,Electronics,25,2055.9,12-04-2025,51397.5,No
ORD-00593,06-04-2025,CUST-182,North,Uttar Pradesh,SKU-003,USB-C Charger,Electronics,47,2555.22,15-04-2025,120095.34,Yes
ORD-00594,06-04-2025,CUST-191,East,Odisha,SKU-005,Denim Jacket,Apparel,10,1110.65,16-04-2025,11106.5,Yes
ORD-00595,06-04-2025,CUST-171,North,Rajasthan,SKU-006,Running Shoes,Apparel,16,183.06,13-04-2025,2928.96,No
ORD-00596,06-04-2025,CUST-152,West,Maharashtra,SKU-008,Air Fryer,Home & Kitchen,44,912.26,13-04-2025,40139.44,Yes
ORD-00597,06-04-2025,CUST-168,North,Uttar Pradesh,SKU-010,Basmati Rice 5kg,Groceries,33,689,10-04-2025,22737,No
ORD-00598,07-04-2025,CUST-137,East,Odisha,SKU-001,Wireless Mouse,Electronics,44,2055.9,11-04-2025,90459.6,No
ORD-00599,07-04-2025,CUST-160,South,Karnataka,SKU-003,USB-C Charger,Electronics,46,2555.22,10-04-2025,117540.12,No
ORD-00600,07-04-2025,CUST-169,East,Jharkhand,SKU-005,Denim Jacket,Apparel,23,1110.65,16-04-2025,25544.95,No
ORD-00601,07-04-2025,CUST-101,South,Andhra Pradesh,SKU-007,Non-stick Pan,Home & Kitchen,9,2108.56,15-04-2025,18977.04,Yes
ORD-00602,07-04-2025,CUST-173,West,Madhya Pradesh,SKU-008,Air Fryer,Home & Kitchen,12,912.26,10-04-2025,10947.12,No
ORD-00603,07-04-2025,CUST-127,West,Maharashtra,SKU-011,Cooking Oil 1L,Groceries,38,1064.79,15-04-2025,40462.02,Yes
ORD-00604,07-04-2025,CUST-128,East,Odisha,SKU-014,Cricket Bat,Sports,1,1833.14,12-04-2025,1833.14,No
ORD-00605,07-04-2025,CUST-196,West,Goa,SKU-015,Football,Sports,11,1952.28,10-04-2025,21475.08,No
ORD-00606,08-04-2025,CUST-132,North,Uttar Pradesh,SKU-002,Bluetooth Speaker,Electronics,27,1695.1,12-04-2025,45767.7,No
ORD-00607,08-04-2025,CUST-116,South,Tamil Nadu,SKU-003,USB-C Charger,Electronics,9,2555.22,16-04-2025,22996.98,No
ORD-00608,08-04-2025,CUST-124,East,Jharkhand,SKU-004,Cotton T-Shirt,Apparel,8,850.8,12-04-2025,6806.4,No
ORD-00609,08-04-2025,CUST-172,East,Odisha,SKU-006,Running Shoes,Apparel,10,183.06,13-04-2025,1830.6,No
ORD-00610,08-04-2025,CUST-131,South,Telangana,SKU-009,LED Lamp,Home & Kitchen,10,1646.8,16-04-2025,16468,No
ORD-00611,08-04-2025,CUST-161,West,Goa,SKU-012,Green Tea Pack,Groceries,17,815.88,16-04-2025,13869.96,Yes
ORD-00612,08-04-2025,CUST-162,North,Haryana,SKU-013,Yoga Mat,Sports,36,2445.11,15-04-2025,88023.96,No
ORD-00613,08-04-2025,CUST-168,South,Kerala,SKU-014,Cricket Bat,Sports,3,1833.14,13-04-2025,5499.42,No
ORD-00614,08-04-2025,CUST-193,North,Delhi,SKU-015,Football,Sports,5,1952.28,12-04-2025,9761.4,No
ORD-00615,09-04-2025,CUST-183,South,Kerala,SKU-007,Non-stick Pan,Home & Kitchen,17,2108.56,19-04-2025,35845.52,No
ORD-00616,09-04-2025,CUST-198,East,West Bengal,SKU-008,Air Fryer,Home & Kitchen,42,912.26,15-04-2025,38314.92,No
ORD-00617,09-04-2025,CUST-164,North,Rajasthan,SKU-009,LED Lamp,Home & Kitchen,16,1646.8,17-04-2025,26348.8,Yes
ORD-00618,09-04-2025,CUST-157,South,Kerala,SKU-014,Cricket Bat,Sports,6,1833.14,14-04-2025,10998.84,No
ORD-00619,09-04-2025,CUST-194,West,Madhya Pradesh,SKU-015,Football,Sports,13,1952.28,14-04-2025,25379.64,No
ORD-00620,10-04-2025,CUST-129,North,Punjab,SKU-002,Bluetooth Speaker,Electronics,14,1695.1,20-04-2025,23731.4,Yes
ORD-00621,10-04-2025,CUST-149,West,Maharashtra,SKU-003,USB-C Charger,Electronics,37,2555.22,18-04-2025,94543.14,Yes
ORD-00622,10-04-2025,CUST-113,East,Odisha,SKU-006,Running Shoes,Apparel,21,183.06,18-04-2025,3844.26,Yes
ORD-00623,10-04-2025,CUST-146,North,Haryana,SKU-008,Air Fryer,Home & Kitchen,32,912.26,19-04-2025,29192.32,No
ORD-00624,10-04-2025,CUST-166,West,Maharashtra,SKU-010,Basmati Rice 5kg,Groceries,36,689,16-04-2025,24804,No
ORD-00625,10-04-2025,CUST-177,North,Haryana,SKU-011,Cooking Oil 1L,Groceries,49,1064.79,20-04-2025,52174.71,Yes
ORD-00626,10-04-2025,CUST-129,North,Delhi,SKU-013,Yoga Mat,Sports,18,2445.11,15-04-2025,44011.98,No
ORD-00627,10-04-2025,CUST-184,South,Kerala,SKU-015,Football,Sports,10,1952.28,14-04-2025,19522.8,No
ORD-00628,11-04-2025,CUST-192,North,Rajasthan,SKU-001,Wireless Mouse,Electronics,39,2055.9,19-04-2025,80180.1,Yes
ORD-00629,11-04-2025,CUST-131,North,Uttar Pradesh,SKU-004,Cotton T-Shirt,Apparel,18,850.8,14-04-2025,15314.4,No
ORD-00630,11-04-2025,CUST-117,North,Delhi,SKU-005,Denim Jacket,Apparel,42,1110.65,16-04-2025,46647.3,Yes
ORD-00631,11-04-2025,CUST-176,North,Delhi,SKU-007,Non-stick Pan,Home & Kitchen,19,2108.56,20-04-2025,40062.64,No
ORD-00632,11-04-2025,CUST-161,South,Tamil Nadu,SKU-012,Green Tea Pack,Groceries,44,815.88,21-04-2025,35898.72,No
ORD-00633,11-04-2025,CUST-179,East,West Bengal,SKU-013,Yoga Mat,Sports,21,2445.11,16-04-2025,51347.31,No
ORD-00634,11-04-2025,CUST-158,North,Uttar Pradesh,SKU-014,Cricket Bat,Sports,7,1833.14,19-04-2025,12831.98,No
ORD-00635,11-04-2025,CUST-166,West,Maharashtra,SKU-015,Football,Sports,8,1952.28,17-04-2025,15618.24,No
ORD-00636,12-04-2025,CUST-168,North,Punjab,SKU-003,USB-C Charger,Electronics,39,2555.22,15-04-2025,99653.58,No
ORD-00637,12-04-2025,CUST-199,West,Goa,SKU-004,Cotton T-Shirt,Apparel,8,850.8,15-04-2025,6806.4,No
ORD-00638,12-04-2025,CUST-189,West,Gujarat,SKU-006,Running Shoes,Apparel,5,183.06,15-04-2025,915.3,No
ORD-00639,12-04-2025,CUST-144,North,Rajasthan,SKU-007,Non-stick Pan,Home & Kitchen,16,2108.56,21-04-2025,33736.96,Yes
ORD-00640,12-04-2025,CUST-161,South,Karnataka,SKU-008,Air Fryer,Home & Kitchen,17,912.26,19-04-2025,15508.42,Yes
ORD-00641,12-04-2025,CUST-124,North,Haryana,SKU-010,Basmati Rice 5kg,Groceries,24,689,19-04-2025,16536,Yes
ORD-00642,12-04-2025,CUST-148,South,Tamil Nadu,SKU-014,Cricket Bat,Sports,5,1833.14,15-04-2025,9165.7,No
ORD-00643,13-04-2025,CUST-133,West,Goa,SKU-001,Wireless Mouse,Electronics,29,2055.9,20-04-2025,59621.1,No
ORD-00644,13-04-2025,CUST-152,West,Maharashtra,SKU-005,Denim Jacket,Apparel,31,1110.65,19-04-2025,34430.15,No
ORD-00645,13-04-2025,CUST-173,East,West Bengal,SKU-006,Running Shoes,Apparel,8,183.06,20-04-2025,1464.48,Yes
ORD-00646,13-04-2025,CUST-184,North,Uttar Pradesh,SKU-008,Air Fryer,Home & Kitchen,34,912.26,18-04-2025,31016.84,No
ORD-00647,13-04-2025,CUST-165,West,Maharashtra,SKU-010,Basmati Rice 5kg,Groceries,35,689,19-04-2025,24115,No
ORD-00648,13-04-2025,CUST-181,North,Rajasthan,SKU-015,Football,Sports,7,1952.28,22-04-2025,13665.96,No
ORD-00649,14-04-2025,CUST-192,West,Madhya Pradesh,SKU-005,Denim Jacket,Apparel,26,1110.65,17-04-2025,28876.9,No
ORD-00650,14-04-2025,CUST-191,North,Delhi,SKU-007,Non-stick Pan,Home & Kitchen,18,2108.56,21-04-2025,37954.08,No
ORD-00651,14-04-2025,CUST-124,North,Rajasthan,SKU-011,Cooking Oil 1L,Groceries,44,1064.79,21-04-2025,46850.76,Yes
ORD-00652,15-04-2025,CUST-120,North,Punjab,SKU-002,Bluetooth Speaker,Electronics,25,1695.1,18-04-2025,42377.5,No
ORD-00653,15-04-2025,CUST-194,North,Rajasthan,SKU-005,Denim Jacket,Apparel,17,1110.65,18-04-2025,18881.05,No
ORD-00654,15-04-2025,CUST-128,South,Tamil Nadu,SKU-011,Cooking Oil 1L,Groceries,49,1064.79,22-04-2025,52174.71,No
ORD-00655,15-04-2025,CUST-171,North,Rajasthan,SKU-013,Yoga Mat,Sports,31,2445.11,19-04-2025,75798.41,No
ORD-00656,15-04-2025,CUST-165,East,Odisha,SKU-015,Football,Sports,9,1952.28,19-04-2025,17570.52,No
ORD-00657,16-04-2025,CUST-186,South,Kerala,SKU-013,Yoga Mat,Sports,28,2445.11,22-04-2025,68463.08,No
ORD-00658,16-04-2025,CUST-166,North,Delhi,SKU-015,Football,Sports,9,1952.28,24-04-2025,17570.52,No
ORD-00659,17-04-2025,CUST-109,South,Kerala,SKU-002,Bluetooth Speaker,Electronics,16,1695.1,25-04-2025,27121.6,No
ORD-00660,17-04-2025,CUST-123,South,Tamil Nadu,SKU-004,Cotton T-Shirt,Apparel,18,850.8,24-04-2025,15314.4,Yes
ORD-00661,17-04-2025,CUST-129,South,Tamil Nadu,SKU-006,Running Shoes,Apparel,13,183.06,23-04-2025,2379.78,No
ORD-00662,17-04-2025,CUST-115,North,Rajasthan,SKU-009,LED Lamp,Home & Kitchen,6,1646.8,21-04-2025,9880.8,No
ORD-00663,17-04-2025,CUST-173,East,Odisha,SKU-015,Football,Sports,4,1952.28,27-04-2025,7809.12,No
ORD-00664,18-04-2025,CUST-196,South,Karnataka,SKU-004,Cotton T-Shirt,Apparel,14,850.8,24-04-2025,11911.2,No
ORD-00665,18-04-2025,CUST-164,East,Odisha,SKU-005,Denim Jacket,Apparel,30,1110.65,21-04-2025,33319.5,No
ORD-00666,18-04-2025,CUST-158,North,Haryana,SKU-006,Running Shoes,Apparel,8,183.06,23-04-2025,1464.48,No
ORD-00667,18-04-2025,CUST-146,East,Odisha,SKU-010,Basmati Rice 5kg,Groceries,42,689,26-04-2025,28938,Yes
ORD-00668,18-04-2025,CUST-130,East,Bihar,SKU-011,Cooking Oil 1L,Groceries,55,1064.79,25-04-2025,58563.45,No
ORD-00669,18-04-2025,CUST-146,West,Maharashtra,SKU-014,Cricket Bat,Sports,5,1833.14,26-04-2025,9165.7,No
ORD-00670,18-04-2025,CUST-173,South,Telangana,SKU-015,Football,Sports,9,1952.28,23-04-2025,17570.52,No
ORD-00671,19-04-2025,CUST-101,South,Andhra Pradesh,SKU-008,Air Fryer,Home & Kitchen,47,912.26,29-04-2025,42876.22,No
ORD-00672,19-04-2025,CUST-180,East,Odisha,SKU-009,LED Lamp,Home & Kitchen,9,1646.8,24-04-2025,14821.2,Yes
ORD-00673,19-04-2025,CUST-112,South,Telangana,SKU-011,Cooking Oil 1L,Groceries,22,1064.79,28-04-2025,23425.38,Yes
ORD-00674,19-04-2025,CUST-160,North,Rajasthan,SKU-012,Green Tea Pack,Groceries,21,815.88,26-04-2025,17133.48,Yes
ORD-00675,19-04-2025,CUST-144,North,Punjab,SKU-013,Yoga Mat,Sports,21,2445.11,26-04-2025,51347.31,No
ORD-00676,19-04-2025,CUST-186,South,Telangana,SKU-014,Cricket Bat,Sports,8,1833.14,27-04-2025,14665.12,No
ORD-00677,20-04-2025,CUST-110,West,Maharashtra,SKU-004,Cotton T-Shirt,Apparel,11,850.8,30-04-2025,9358.8,No
ORD-00678,20-04-2025,CUST-109,North,Delhi,SKU-011,Cooking Oil 1L,Groceries,53,1064.79,29-04-2025,56433.87,Yes
ORD-00679,20-04-2025,CUST-190,East,Jharkhand,SKU-012,Green Tea Pack,Groceries,27,815.88,27-04-2025,22028.76,Yes
ORD-00680,20-04-2025,CUST-199,East,Bihar,SKU-014,Cricket Bat,Sports,8,1833.14,30-04-2025,14665.12,No
ORD-00681,21-04-2025,CUST-184,East,West Bengal,SKU-003,USB-C Charger,Electronics,39,2555.22,27-04-2025,99653.58,No
ORD-00682,21-04-2025,CUST-150,North,Haryana,SKU-006,Running Shoes,Apparel,12,183.06,26-04-2025,2196.72,No
ORD-00683,21-04-2025,CUST-103,West,Goa,SKU-007,Non-stick Pan,Home & Kitchen,18,2108.56,24-04-2025,37954.08,No
ORD-00684,21-04-2025,CUST-110,West,Gujarat,SKU-010,Basmati Rice 5kg,Groceries,32,689,26-04-2025,22048,No
ORD-00685,21-04-2025,CUST-116,South,Andhra Pradesh,SKU-011,Cooking Oil 1L,Groceries,38,1064.79,26-04-2025,40462.02,No
ORD-00686,21-04-2025,CUST-141,West,Madhya Pradesh,SKU-012,Green Tea Pack,Groceries,33,815.88,29-04-2025,26924.04,Yes
ORD-00687,22-04-2025,CUST-180,West,Madhya Pradesh,SKU-002,Bluetooth Speaker,Electronics,24,1695.1,02-05-2025,40682.4,No
ORD-00688,22-04-2025,CUST-161,South,Andhra Pradesh,SKU-005,Denim Jacket,Apparel,23,1110.65,30-04-2025,25544.95,Yes
ORD-00689,22-04-2025,CUST-101,North,Rajasthan,SKU-007,Non-stick Pan,Home & Kitchen,11,2108.56,29-04-2025,23194.16,Yes
ORD-00690,22-04-2025,CUST-160,North,Rajasthan,SKU-010,Basmati Rice 5kg,Groceries,46,689,29-04-2025,31694,No
ORD-00691,22-04-2025,CUST-100,East,West Bengal,SKU-014,Cricket Bat,Sports,6,1833.14,28-04-2025,10998.84,No
ORD-00692,22-04-2025,CUST-150,South,Tamil Nadu,SKU-015,Football,Sports,3,1952.28,01-05-2025,5856.84,No
ORD-00693,23-04-2025,CUST-128,East,Jharkhand,SKU-001,Wireless Mouse,Electronics,32,2055.9,02-05-2025,65788.8,Yes
ORD-00694,23-04-2025,CUST-166,East,Odisha,SKU-002,Bluetooth Speaker,Electronics,11,1695.1,29-04-2025,18646.1,No
ORD-00695,23-04-2025,CUST-124,North,Rajasthan,SKU-003,USB-C Charger,Electronics,34,2555.22,02-05-2025,86877.48,No
ORD-00696,23-04-2025,CUST-114,West,Madhya Pradesh,SKU-004,Cotton T-Shirt,Apparel,5,850.8,30-04-2025,4254,Yes
ORD-00697,23-04-2025,CUST-119,North,Uttar Pradesh,SKU-006,Running Shoes,Apparel,11,183.06,26-04-2025,2013.66,No
ORD-00698,23-04-2025,CUST-136,East,Bihar,SKU-008,Air Fryer,Home & Kitchen,34,912.26,27-04-2025,31016.84,No
ORD-00699,23-04-2025,CUST-119,North,Uttar Pradesh,SKU-009,LED Lamp,Home & Kitchen,18,1646.8,27-04-2025,29642.4,No
ORD-00700,23-04-2025,CUST-163,East,Jharkhand,SKU-011,Cooking Oil 1L,Groceries,39,1064.79,30-04-2025,41526.81,No
ORD-00701,23-04-2025,CUST-134,West,Madhya Pradesh,SKU-014,Cricket Bat,Sports,9,1833.14,26-04-2025,16498.26,No
ORD-00702,23-04-2025,CUST-123,South,Kerala,SKU-015,Football,Sports,2,1952.28,03-05-2025,3904.56,No
ORD-00703,24-04-2025,CUST-149,West,Maharashtra,SKU-002,Bluetooth Speaker,Electronics,16,1695.1,30-04-2025,27121.6,No
ORD-00704,24-04-2025,CUST-125,West,Maharashtra,SKU-003,USB-C Charger,Electronics,37,2555.22,27-04-2025,94543.14,No
ORD-00705,24-04-2025,CUST-187,East,West Bengal,SKU-005,Denim Jacket,Apparel,24,1110.65,03-05-2025,26655.6,No
ORD-00706,24-04-2025,CUST-195,North,Rajasthan,SKU-007,Non-stick Pan,Home & Kitchen,11,2108.56,27-04-2025,23194.16,No
ORD-00707,24-04-2025,CUST-185,South,Telangana,SKU-008,Air Fryer,Home & Kitchen,34,912.26,27-04-2025,31016.84,No
ORD-00708,24-04-2025,CUST-141,North,Delhi,SKU-010,Basmati Rice 5kg,Groceries,31,689,03-05-2025,21359,Yes
ORD-00709,24-04-2025,CUST-101,North,Uttar Pradesh,SKU-011,Cooking Oil 1L,Groceries,37,1064.79,30-04-2025,39397.23,No
ORD-00710,24-04-2025,CUST-131,South,Tamil Nadu,SKU-015,Football,Sports,10,1952.28,28-04-2025,19522.8,No
ORD-00711,25-04-2025,CUST-107,East,Bihar,SKU-003,USB-C Charger,Electronics,56,2555.22,28-04-2025,143092.32,No
ORD-00712,25-04-2025,CUST-140,East,Jharkhand,SKU-007,Non-stick Pan,Home & Kitchen,12,2108.56,01-05-2025,25302.72,No
ORD-00713,25-04-2025,CUST-192,South,Telangana,SKU-009,LED Lamp,Home & Kitchen,23,1646.8,03-05-2025,37876.4,No
ORD-00714,25-04-2025,CUST-162,West,Madhya Pradesh,SKU-010,Basmati Rice 5kg,Groceries,57,689,28-04-2025,39273,No
ORD-00715,26-04-2025,CUST-108,South,Tamil Nadu,SKU-001,Wireless Mouse,Electronics,10,2055.9,01-05-2025,20559,No
ORD-00716,26-04-2025,CUST-169,East,Jharkhand,SKU-002,Bluetooth Speaker,Electronics,19,1695.1,03-05-2025,32206.9,No
ORD-00717,26-04-2025,CUST-184,West,Goa,SKU-009,LED Lamp,Home & Kitchen,15,1646.8,30-04-2025,24702,No
ORD-00718,26-04-2025,CUST-198,South,Telangana,SKU-010,Basmati Rice 5kg,Groceries,30,689,06-05-2025,20670,Yes
ORD-00719,26-04-2025,CUST-105,South,Tamil Nadu,SKU-012,Green Tea Pack,Groceries,23,815.88,30-04-2025,18765.24,No
ORD-00720,26-04-2025,CUST-125,North,Uttar Pradesh,SKU-013,Yoga Mat,Sports,22,2445.11,29-04-2025,53792.42,No
ORD-00721,26-04-2025,CUST-167,East,Jharkhand,SKU-015,Football,Sports,3,1952.28,06-05-2025,5856.84,No
ORD-00722,27-04-2025,CUST-177,North,Haryana,SKU-001,Wireless Mouse,Electronics,24,2055.9,03-05-2025,49341.6,No
ORD-00723,27-04-2025,CUST-159,North,Delhi,SKU-002,Bluetooth Speaker,Electronics,25,1695.1,01-05-2025,42377.5,No
ORD-00724,27-04-2025,CUST-147,North,Haryana,SKU-003,USB-C Charger,Electronics,27,2555.22,06-05-2025,68990.94,No
ORD-00725,27-04-2025,CUST-109,South,Tamil Nadu,SKU-005,Denim Jacket,Apparel,30,1110.65,04-05-2025,33319.5,No
ORD-00726,27-04-2025,CUST-168,West,Maharashtra,SKU-007,Non-stick Pan,Home & Kitchen,14,2108.56,03-05-2025,29519.84,Yes
ORD-00727,27-04-2025,CUST-171,West,Gujarat,SKU-008,Air Fryer,Home & Kitchen,29,912.26,02-05-2025,26455.54,No
ORD-00728,27-04-2025,CUST-121,South,Telangana,SKU-014,Cricket Bat,Sports,6,1833.14,01-05-2025,10998.84,No
ORD-00729,28-04-2025,CUST-177,South,Tamil Nadu,SKU-010,Basmati Rice 5kg,Groceries,21,689,06-05-2025,14469,No
ORD-00730,28-04-2025,CUST-146,West,Maharashtra,SKU-012,Green Tea Pack,Groceries,13,815.88,05-05-2025,10606.44,No
ORD-00731,28-04-2025,CUST-176,North,Punjab,SKU-013,Yoga Mat,Sports,14,2445.11,05-05-2025,34231.54,No
ORD-00732,29-04-2025,CUST-128,South,Telangana,SKU-001,Wireless Mouse,Electronics,44,2055.9,06-05-2025,90459.6,No
ORD-00733,29-04-2025,CUST-170,South,Tamil Nadu,SKU-003,USB-C Charger,Electronics,43,2555.22,06-05-2025,109874.46,No
ORD-00734,29-04-2025,CUST-145,South,Karnataka,SKU-004,Cotton T-Shirt,Apparel,7,850.8,09-05-2025,5955.6,Yes
ORD-00735,29-04-2025,CUST-132,East,Bihar,SKU-005,Denim Jacket,Apparel,19,1110.65,05-05-2025,21102.35,No
ORD-00736,29-04-2025,CUST-172,South,Andhra Pradesh,SKU-006,Running Shoes,Apparel,18,183.06,08-05-2025,3295.08,No
ORD-00737,29-04-2025,CUST-176,East,Odisha,SKU-010,Basmati Rice 5kg,Groceries,47,689,03-05-2025,32383,No
ORD-00738,29-04-2025,CUST-110,North,Delhi,SKU-011,Cooking Oil 1L,Groceries,20,1064.79,08-05-2025,21295.8,Yes
ORD-00739,29-04-2025,CUST-198,South,Andhra Pradesh,SKU-013,Yoga Mat,Sports,33,2445.11,03-05-2025,80688.63,No
ORD-00740,30-04-2025,CUST-140,South,Kerala,SKU-004,Cotton T-Shirt,Apparel,10,850.8,03-05-2025,8508,No
ORD-00741,30-04-2025,CUST-157,North,Uttar Pradesh,SKU-005,Denim Jacket,Apparel,25,1110.65,09-05-2025,27766.25,Yes
ORD-00742,30-04-2025,CUST-150,South,Kerala,SKU-006,Running Shoes,Apparel,11,183.06,07-05-2025,2013.66,No
ORD-00743,30-04-2025,CUST-170,West,Maharashtra,SKU-007,Non-stick Pan,Home & Kitchen,19,2108.56,03-05-2025,40062.64,No
ORD-00744,30-04-2025,CUST-164,West,Goa,SKU-008,Air Fryer,Home & Kitchen,49,912.26,09-05-2025,44700.74,Yes
ORD-00745,30-04-2025,CUST-150,South,Tamil Nadu,SKU-010,Basmati Rice 5kg,Groceries,49,689,10-05-2025,33761,Yes
ORD-00746,30-04-2025,CUST-199,West,Madhya Pradesh,SKU-014,Cricket Bat,Sports,8,1833.14,07-05-2025,14665.12,No
ORD-00747,30-04-2025,CUST-154,East,Odisha,SKU-015,Football,Sports,10,1952.28,09-05-2025,19522.8,No
ORD-00748,01-05-2025,CUST-144,North,Delhi,SKU-001,Wireless Mouse,Electronics,31,2055.9,09-05-2025,63732.9,Yes
ORD-00749,01-05-2025,CUST-179,South,Andhra Pradesh,SKU-003,USB-C Charger,Electronics,22,2555.22,11-05-2025,56214.84,No
ORD-00750,01-05-2025,CUST-125,East,West Bengal,SKU-004,Cotton T-Shirt,Apparel,21,850.8,07-05-2025,17866.8,No
ORD-00751,01-05-2025,CUST-131,South,Karnataka,SKU-005,Denim Jacket,Apparel,26,1110.65,04-05-2025,28876.9,No
ORD-00752,01-05-2025,CUST-139,West,Goa,SKU-008,Air Fryer,Home & Kitchen,34,912.26,05-05-2025,31016.84,No
ORD-00753,01-05-2025,CUST-170,West,Maharashtra,SKU-010,Basmati Rice 5kg,Groceries,37,689,08-05-2025,25493,No
ORD-00754,01-05-2025,CUST-132,South,Kerala,SKU-015,Football,Sports,7,1952.28,04-05-2025,13665.96,No
ORD-00755,02-05-2025,CUST-106,West,Madhya Pradesh,SKU-001,Wireless Mouse,Electronics,39,2055.9,09-05-2025,80180.1,No
ORD-00756,02-05-2025,CUST-184,East,West Bengal,SKU-003,USB-C Charger,Electronics,53,2555.22,11-05-2025,135426.66,No
ORD-00757,02-05-2025,CUST-129,West,Gujarat,SKU-006,Running Shoes,Apparel,17,183.06,11-05-2025,3112.02,No
ORD-00758,02-05-2025,CUST-164,West,Gujarat,SKU-012,Green Tea Pack,Groceries,31,815.88,08-05-2025,25292.28,No
ORD-00759,02-05-2025,CUST-150,South,Kerala,SKU-015,Football,Sports,11,1952.28,12-05-2025,21475.08,No
ORD-00760,03-05-2025,CUST-145,East,West Bengal,SKU-001,Wireless Mouse,Electronics,28,2055.9,11-05-2025,57565.2,Yes
ORD-00761,03-05-2025,CUST-180,East,Bihar,SKU-002,Bluetooth Speaker,Electronics,24,1695.1,06-05-2025,40682.4,No
ORD-00762,03-05-2025,CUST-128,South,Tamil Nadu,SKU-006,Running Shoes,Apparel,13,183.06,10-05-2025,2379.78,No
ORD-00763,03-05-2025,CUST-166,South,Karnataka,SKU-007,Non-stick Pan,Home & Kitchen,11,2108.56,12-05-2025,23194.16,Yes
ORD-00764,03-05-2025,CUST-154,East,Odisha,SKU-008,Air Fryer,Home & Kitchen,45,912.26,08-05-2025,41051.7,No
ORD-00765,03-05-2025,CUST-174,South,Karnataka,SKU-010,Basmati Rice 5kg,Groceries,29,689,08-05-2025,19981,No
ORD-00766,03-05-2025,CUST-155,South,Tamil Nadu,SKU-012,Green Tea Pack,Groceries,24,815.88,08-05-2025,19581.12,No
ORD-00767,03-05-2025,CUST-123,East,West Bengal,SKU-015,Football,Sports,12,1952.28,07-05-2025,23427.36,No
ORD-00768,04-05-2025,CUST-197,East,Odisha,SKU-002,Bluetooth Speaker,Electronics,20,1695.1,07-05-2025,33902,No
ORD-00769,04-05-2025,CUST-119,South,Kerala,SKU-004,Cotton T-Shirt,Apparel,9,850.8,11-05-2025,7657.2,No
ORD-00770,04-05-2025,CUST-103,East,Odisha,SKU-005,Denim Jacket,Apparel,32,1110.65,09-05-2025,35540.8,No
ORD-00771,04-05-2025,CUST-117,West,Maharashtra,SKU-009,LED Lamp,Home & Kitchen,22,1646.8,14-05-2025,36229.6,No
ORD-00772,04-05-2025,CUST-162,West,Gujarat,SKU-011,Cooking Oil 1L,Groceries,39,1064.79,13-05-2025,41526.81,No
ORD-00773,04-05-2025,CUST-134,West,Gujarat,SKU-012,Green Tea Pack,Groceries,27,815.88,07-05-2025,22028.76,No
ORD-00774,04-05-2025,CUST-196,South,Tamil Nadu,SKU-013,Yoga Mat,Sports,28,2445.11,10-05-2025,68463.08,No
ORD-00775,04-05-2025,CUST-188,East,Jharkhand,SKU-014,Cricket Bat,Sports,12,1833.14,14-05-2025,21997.68,No
ORD-00776,05-05-2025,CUST-177,West,Maharashtra,SKU-002,Bluetooth Speaker,Electronics,9,1695.1,08-05-2025,15255.9,No
ORD-00777,05-05-2025,CUST-166,North,Punjab,SKU-004,Cotton T-Shirt,Apparel,19,850.8,08-05-2025,16165.2,No
ORD-00778,05-05-2025,CUST-166,West,Goa,SKU-007,Non-stick Pan,Home & Kitchen,11,2108.56,11-05-2025,23194.16,No
ORD-00779,05-05-2025,CUST-124,East,Bihar,SKU-009,LED Lamp,Home & Kitchen,11,1646.8,08-05-2025,18114.8,No
ORD-00780,05-05-2025,CUST-199,East,Odisha,SKU-010,Basmati Rice 5kg,Groceries,53,689,12-05-2025,36517,No
ORD-00781,05-05-2025,CUST-159,West,Maharashtra,SKU-012,Green Tea Pack,Groceries,24,815.88,10-05-2025,19581.12,No
ORD-00782,05-05-2025,CUST-123,South,Tamil Nadu,SKU-013,Yoga Mat,Sports,24,2445.11,09-05-2025,58682.64,No
ORD-00783,05-05-2025,CUST-175,South,Kerala,SKU-014,Cricket Bat,Sports,6,1833.14,15-05-2025,10998.84,No
ORD-00784,06-05-2025,CUST-188,South,Telangana,SKU-001,Wireless Mouse,Electronics,35,2055.9,14-05-2025,71956.5,No
ORD-00785,06-05-2025,CUST-110,West,Maharashtra,SKU-003,USB-C Charger,Electronics,45,2555.22,14-05-2025,114984.9,Yes
ORD-00786,06-05-2025,CUST-105,South,Karnataka,SKU-007,Non-stick Pan,Home & Kitchen,17,2108.56,15-05-2025,35845.52,No
ORD-00787,06-05-2025,CUST-153,East,Bihar,SKU-011,Cooking Oil 1L,Groceries,44,1064.79,09-05-2025,46850.76,No
ORD-00788,06-05-2025,CUST-136,South,Karnataka,SKU-012,Green Tea Pack,Groceries,22,815.88,16-05-2025,17949.36,Yes
ORD-00789,06-05-2025,CUST-101,West,Madhya Pradesh,SKU-013,Yoga Mat,Sports,30,2445.11,13-05-2025,73353.3,No
ORD-00790,07-05-2025,CUST-158,West,Goa,SKU-004,Cotton T-Shirt,Apparel,16,850.8,17-05-2025,13612.8,No
ORD-00791,07-05-2025,CUST-179,South,Tamil Nadu,SKU-005,Denim Jacket,Apparel,26,1110.65,14-05-2025,28876.9,No
ORD-00792,07-05-2025,CUST-107,East,Bihar,SKU-006,Running Shoes,Apparel,13,183.06,12-05-2025,2379.78,No
ORD-00793,07-05-2025,CUST-142,North,Punjab,SKU-007,Non-stick Pan,Home & Kitchen,18,2108.56,14-05-2025,37954.08,No
ORD-00794,07-05-2025,CUST-122,South,Karnataka,SKU-008,Air Fryer,Home & Kitchen,23,912.26,16-05-2025,20981.98,No
ORD-00795,07-05-2025,CUST-111,East,Jharkhand,SKU-014,Cricket Bat,Sports,3,1833.14,10-05-2025,5499.42,No
ORD-00796,07-05-2025,CUST-108,West,Gujarat,SKU-015,Football,Sports,10,1952.28,16-05-2025,19522.8,No
ORD-00797,08-05-2025,CUST-142,West,Maharashtra,SKU-002,Bluetooth Speaker,Electronics,14,1695.1,15-05-2025,23731.4,Yes
ORD-00798,08-05-2025,CUST-161,East,Odisha,SKU-006,Running Shoes,Apparel,14,183.06,12-05-2025,2562.84,No
ORD-00799,08-05-2025,CUST-116,West,Gujarat,SKU-007,Non-stick Pan,Home & Kitchen,16,2108.56,16-05-2025,33736.96,No
ORD-00800,08-05-2025,CUST-190,East,Bihar,SKU-011,Cooking Oil 1L,Groceries,30,1064.79,14-05-2025,31943.7,No
ORD-00801,08-05-2025,CUST-194,South,Kerala,SKU-013,Yoga Mat,Sports,38,2445.11,12-05-2025,92914.18,No
ORD-00802,09-05-2025,CUST-144,South,Kerala,SKU-001,Wireless Mouse,Electronics,36,2055.9,17-05-2025,74012.4,Yes
ORD-00803,09-05-2025,CUST-139,East,West Bengal,SKU-002,Bluetooth Speaker,Electronics,18,1695.1,13-05-2025,30511.8,No
ORD-00804,09-05-2025,CUST-114,East,Bihar,SKU-004,Cotton T-Shirt,Apparel,17,850.8,12-05-2025,14463.6,No
ORD-00805,09-05-2025,CUST-122,South,Telangana,SKU-005,Denim Jacket,Apparel,25,1110.65,12-05-2025,27766.25,No
ORD-00806,09-05-2025,CUST-186,West,Gujarat,SKU-006,Running Shoes,Apparel,7,183.06,17-05-2025,1281.42,No
ORD-00807,09-05-2025,CUST-166,East,Jharkhand,SKU-014,Cricket Bat,Sports,7,1833.14,12-05-2025,12831.98,No
ORD-00808,10-05-2025,CUST-145,North,Punjab,SKU-003,USB-C Charger,Electronics,23,2555.22,18-05-2025,58770.06,No
ORD-00809,10-05-2025,CUST-173,West,Maharashtra,SKU-005,Denim Jacket,Apparel,54,1110.65,15-05-2025,59975.1,No
ORD-00810,10-05-2025,CUST-196,East,West Bengal,SKU-006,Running Shoes,Apparel,16,183.06,14-05-2025,2928.96,No
ORD-00811,10-05-2025,CUST-130,East,Bihar,SKU-008,Air Fryer,Home & Kitchen,54,912.26,20-05-2025,49262.04,Yes
ORD-00812,10-05-2025,CUST-122,North,Uttar Pradesh,SKU-011,Cooking Oil 1L,Groceries,41,1064.79,17-05-2025,43656.39,No
ORD-00813,10-05-2025,CUST-156,North,Haryana,SKU-012,Green Tea Pack,Groceries,32,815.88,14-05-2025,26108.16,No
ORD-00814,10-05-2025,CUST-161,East,Bihar,SKU-015,Football,Sports,9,1952.28,18-05-2025,17570.52,No
ORD-00815,11-05-2025,CUST-126,North,Haryana,SKU-002,Bluetooth Speaker,Electronics,25,1695.1,16-05-2025,42377.5,No
ORD-00816,11-05-2025,CUST-187,North,Uttar Pradesh,SKU-006,Running Shoes,Apparel,7,183.06,14-05-2025,1281.42,No
ORD-00817,11-05-2025,CUST-102,East,Odisha,SKU-007,Non-stick Pan,Home & Kitchen,15,2108.56,18-05-2025,31628.4,No
ORD-00818,11-05-2025,CUST-124,East,Jharkhand,SKU-009,LED Lamp,Home & Kitchen,17,1646.8,17-05-2025,27995.6,No
ORD-00819,11-05-2025,CUST-134,South,Tamil Nadu,SKU-010,Basmati Rice 5kg,Groceries,32,689,15-05-2025,22048,No
ORD-00820,11-05-2025,CUST-101,North,Delhi,SKU-011,Cooking Oil 1L,Groceries,51,1064.79,15-05-2025,54304.29,No
ORD-00821,11-05-2025,CUST-190,East,Odisha,SKU-012,Green Tea Pack,Groceries,21,815.88,16-05-2025,17133.48,No
ORD-00822,11-05-2025,CUST-178,East,Odisha,SKU-014,Cricket Bat,Sports,8,1833.14,18-05-2025,14665.12,No
ORD-00823,12-05-2025,CUST-113,West,Madhya Pradesh,SKU-001,Wireless Mouse,Electronics,58,2055.9,15-05-2025,119242.2,No
ORD-00824,12-05-2025,CUST-150,South,Telangana,SKU-002,Bluetooth Speaker,Electronics,19,1695.1,21-05-2025,32206.9,No
ORD-00825,12-05-2025,CUST-191,North,Haryana,SKU-007,Non-stick Pan,Home & Kitchen,11,2108.56,18-05-2025,23194.16,Yes
ORD-00826,12-05-2025,CUST-112,West,Madhya Pradesh,SKU-011,Cooking Oil 1L,Groceries,48,1064.79,22-05-2025,51109.92,No
ORD-00827,12-05-2025,CUST-129,South,Telangana,SKU-012,Green Tea Pack,Groceries,16,815.88,22-05-2025,13054.08,Yes
ORD-00828,12-05-2025,CUST-146,West,Goa,SKU-013,Yoga Mat,Sports,14,2445.11,19-05-2025,34231.54,No
ORD-00829,12-05-2025,CUST-158,West,Goa,SKU-014,Cricket Bat,Sports,8,1833.14,20-05-2025,14665.12,No
ORD-00830,12-05-2025,CUST-114,East,Bihar,SKU-015,Football,Sports,7,1952.28,22-05-2025,13665.96,No
ORD-00831,13-05-2025,CUST-151,North,Uttar Pradesh,SKU-003,USB-C Charger,Electronics,26,2555.22,17-05-2025,66435.72,No
ORD-00832,13-05-2025,CUST-138,West,Madhya Pradesh,SKU-004,Cotton T-Shirt,Apparel,19,850.8,17-05-2025,16165.2,No
ORD-00833,13-05-2025,CUST-161,West,Maharashtra,SKU-005,Denim Jacket,Apparel,16,1110.65,18-05-2025,17770.4,Yes
ORD-00834,13-05-2025,CUST-188,West,Gujarat,SKU-006,Running Shoes,Apparel,17,183.06,19-05-2025,3112.02,No
ORD-00835,13-05-2025,CUST-122,North,Haryana,SKU-008,Air Fryer,Home & Kitchen,44,912.26,19-05-2025,40139.44,No
ORD-00836,13-05-2025,CUST-141,North,Haryana,SKU-012,Green Tea Pack,Groceries,15,815.88,23-05-2025,12238.2,Yes
ORD-00837,13-05-2025,CUST-187,West,Goa,SKU-014,Cricket Bat,Sports,7,1833.14,17-05-2025,12831.98,No
ORD-00838,13-05-2025,CUST-111,South,Kerala,SKU-015,Football,Sports,8,1952.28,16-05-2025,15618.24,No
ORD-00839,14-05-2025,CUST-149,West,Maharashtra,SKU-005,Denim Jacket,Apparel,30,1110.65,21-05-2025,33319.5,No
ORD-00840,14-05-2025,CUST-138,East,Jharkhand,SKU-006,Running Shoes,Apparel,16,183.06,22-05-2025,2928.96,No
ORD-00841,15-05-2025,CUST-190,East,West Bengal,SKU-002,Bluetooth Speaker,Electronics,30,1695.1,18-05-2025,50853,No
ORD-00842,15-05-2025,CUST-103,South,Karnataka,SKU-003,USB-C Charger,Electronics,16,2555.22,22-05-2025,40883.52,No
ORD-00843,15-05-2025,CUST-151,West,Gujarat,SKU-004,Cotton T-Shirt,Apparel,8,850.8,24-05-2025,6806.4,No
ORD-00844,15-05-2025,CUST-184,South,Kerala,SKU-005,Denim Jacket,Apparel,20,1110.65,21-05-2025,22213,No
ORD-00845,15-05-2025,CUST-119,East,West Bengal,SKU-007,Non-stick Pan,Home & Kitchen,5,2108.56,24-05-2025,10542.8,Yes
ORD-00846,15-05-2025,CUST-182,North,Uttar Pradesh,SKU-010,Basmati Rice 5kg,Groceries,58,689,19-05-2025,39962,No
ORD-00847,15-05-2025,CUST-110,South,Telangana,SKU-011,Cooking Oil 1L,Groceries,53,1064.79,20-05-2025,56433.87,No
ORD-00848,15-05-2025,CUST-189,West,Madhya Pradesh,SKU-013,Yoga Mat,Sports,17,2445.11,25-05-2025,41566.87,No
ORD-00849,16-05-2025,CUST-123,West,Madhya Pradesh,SKU-001,Wireless Mouse,Electronics,38,2055.9,22-05-2025,78124.2,No
ORD-00850,16-05-2025,CUST-152,East,West Bengal,SKU-005,Denim Jacket,Apparel,19,1110.65,23-05-2025,21102.35,Yes
ORD-00851,16-05-2025,CUST-114,West,Gujarat,SKU-006,Running Shoes,Apparel,19,183.06,24-05-2025,3478.14,Yes
ORD-00852,16-05-2025,CUST-159,North,Uttar Pradesh,SKU-008,Air Fryer,Home & Kitchen,44,912.26,23-05-2025,40139.44,No
ORD-00853,16-05-2025,CUST-187,East,Jharkhand,SKU-011,Cooking Oil 1L,Groceries,25,1064.79,20-05-2025,26619.75,No
ORD-00854,16-05-2025,CUST-165,West,Gujarat,SKU-015,Football,Sports,5,1952.28,26-05-2025,9761.4,No
ORD-00855,17-05-2025,CUST-137,South,Andhra Pradesh,SKU-002,Bluetooth Speaker,Electronics,7,1695.1,24-05-2025,11865.7,No
ORD-00856,17-05-2025,CUST-193,East,Bihar,SKU-003,USB-C Charger,Electronics,62,2555.22,24-05-2025,158423.64,No
ORD-00857,17-05-2025,CUST-184,East,Odisha,SKU-004,Cotton T-Shirt,Apparel,11,850.8,20-05-2025,9358.8,No
ORD-00858,17-05-2025,CUST-116,North,Rajasthan,SKU-007,Non-stick Pan,Home & Kitchen,14,2108.56,21-05-2025,29519.84,Yes
ORD-00859,17-05-2025,CUST-101,North,Delhi,SKU-009,LED Lamp,Home & Kitchen,23,1646.8,24-05-2025,37876.4,No
ORD-00860,17-05-2025,CUST-133,South,Andhra Pradesh,SKU-014,Cricket Bat,Sports,7,1833.14,22-05-2025,12831.98,No
ORD-00861,18-05-2025,CUST-163,West,Madhya Pradesh,SKU-003,USB-C Charger,Electronics,41,2555.22,23-05-2025,104764.02,No
ORD-00862,18-05-2025,CUST-192,South,Telangana,SKU-005,Denim Jacket,Apparel,30,1110.65,28-05-2025,33319.5,Yes
ORD-00863,18-05-2025,CUST-196,North,Punjab,SKU-006,Running Shoes,Apparel,13,183.06,25-05-2025,2379.78,No
ORD-00864,18-05-2025,CUST-151,West,Maharashtra,SKU-007,Non-stick Pan,Home & Kitchen,9,2108.56,28-05-2025,18977.04,Yes
ORD-00865,18-05-2025,CUST-148,West,Madhya Pradesh,SKU-008,Air Fryer,Home & Kitchen,39,912.26,24-05-2025,35578.14,No
ORD-00866,18-05-2025,CUST-101,East,West Bengal,SKU-010,Basmati Rice 5kg,Groceries,16,689,27-05-2025,11024,Yes
ORD-00867,18-05-2025,CUST-112,East,West Bengal,SKU-012,Green Tea Pack,Groceries,16,815.88,21-05-2025,13054.08,No
ORD-00868,18-05-2025,CUST-142,East,West Bengal,SKU-014,Cricket Bat,Sports,1,1833.14,25-05-2025,1833.14,No
ORD-00869,18-05-2025,CUST-159,South,Andhra Pradesh,SKU-015,Football,Sports,12,1952.28,27-05-2025,23427.36,No
ORD-00870,19-05-2025,CUST-186,South,Telangana,SKU-003,USB-C Charger,Electronics,46,2555.22,27-05-2025,117540.12,Yes
ORD-00871,19-05-2025,CUST-101,West,Maharashtra,SKU-004,Cotton T-Shirt,Apparel,14,850.8,23-05-2025,11911.2,No
ORD-00872,19-05-2025,CUST-187,West,Gujarat,SKU-005,Denim Jacket,Apparel,27,1110.65,23-05-2025,29987.55,No
ORD-00873,19-05-2025,CUST-103,North,Haryana,SKU-006,Running Shoes,Apparel,13,183.06,22-05-2025,2379.78,No
ORD-00874,19-05-2025,CUST-176,North,Punjab,SKU-007,Non-stick Pan,Home & Kitchen,10,2108.56,25-05-2025,21085.6,No
ORD-00875,19-05-2025,CUST-114,South,Andhra Pradesh,SKU-009,LED Lamp,Home & Kitchen,21,1646.8,24-05-2025,34582.8,Yes
ORD-00876,19-05-2025,CUST-184,North,Punjab,SKU-010,Basmati Rice 5kg,Groceries,32,689,29-05-2025,22048,Yes
ORD-00877,19-05-2025,CUST-132,South,Telangana,SKU-013,Yoga Mat,Sports,8,2445.11,27-05-2025,19560.88,No
ORD-00878,19-05-2025,CUST-148,West,Madhya Pradesh,SKU-015,Football,Sports,11,1952.28,22-05-2025,21475.08,No
ORD-00879,20-05-2025,CUST-122,West,Maharashtra,SKU-001,Wireless Mouse,Electronics,60,2055.9,27-05-2025,123354,No
ORD-00880,20-05-2025,CUST-178,West,Madhya Pradesh,SKU-002,Bluetooth Speaker,Electronics,22,1695.1,26-05-2025,37292.2,No
ORD-00881,20-05-2025,CUST-127,North,Uttar Pradesh,SKU-003,USB-C Charger,Electronics,28,2555.22,29-05-2025,71546.16,No
ORD-00882,20-05-2025,CUST-109,East,Bihar,SKU-006,Running Shoes,Apparel,14,183.06,24-05-2025,2562.84,No
ORD-00883,20-05-2025,CUST-104,West,Madhya Pradesh,SKU-008,Air Fryer,Home & Kitchen,20,912.26,23-05-2025,18245.2,No
ORD-00884,20-05-2025,CUST-150,North,Delhi,SKU-009,LED Lamp,Home & Kitchen,19,1646.8,28-05-2025,31289.2,No
ORD-00885,20-05-2025,CUST-169,South,Telangana,SKU-013,Yoga Mat,Sports,34,2445.11,24-05-2025,83133.74,No
ORD-00886,20-05-2025,CUST-115,East,Odisha,SKU-014,Cricket Bat,Sports,3,1833.14,30-05-2025,5499.42,No
ORD-00887,20-05-2025,CUST-146,East,West Bengal,SKU-015,Football,Sports,8,1952.28,24-05-2025,15618.24,No
ORD-00888,21-05-2025,CUST-197,East,Jharkhand,SKU-001,Wireless Mouse,Electronics,37,2055.9,31-05-2025,76068.3,Yes
ORD-00889,21-05-2025,CUST-138,West,Maharashtra,SKU-003,USB-C Charger,Electronics,47,2555.22,27-05-2025,120095.34,No
ORD-00890,21-05-2025,CUST-180,West,Madhya Pradesh,SKU-006,Running Shoes,Apparel,15,183.06,25-05-2025,2745.9,No
ORD-00891,21-05-2025,CUST-162,West,Maharashtra,SKU-008,Air Fryer,Home & Kitchen,48,912.26,27-05-2025,43788.48,No
ORD-00892,21-05-2025,CUST-163,West,Madhya Pradesh,SKU-009,LED Lamp,Home & Kitchen,29,1646.8,28-05-2025,47757.2,No
ORD-00893,21-05-2025,CUST-151,North,Delhi,SKU-011,Cooking Oil 1L,Groceries,32,1064.79,24-05-2025,34073.28,No
ORD-00894,21-05-2025,CUST-186,South,Kerala,SKU-012,Green Tea Pack,Groceries,33,815.88,31-05-2025,26924.04,Yes
ORD-00895,21-05-2025,CUST-183,North,Rajasthan,SKU-014,Cricket Bat,Sports,9,1833.14,31-05-2025,16498.26,No
ORD-00896,22-05-2025,CUST-101,South,Telangana,SKU-002,Bluetooth Speaker,Electronics,21,1695.1,27-05-2025,35597.1,No
ORD-00897,22-05-2025,CUST-113,North,Uttar Pradesh,SKU-006,Running Shoes,Apparel,7,183.06,26-05-2025,1281.42,No
ORD-00898,22-05-2025,CUST-154,East,Odisha,SKU-009,LED Lamp,Home & Kitchen,11,1646.8,28-05-2025,18114.8,No
ORD-00899,22-05-2025,CUST-141,South,Telangana,SKU-013,Yoga Mat,Sports,37,2445.11,27-05-2025,90469.07,No
ORD-00900,23-05-2025,CUST-135,South,Tamil Nadu,SKU-001,Wireless Mouse,Electronics,31,2055.9,27-05-2025,63732.9,No
ORD-00901,23-05-2025,CUST-174,North,Rajasthan,SKU-003,USB-C Charger,Electronics,30,2555.22,29-05-2025,76656.6,No
ORD-00902,23-05-2025,CUST-199,South,Tamil Nadu,SKU-004,Cotton T-Shirt,Apparel,16,850.8,01-06-2025,13612.8,No
ORD-00903,23-05-2025,CUST-111,East,Jharkhand,SKU-005,Denim Jacket,Apparel,26,1110.65,28-05-2025,28876.9,No
ORD-00904,23-05-2025,CUST-188,South,Karnataka,SKU-006,Running Shoes,Apparel,14,183.06,02-06-2025,2562.84,Yes
ORD-00905,23-05-2025,CUST-130,South,Tamil Nadu,SKU-007,Non-stick Pan,Home & Kitchen,10,2108.56,01-06-2025,21085.6,Yes
ORD-00906,23-05-2025,CUST-191,West,Madhya Pradesh,SKU-009,LED Lamp,Home & Kitchen,13,1646.8,28-05-2025,21408.4,No
ORD-00907,23-05-2025,CUST-100,South,Karnataka,SKU-011,Cooking Oil 1L,Groceries,44,1064.79,01-06-2025,46850.76,Yes
ORD-00908,23-05-2025,CUST-179,East,Jharkhand,SKU-012,Green Tea Pack,Groceries,19,815.88,27-05-2025,15501.72,No
ORD-00909,24-05-2025,CUST-187,West,Maharashtra,SKU-003,USB-C Charger,Electronics,41,2555.22,29-05-2025,104764.02,No
ORD-00910,24-05-2025,CUST-106,East,Odisha,SKU-005,Denim Jacket,Apparel,29,1110.65,27-05-2025,32208.85,No
ORD-00911,24-05-2025,CUST-105,North,Uttar Pradesh,SKU-006,Running Shoes,Apparel,10,183.06,03-06-2025,1830.6,Yes
ORD-00912,24-05-2025,CUST-162,North,Punjab,SKU-009,LED Lamp,Home & Kitchen,22,1646.8,27-05-2025,36229.6,No
ORD-00913,24-05-2025,CUST-153,South,Andhra Pradesh,SKU-010,Basmati Rice 5kg,Groceries,39,689,01-06-2025,26871,No
ORD-00914,24-05-2025,CUST-141,South,Karnataka,SKU-013,Yoga Mat,Sports,35,2445.11,28-05-2025,85578.85,No
ORD-00915,24-05-2025,CUST-128,North,Uttar Pradesh,SKU-014,Cricket Bat,Sports,6,1833.14,02-06-2025,10998.84,No
ORD-00916,25-05-2025,CUST-122,West,Maharashtra,SKU-003,USB-C Charger,Electronics,10,2555.22,04-06-2025,25552.2,Yes
ORD-00917,25-05-2025,CUST-134,South,Telangana,SKU-004,Cotton T-Shirt,Apparel,11,850.8,02-06-2025,9358.8,No
ORD-00918,25-05-2025,CUST-188,North,Delhi,SKU-005,Denim Jacket,Apparel,29,1110.65,28-05-2025,32208.85,No
ORD-00919,25-05-2025,CUST-121,East,Jharkhand,SKU-006,Running Shoes,Apparel,18,183.06,03-06-2025,3295.08,No
ORD-00920,25-05-2025,CUST-177,South,Kerala,SKU-007,Non-stick Pan,Home & Kitchen,17,2108.56,01-06-2025,35845.52,No
ORD-00921,25-05-2025,CUST-152,West,Gujarat,SKU-011,Cooking Oil 1L,Groceries,64,1064.79,29-05-2025,68146.56,No
ORD-00922,25-05-2025,CUST-159,East,Jharkhand,SKU-013,Yoga Mat,Sports,22,2445.11,04-06-2025,53792.42,No
ORD-00923,25-05-2025,CUST-141,West,Maharashtra,SKU-014,Cricket Bat,Sports,2,1833.14,31-05-2025,3666.28,No
ORD-00924,26-05-2025,CUST-153,North,Haryana,SKU-003,USB-C Charger,Electronics,46,2555.22,29-05-2025,117540.12,No
ORD-00925,26-05-2025,CUST-154,West,Gujarat,SKU-004,Cotton T-Shirt,Apparel,6,850.8,29-05-2025,5104.8,No
ORD-00926,26-05-2025,CUST-188,West,Maharashtra,SKU-009,LED Lamp,Home & Kitchen,21,1646.8,29-05-2025,34582.8,No
ORD-00927,26-05-2025,CUST-102,West,Madhya Pradesh,SKU-011,Cooking Oil 1L,Groceries,33,1064.79,30-05-2025,35138.07,No
ORD-00928,26-05-2025,CUST-173,North,Punjab,SKU-013,Yoga Mat,Sports,38,2445.11,05-06-2025,92914.18,No
ORD-00929,27-05-2025,CUST-180,West,Gujarat,SKU-001,Wireless Mouse,Electronics,31,2055.9,04-06-2025,63732.9,No
ORD-00930,27-05-2025,CUST-149,East,West Bengal,SKU-003,USB-C Charger,Electronics,28,2555.22,31-05-2025,71546.16,No
ORD-00931,27-05-2025,CUST-187,North,Delhi,SKU-005,Denim Jacket,Apparel,27,1110.65,02-06-2025,29987.55,No
ORD-00932,27-05-2025,CUST-165,East,Odisha,SKU-007,Non-stick Pan,Home & Kitchen,6,2108.56,30-05-2025,12651.36,No
ORD-00933,27-05-2025,CUST-146,South,Kerala,SKU-009,LED Lamp,Home & Kitchen,13,1646.8,04-06-2025,21408.4,Yes
ORD-00934,27-05-2025,CUST-130,North,Delhi,SKU-014,Cricket Bat,Sports,8,1833.14,04-06-2025,14665.12,No
ORD-00935,28-05-2025,CUST-135,North,Rajasthan,SKU-007,Non-stick Pan,Home & Kitchen,18,2108.56,06-06-2025,37954.08,No
ORD-00936,28-05-2025,CUST-157,West,Gujarat,SKU-008,Air Fryer,Home & Kitchen,30,912.26,05-06-2025,27367.8,No
ORD-00937,29-05-2025,CUST-124,West,Goa,SKU-001,Wireless Mouse,Electronics,25,2055.9,02-06-2025,51397.5,No
ORD-00938,29-05-2025,CUST-122,East,Bihar,SKU-002,Bluetooth Speaker,Electronics,9,1695.1,07-06-2025,15255.9,No
ORD-00939,29-05-2025,CUST-163,South,Karnataka,SKU-004,Cotton T-Shirt,Apparel,15,850.8,03-06-2025,12762,No
ORD-00940,29-05-2025,CUST-160,East,Bihar,SKU-008,Air Fryer,Home & Kitchen,46,912.26,03-06-2025,41963.96,No
ORD-00941,29-05-2025,CUST-108,North,Delhi,SKU-009,LED Lamp,Home & Kitchen,19,1646.8,04-06-2025,31289.2,No
ORD-00942,29-05-2025,CUST-152,East,West Bengal,SKU-011,Cooking Oil 1L,Groceries,36,1064.79,06-06-2025,38332.44,Yes
ORD-00943,30-05-2025,CUST-136,North,Punjab,SKU-006,Running Shoes,Apparel,14,183.06,07-06-2025,2562.84,No
ORD-00944,30-05-2025,CUST-158,South,Kerala,SKU-007,Non-stick Pan,Home & Kitchen,10,2108.56,06-06-2025,21085.6,No
ORD-00945,30-05-2025,CUST-190,South,Telangana,SKU-009,LED Lamp,Home & Kitchen,15,1646.8,04-06-2025,24702,Yes
ORD-00946,30-05-2025,CUST-105,East,West Bengal,SKU-010,Basmati Rice 5kg,Groceries,36,689,03-06-2025,24804,No
ORD-00947,30-05-2025,CUST-185,East,Odisha,SKU-012,Green Tea Pack,Groceries,22,815.88,02-06-2025,17949.36,No
ORD-00948,30-05-2025,CUST-169,South,Karnataka,SKU-014,Cricket Bat,Sports,7,1833.14,09-06-2025,12831.98,No
ORD-00949,31-05-2025,CUST-158,East,West Bengal,SKU-001,Wireless Mouse,Electronics,60,2055.9,05-06-2025,123354,No
ORD-00950,31-05-2025,CUST-182,East,Odisha,SKU-002,Bluetooth Speaker,Electronics,19,1695.1,08-06-2025,32206.9,No
ORD-00951,31-05-2025,CUST-172,West,Madhya Pradesh,SKU-004,Cotton T-Shirt,Apparel,26,850.8,05-06-2025,22120.8,No
ORD-00952,31-05-2025,CUST-193,West,Madhya Pradesh,SKU-005,Denim Jacket,Apparel,18,1110.65,04-06-2025,19991.7,No
ORD-00953,31-05-2025,CUST-179,South,Karnataka,SKU-007,Non-stick Pan,Home & Kitchen,10,2108.56,09-06-2025,21085.6,Yes
ORD-00954,31-05-2025,CUST-141,North,Haryana,SKU-008,Air Fryer,Home & Kitchen,36,912.26,04-06-2025,32841.36,No
ORD-00955,31-05-2025,CUST-125,North,Delhi,SKU-010,Basmati Rice 5kg,Groceries,15,689,07-06-2025,10335,Yes
ORD-00956,31-05-2025,CUST-186,North,Haryana,SKU-011,Cooking Oil 1L,Groceries,34,1064.79,10-06-2025,36202.86,No
ORD-00957,31-05-2025,CUST-185,East,Odisha,SKU-013,Yoga Mat,Sports,13,2445.11,03-06-2025,31786.43,No
ORD-00958,31-05-2025,CUST-147,West,Madhya Pradesh,SKU-014,Cricket Bat,Sports,6,1833.14,09-06-2025,10998.84,No
ORD-00959,31-05-2025,CUST-171,North,Delhi,SKU-015,Football,Sports,8,1952.28,10-06-2025,15618.24,No
ORD-00960,01-06-2025,CUST-194,West,Goa,SKU-001,Wireless Mouse,Electronics,44,2055.9,11-06-2025,90459.6,No
ORD-00961,01-06-2025,CUST-193,West,Gujarat,SKU-003,USB-C Charger,Electronics,46,2555.22,10-06-2025,117540.12,No
ORD-00962,01-06-2025,CUST-118,South,Tamil Nadu,SKU-004,Cotton T-Shirt,Apparel,2,850.8,05-06-2025,1701.6,No
ORD-00963,01-06-2025,CUST-108,West,Maharashtra,SKU-005,Denim Jacket,Apparel,39,1110.65,09-06-2025,43315.35,No
ORD-00964,01-06-2025,CUST-181,East,Jharkhand,SKU-006,Running Shoes,Apparel,13,183.06,10-06-2025,2379.78,Yes
ORD-00965,01-06-2025,CUST-125,South,Telangana,SKU-007,Non-stick Pan,Home & Kitchen,7,2108.56,06-06-2025,14759.92,No
ORD-00966,01-06-2025,CUST-105,East,West Bengal,SKU-009,LED Lamp,Home & Kitchen,16,1646.8,11-06-2025,26348.8,No
ORD-00967,01-06-2025,CUST-100,South,Telangana,SKU-011,Cooking Oil 1L,Groceries,24,1064.79,04-06-2025,25554.96,No
ORD-00968,01-06-2025,CUST-115,East,Jharkhand,SKU-012,Green Tea Pack,Groceries,22,815.88,11-06-2025,17949.36,Yes
ORD-00969,01-06-2025,CUST-103,North,Uttar Pradesh,SKU-013,Yoga Mat,Sports,12,2445.11,07-06-2025,29341.32,No
ORD-00970,02-06-2025,CUST-172,West,Goa,SKU-003,USB-C Charger,Electronics,36,2555.22,12-06-2025,91987.92,No
ORD-00971,02-06-2025,CUST-120,North,Uttar Pradesh,SKU-008,Air Fryer,Home & Kitchen,22,912.26,09-06-2025,20069.72,No
ORD-00972,02-06-2025,CUST-188,South,Telangana,SKU-009,LED Lamp,Home & Kitchen,19,1646.8,12-06-2025,31289.2,No
ORD-00973,02-06-2025,CUST-106,East,Bihar,SKU-010,Basmati Rice 5kg,Groceries,50,689,10-06-2025,34450,Yes
ORD-00974,02-06-2025,CUST-165,South,Kerala,SKU-011,Cooking Oil 1L,Groceries,42,1064.79,06-06-2025,44721.18,No
ORD-00975,02-06-2025,CUST-140,East,West Bengal,SKU-013,Yoga Mat,Sports,38,2445.11,10-06-2025,92914.18,No
ORD-00976,02-06-2025,CUST-112,East,West Bengal,SKU-014,Cricket Bat,Sports,8,1833.14,10-06-2025,14665.12,No
ORD-00977,03-06-2025,CUST-152,East,Odisha,SKU-001,Wireless Mouse,Electronics,22,2055.9,13-06-2025,45229.8,No
ORD-00978,03-06-2025,CUST-119,South,Kerala,SKU-003,USB-C Charger,Electronics,34,2555.22,09-06-2025,86877.48,No
ORD-00979,03-06-2025,CUST-102,West,Goa,SKU-013,Yoga Mat,Sports,29,2445.11,08-06-2025,70908.19,No
ORD-00980,03-06-2025,CUST-117,West,Goa,SKU-014,Cricket Bat,Sports,6,1833.14,11-06-2025,10998.84,No
ORD-00981,04-06-2025,CUST-128,South,Tamil Nadu,SKU-003,USB-C Charger,Electronics,34,2555.22,08-06-2025,86877.48,No
ORD-00982,04-06-2025,CUST-139,South,Karnataka,SKU-005,Denim Jacket,Apparel,25,1110.65,10-06-2025,27766.25,No
ORD-00983,04-06-2025,CUST-109,North,Punjab,SKU-006,Running Shoes,Apparel,19,183.06,08-06-2025,3478.14,No
ORD-00984,04-06-2025,CUST-104,North,Haryana,SKU-009,LED Lamp,Home & Kitchen,18,1646.8,08-06-2025,29642.4,No
ORD-00985,04-06-2025,CUST-115,South,Kerala,SKU-012,Green Tea Pack,Groceries,25,815.88,08-06-2025,20397,No
ORD-00986,04-06-2025,CUST-103,North,Haryana,SKU-014,Cricket Bat,Sports,6,1833.14,12-06-2025,10998.84,No
ORD-00987,04-06-2025,CUST-145,South,Telangana,SKU-015,Football,Sports,9,1952.28,12-06-2025,17570.52,No
ORD-00988,05-06-2025,CUST-167,South,Karnataka,SKU-005,Denim Jacket,Apparel,19,1110.65,08-06-2025,21102.35,No
ORD-00989,05-06-2025,CUST-127,West,Goa,SKU-008,Air Fryer,Home & Kitchen,40,912.26,09-06-2025,36490.4,No
ORD-00990,05-06-2025,CUST-156,North,Rajasthan,SKU-009,LED Lamp,Home & Kitchen,19,1646.8,10-06-2025,31289.2,No
ORD-00991,05-06-2025,CUST-165,South,Tamil Nadu,SKU-010,Basmati Rice 5kg,Groceries,30,689,11-06-2025,20670,No
ORD-00992,05-06-2025,CUST-115,West,Maharashtra,SKU-011,Cooking Oil 1L,Groceries,49,1064.79,13-06-2025,52174.71,No
ORD-00993,05-06-2025,CUST-171,North,Uttar Pradesh,SKU-012,Green Tea Pack,Groceries,36,815.88,12-06-2025,29371.68,No
ORD-00994,05-06-2025,CUST-114,West,Madhya Pradesh,SKU-013,Yoga Mat,Sports,37,2445.11,15-06-2025,90469.07,No
ORD-00995,05-06-2025,CUST-128,West,Maharashtra,SKU-014,Cricket Bat,Sports,5,1833.14,15-06-2025,9165.7,No
ORD-00996,05-06-2025,CUST-124,North,Haryana,SKU-015,Football,Sports,7,1952.28,14-06-2025,13665.96,No
ORD-00997,06-06-2025,CUST-150,West,Maharashtra,SKU-004,Cotton T-Shirt,Apparel,21,850.8,10-06-2025,17866.8,No
ORD-00998,06-06-2025,CUST-151,North,Punjab,SKU-007,Non-stick Pan,Home & Kitchen,14,2108.56,15-06-2025,29519.84,Yes
ORD-00999,06-06-2025,CUST-176,West,Maharashtra,SKU-010,Basmati Rice 5kg,Groceries,32,689,12-06-2025,22048,No
ORD-01000,06-06-2025,CUST-192,West,Maharashtra,SKU-011,Cooking Oil 1L,Groceries,45,1064.79,15-06-2025,47915.55,Yes
ORD-01001,06-06-2025,CUST-196,West,Goa,SKU-012,Green Tea Pack,Groceries,23,815.88,13-06-2025,18765.24,Yes
ORD-01002,06-06-2025,CUST-162,East,West Bengal,SKU-013,Yoga Mat,Sports,14,2445.11,15-06-2025,34231.54,No
ORD-01003,06-06-2025,CUST-163,South,Tamil Nadu,SKU-014,Cricket Bat,Sports,5,1833.14,16-06-2025,9165.7,No
ORD-01004,07-06-2025,CUST-194,North,Rajasthan,SKU-001,Wireless Mouse,Electronics,35,2055.9,11-06-2025,71956.5,No
ORD-01005,07-06-2025,CUST-119,East,Bihar,SKU-004,Cotton T-Shirt,Apparel,16,850.8,15-06-2025,13612.8,No
ORD-01006,07-06-2025,CUST-184,West,Maharashtra,SKU-006,Running Shoes,Apparel,19,183.06,11-06-2025,3478.14,No
ORD-01007,07-06-2025,CUST-169,East,Bihar,SKU-008,Air Fryer,Home & Kitchen,31,912.26,14-06-2025,28280.06,No
ORD-01008,07-06-2025,CUST-155,North,Delhi,SKU-011,Cooking Oil 1L,Groceries,25,1064.79,10-06-2025,26619.75,No
ORD-01009,07-06-2025,CUST-104,North,Uttar Pradesh,SKU-012,Green Tea Pack,Groceries,22,815.88,17-06-2025,17949.36,Yes
ORD-01010,07-06-2025,CUST-190,South,Tamil Nadu,SKU-013,Yoga Mat,Sports,34,2445.11,14-06-2025,83133.74,No
ORD-01011,07-06-2025,CUST-172,West,Goa,SKU-015,Football,Sports,8,1952.28,11-06-2025,15618.24,No
ORD-01012,08-06-2025,CUST-175,West,Goa,SKU-007,Non-stick Pan,Home & Kitchen,8,2108.56,18-06-2025,16868.48,No
ORD-01013,08-06-2025,CUST-175,North,Delhi,SKU-009,LED Lamp,Home & Kitchen,25,1646.8,11-06-2025,41170,No
ORD-01014,08-06-2025,CUST-144,North,Haryana,SKU-010,Basmati Rice 5kg,Groceries,36,689,16-06-2025,24804,Yes
ORD-01015,08-06-2025,CUST-144,North,Rajasthan,SKU-013,Yoga Mat,Sports,1,2445.11,17-06-2025,2445.11,No
ORD-01016,08-06-2025,CUST-175,North,Punjab,SKU-015,Football,Sports,13,1952.28,15-06-2025,25379.64,No
ORD-01017,09-06-2025,CUST-168,East,West Bengal,SKU-002,Bluetooth Speaker,Electronics,15,1695.1,12-06-2025,25426.5,No
ORD-01018,09-06-2025,CUST-172,West,Maharashtra,SKU-003,USB-C Charger,Electronics,46,2555.22,18-06-2025,117540.12,Yes
ORD-01019,09-06-2025,CUST-148,West,Madhya Pradesh,SKU-004,Cotton T-Shirt,Apparel,11,850.8,17-06-2025,9358.8,No
ORD-01020,09-06-2025,CUST-162,North,Punjab,SKU-005,Denim Jacket,Apparel,15,1110.65,13-06-2025,16659.75,No
ORD-01021,09-06-2025,CUST-121,East,Odisha,SKU-007,Non-stick Pan,Home & Kitchen,5,2108.56,17-06-2025,10542.8,No
ORD-01022,09-06-2025,CUST-125,West,Maharashtra,SKU-008,Air Fryer,Home & Kitchen,40,912.26,18-06-2025,36490.4,No
ORD-01023,09-06-2025,CUST-106,East,Bihar,SKU-011,Cooking Oil 1L,Groceries,44,1064.79,16-06-2025,46850.76,Yes
ORD-01024,09-06-2025,CUST-179,North,Rajasthan,SKU-013,Yoga Mat,Sports,21,2445.11,15-06-2025,51347.31,No
ORD-01025,10-06-2025,CUST-126,East,Odisha,SKU-002,Bluetooth Speaker,Electronics,10,1695.1,19-06-2025,16951,No
ORD-01026,10-06-2025,CUST-155,East,Jharkhand,SKU-005,Denim Jacket,Apparel,22,1110.65,17-06-2025,24434.3,Yes
ORD-01027,10-06-2025,CUST-185,South,Tamil Nadu,SKU-006,Running Shoes,Apparel,8,183.06,20-06-2025,1464.48,Yes
ORD-01028,10-06-2025,CUST-127,West,Goa,SKU-010,Basmati Rice 5kg,Groceries,49,689,20-06-2025,33761,Yes
ORD-01029,10-06-2025,CUST-172,North,Delhi,SKU-011,Cooking Oil 1L,Groceries,23,1064.79,19-06-2025,24490.17,Yes
ORD-01030,10-06-2025,CUST-130,South,Kerala,SKU-013,Yoga Mat,Sports,13,2445.11,15-06-2025,31786.43,No
ORD-01031,11-06-2025,CUST-152,East,Bihar,SKU-002,Bluetooth Speaker,Electronics,25,1695.1,17-06-2025,42377.5,No
ORD-01032,11-06-2025,CUST-151,South,Telangana,SKU-005,Denim Jacket,Apparel,11,1110.65,17-06-2025,12217.15,No
ORD-01033,11-06-2025,CUST-159,West,Goa,SKU-006,Running Shoes,Apparel,15,183.06,18-06-2025,2745.9,No
ORD-01034,11-06-2025,CUST-125,South,Karnataka,SKU-008,Air Fryer,Home & Kitchen,50,912.26,14-06-2025,45613,No
ORD-01035,11-06-2025,CUST-184,South,Kerala,SKU-009,LED Lamp,Home & Kitchen,31,1646.8,18-06-2025,51050.8,Yes
ORD-01036,11-06-2025,CUST-102,North,Delhi,SKU-011,Cooking Oil 1L,Groceries,43,1064.79,21-06-2025,45785.97,Yes
ORD-01037,11-06-2025,CUST-146,North,Haryana,SKU-013,Yoga Mat,Sports,11,2445.11,20-06-2025,26896.21,No
ORD-01038,11-06-2025,CUST-130,North,Rajasthan,SKU-014,Cricket Bat,Sports,4,1833.14,16-06-2025,7332.56,No
ORD-01039,12-06-2025,CUST-163,North,Uttar Pradesh,SKU-002,Bluetooth Speaker,Electronics,13,1695.1,19-06-2025,22036.3,No
ORD-01040,12-06-2025,CUST-198,East,West Bengal,SKU-003,USB-C Charger,Electronics,21,2555.22,16-06-2025,53659.62,No
ORD-01041,12-06-2025,CUST-154,South,Andhra Pradesh,SKU-004,Cotton T-Shirt,Apparel,10,850.8,18-06-2025,8508,Yes
ORD-01042,12-06-2025,CUST-127,East,Jharkhand,SKU-005,Denim Jacket,Apparel,22,1110.65,17-06-2025,24434.3,No
ORD-01043,12-06-2025,CUST-168,East,Bihar,SKU-006,Running Shoes,Apparel,13,183.06,22-06-2025,2379.78,No
ORD-01044,12-06-2025,CUST-160,South,Telangana,SKU-008,Air Fryer,Home & Kitchen,59,912.26,21-06-2025,53823.34,No
ORD-01045,12-06-2025,CUST-182,North,Uttar Pradesh,SKU-012,Green Tea Pack,Groceries,22,815.88,15-06-2025,17949.36,No
ORD-01046,13-06-2025,CUST-139,East,Odisha,SKU-003,USB-C Charger,Electronics,13,2555.22,22-06-2025,33217.86,Yes
ORD-01047,13-06-2025,CUST-132,East,Jharkhand,SKU-007,Non-stick Pan,Home & Kitchen,13,2108.56,22-06-2025,27411.28,No
ORD-01048,13-06-2025,CUST-138,South,Karnataka,SKU-008,Air Fryer,Home & Kitchen,41,912.26,19-06-2025,37402.66,No
ORD-01049,13-06-2025,CUST-104,East,Bihar,SKU-010,Basmati Rice 5kg,Groceries,27,689,22-06-2025,18603,No
ORD-01050,13-06-2025,CUST-191,West,Gujarat,SKU-015,Football,Sports,10,1952.28,21-06-2025,19522.8,No
ORD-01051,14-06-2025,CUST-158,North,Haryana,SKU-006,Running Shoes,Apparel,7,183.06,22-06-2025,1281.42,Yes
ORD-01052,14-06-2025,CUST-182,South,Telangana,SKU-009,LED Lamp,Home & Kitchen,12,1646.8,24-06-2025,19761.6,No
ORD-01053,14-06-2025,CUST-114,South,Kerala,SKU-010,Basmati Rice 5kg,Groceries,41,689,18-06-2025,28249,No
ORD-01054,14-06-2025,CUST-176,West,Madhya Pradesh,SKU-011,Cooking Oil 1L,Groceries,49,1064.79,19-06-2025,52174.71,No
ORD-01055,14-06-2025,CUST-122,East,West Bengal,SKU-013,Yoga Mat,Sports,11,2445.11,21-06-2025,26896.21,No
ORD-01056,14-06-2025,CUST-147,South,Andhra Pradesh,SKU-015,Football,Sports,9,1952.28,23-06-2025,17570.52,No
ORD-01057,15-06-2025,CUST-102,North,Punjab,SKU-001,Wireless Mouse,Electronics,17,2055.9,21-06-2025,34950.3,No
ORD-01058,15-06-2025,CUST-106,West,Gujarat,SKU-007,Non-stick Pan,Home & Kitchen,20,2108.56,20-06-2025,42171.2,No
ORD-01059,15-06-2025,CUST-101,West,Goa,SKU-010,Basmati Rice 5kg,Groceries,46,689,19-06-2025,31694,No
ORD-01060,15-06-2025,CUST-124,East,Odisha,SKU-015,Football,Sports,8,1952.28,21-06-2025,15618.24,No
ORD-01061,16-06-2025,CUST-176,South,Andhra Pradesh,SKU-001,Wireless Mouse,Electronics,27,2055.9,22-06-2025,55509.3,No
ORD-01062,16-06-2025,CUST-153,South,Andhra Pradesh,SKU-003,USB-C Charger,Electronics,35,2555.22,22-06-2025,89432.7,No
ORD-01063,16-06-2025,CUST-130,West,Goa,SKU-004,Cotton T-Shirt,Apparel,16,850.8,23-06-2025,13612.8,Yes
ORD-01064,16-06-2025,CUST-110,North,Haryana,SKU-006,Running Shoes,Apparel,17,183.06,26-06-2025,3112.02,No
ORD-01065,16-06-2025,CUST-194,East,West Bengal,SKU-010,Basmati Rice 5kg,Groceries,41,689,25-06-2025,28249,No
ORD-01066,16-06-2025,CUST-106,East,Bihar,SKU-011,Cooking Oil 1L,Groceries,51,1064.79,19-06-2025,54304.29,No
ORD-01067,16-06-2025,CUST-100,East,Odisha,SKU-014,Cricket Bat,Sports,4,1833.14,19-06-2025,7332.56,No
ORD-01068,17-06-2025,CUST-185,East,West Bengal,SKU-001,Wireless Mouse,Electronics,22,2055.9,26-06-2025,45229.8,No
ORD-01069,17-06-2025,CUST-133,South,Andhra Pradesh,SKU-002,Bluetooth Speaker,Electronics,18,1695.1,22-06-2025,30511.8,No
ORD-01070,17-06-2025,CUST-190,West,Gujarat,SKU-006,Running Shoes,Apparel,13,183.06,25-06-2025,2379.78,No
ORD-01071,17-06-2025,CUST-163,East,Bihar,SKU-007,Non-stick Pan,Home & Kitchen,15,2108.56,22-06-2025,31628.4,No
ORD-01072,17-06-2025,CUST-178,East,Bihar,SKU-010,Basmati Rice 5kg,Groceries,41,689,24-06-2025,28249,Yes
ORD-01073,17-06-2025,CUST-197,South,Karnataka,SKU-012,Green Tea Pack,Groceries,33,815.88,27-06-2025,26924.04,Yes
ORD-01074,18-06-2025,CUST-119,North,Delhi,SKU-001,Wireless Mouse,Electronics,49,2055.9,24-06-2025,100739.1,No
ORD-01075,18-06-2025,CUST-155,North,Rajasthan,SKU-002,Bluetooth Speaker,Electronics,22,1695.1,28-06-2025,37292.2,No
ORD-01076,18-06-2025,CUST-190,West,Maharashtra,SKU-005,Denim Jacket,Apparel,29,1110.65,26-06-2025,32208.85,No
ORD-01077,18-06-2025,CUST-111,South,Telangana,SKU-007,Non-stick Pan,Home & Kitchen,13,2108.56,26-06-2025,27411.28,Yes
ORD-01078,18-06-2025,CUST-195,East,Odisha,SKU-009,LED Lamp,Home & Kitchen,15,1646.8,23-06-2025,24702,Yes
ORD-01079,18-06-2025,CUST-153,North,Delhi,SKU-012,Green Tea Pack,Groceries,27,815.88,23-06-2025,22028.76,No
ORD-01080,18-06-2025,CUST-186,North,Uttar Pradesh,SKU-013,Yoga Mat,Sports,26,2445.11,28-06-2025,63572.86,No
ORD-01081,18-06-2025,CUST-147,North,Haryana,SKU-015,Football,Sports,7,1952.28,27-06-2025,13665.96,No
ORD-01082,19-06-2025,CUST-158,West,Madhya Pradesh,SKU-002,Bluetooth Speaker,Electronics,9,1695.1,23-06-2025,15255.9,No
ORD-01083,19-06-2025,CUST-141,South,Karnataka,SKU-006,Running Shoes,Apparel,20,183.06,29-06-2025,3661.2,Yes
ORD-01084,19-06-2025,CUST-182,East,Bihar,SKU-007,Non-stick Pan,Home & Kitchen,12,2108.56,22-06-2025,25302.72,No
ORD-01085,19-06-2025,CUST-111,West,Gujarat,SKU-008,Air Fryer,Home & Kitchen,45,912.26,28-06-2025,41051.7,No
ORD-01086,19-06-2025,CUST-198,West,Goa,SKU-009,LED Lamp,Home & Kitchen,20,1646.8,25-06-2025,32936,Yes
ORD-01087,19-06-2025,CUST-136,South,Kerala,SKU-010,Basmati Rice 5kg,Groceries,43,689,28-06-2025,29627,No
ORD-01088,19-06-2025,CUST-155,East,Odisha,SKU-011,Cooking Oil 1L,Groceries,32,1064.79,29-06-2025,34073.28,Yes
ORD-01089,19-06-2025,CUST-162,West,Maharashtra,SKU-014,Cricket Bat,Sports,8,1833.14,25-06-2025,14665.12,No
ORD-01090,20-06-2025,CUST-147,South,Tamil Nadu,SKU-003,USB-C Charger,Electronics,42,2555.22,29-06-2025,107319.24,No
ORD-01091,20-06-2025,CUST-159,South,Tamil Nadu,SKU-004,Cotton T-Shirt,Apparel,12,850.8,28-06-2025,10209.6,No
ORD-01092,20-06-2025,CUST-155,North,Haryana,SKU-010,Basmati Rice 5kg,Groceries,40,689,30-06-2025,27560,No
ORD-01093,20-06-2025,CUST-166,West,Gujarat,SKU-013,Yoga Mat,Sports,39,2445.11,26-06-2025,95359.29,No
ORD-01094,20-06-2025,CUST-170,North,Punjab,SKU-014,Cricket Bat,Sports,9,1833.14,23-06-2025,16498.26,No
ORD-01095,21-06-2025,CUST-145,East,Jharkhand,SKU-003,USB-C Charger,Electronics,16,2555.22,28-06-2025,40883.52,No
ORD-01096,21-06-2025,CUST-122,South,Telangana,SKU-006,Running Shoes,Apparel,15,183.06,01-07-2025,2745.9,Yes
ORD-01097,21-06-2025,CUST-175,West,Maharashtra,SKU-008,Air Fryer,Home & Kitchen,21,912.26,29-06-2025,19157.46,No
ORD-01098,21-06-2025,CUST-143,South,Telangana,SKU-010,Basmati Rice 5kg,Groceries,48,689,28-06-2025,33072,No
ORD-01099,21-06-2025,CUST-186,North,Haryana,SKU-011,Cooking Oil 1L,Groceries,72,1064.79,28-06-2025,76664.88,No
ORD-01100,21-06-2025,CUST-100,West,Gujarat,SKU-012,Green Tea Pack,Groceries,38,815.88,24-06-2025,31003.44,No
ORD-01101,21-06-2025,CUST-184,West,Maharashtra,SKU-013,Yoga Mat,Sports,30,2445.11,30-06-2025,73353.3,No
ORD-01102,21-06-2025,CUST-188,West,Madhya Pradesh,SKU-014,Cricket Bat,Sports,8,1833.14,29-06-2025,14665.12,No
ORD-01103,22-06-2025,CUST-189,South,Karnataka,SKU-001,Wireless Mouse,Electronics,38,2055.9,25-06-2025,78124.2,No
ORD-01104,22-06-2025,CUST-183,South,Karnataka,SKU-003,USB-C Charger,Electronics,41,2555.22,27-06-2025,104764.02,No
ORD-01105,22-06-2025,CUST-111,East,Bihar,SKU-004,Cotton T-Shirt,Apparel,8,850.8,28-06-2025,6806.4,No
ORD-01106,22-06-2025,CUST-102,North,Punjab,SKU-006,Running Shoes,Apparel,8,183.06,01-07-2025,1464.48,Yes
ORD-01107,22-06-2025,CUST-160,North,Rajasthan,SKU-007,Non-stick Pan,Home & Kitchen,18,2108.56,02-07-2025,37954.08,No
ORD-01108,22-06-2025,CUST-106,East,West Bengal,SKU-010,Basmati Rice 5kg,Groceries,55,689,01-07-2025,37895,Yes
ORD-01109,22-06-2025,CUST-163,East,Jharkhand,SKU-011,Cooking Oil 1L,Groceries,24,1064.79,01-07-2025,25554.96,Yes
ORD-01110,22-06-2025,CUST-162,West,Maharashtra,SKU-012,Green Tea Pack,Groceries,15,815.88,01-07-2025,12238.2,Yes
ORD-01111,22-06-2025,CUST-170,North,Punjab,SKU-013,Yoga Mat,Sports,27,2445.11,30-06-2025,66017.97,No
ORD-01112,22-06-2025,CUST-160,North,Delhi,SKU-014,Cricket Bat,Sports,6,1833.14,01-07-2025,10998.84,No
ORD-01113,23-06-2025,CUST-192,South,Tamil Nadu,SKU-002,Bluetooth Speaker,Electronics,17,1695.1,30-06-2025,28816.7,Yes
ORD-01114,23-06-2025,CUST-175,East,Odisha,SKU-004,Cotton T-Shirt,Apparel,13,850.8,29-06-2025,11060.4,No
ORD-01115,23-06-2025,CUST-160,South,Tamil Nadu,SKU-011,Cooking Oil 1L,Groceries,11,1064.79,01-07-2025,11712.69,No
ORD-01116,23-06-2025,CUST-185,West,Gujarat,SKU-013,Yoga Mat,Sports,36,2445.11,27-06-2025,88023.96,No
ORD-01117,23-06-2025,CUST-153,West,Maharashtra,SKU-014,Cricket Bat,Sports,7,1833.14,27-06-2025,12831.98,No
ORD-01118,23-06-2025,CUST-171,North,Punjab,SKU-015,Football,Sports,13,1952.28,29-06-2025,25379.64,No
ORD-01119,24-06-2025,CUST-164,North,Punjab,SKU-002,Bluetooth Speaker,Electronics,16,1695.1,29-06-2025,27121.6,No
ORD-01120,24-06-2025,CUST-179,South,Kerala,SKU-004,Cotton T-Shirt,Apparel,21,850.8,28-06-2025,17866.8,No
ORD-01121,24-06-2025,CUST-145,North,Delhi,SKU-005,Denim Jacket,Apparel,28,1110.65,02-07-2025,31098.2,Yes
ORD-01122,24-06-2025,CUST-156,West,Goa,SKU-012,Green Tea Pack,Groceries,33,815.88,27-06-2025,26924.04,No
ORD-01123,25-06-2025,CUST-180,North,Uttar Pradesh,SKU-004,Cotton T-Shirt,Apparel,8,850.8,30-06-2025,6806.4,No
ORD-01124,25-06-2025,CUST-190,West,Gujarat,SKU-007,Non-stick Pan,Home & Kitchen,11,2108.56,02-07-2025,23194.16,No
ORD-01125,25-06-2025,CUST-125,West,Goa,SKU-011,Cooking Oil 1L,Groceries,22,1064.79,29-06-2025,23425.38,No
ORD-01126,25-06-2025,CUST-143,East,West Bengal,SKU-014,Cricket Bat,Sports,9,1833.14,05-07-2025,16498.26,No
ORD-01127,26-06-2025,CUST-180,South,Tamil Nadu,SKU-001,Wireless Mouse,Electronics,20,2055.9,04-07-2025,41118,No
ORD-01128,26-06-2025,CUST-129,South,Tamil Nadu,SKU-002,Bluetooth Speaker,Electronics,24,1695.1,05-07-2025,40682.4,No
ORD-01129,26-06-2025,CUST-103,West,Gujarat,SKU-004,Cotton T-Shirt,Apparel,9,850.8,04-07-2025,7657.2,No
ORD-01130,26-06-2025,CUST-191,North,Haryana,SKU-005,Denim Jacket,Apparel,33,1110.65,29-06-2025,36651.45,No
ORD-01131,26-06-2025,CUST-155,North,Rajasthan,SKU-006,Running Shoes,Apparel,8,183.06,01-07-2025,1464.48,No
ORD-01132,26-06-2025,CUST-184,South,Telangana,SKU-007,Non-stick Pan,Home & Kitchen,26,2108.56,29-06-2025,54822.56,No
ORD-01133,26-06-2025,CUST-153,West,Goa,SKU-009,LED Lamp,Home & Kitchen,12,1646.8,03-07-2025,19761.6,No
ORD-01134,26-06-2025,CUST-101,East,West Bengal,SKU-014,Cricket Bat,Sports,4,1833.14,04-07-2025,7332.56,No
ORD-01135,27-06-2025,CUST-189,East,West Bengal,SKU-002,Bluetooth Speaker,Electronics,10,1695.1,07-07-2025,16951,No
ORD-01136,27-06-2025,CUST-138,North,Uttar Pradesh,SKU-005,Denim Jacket,Apparel,35,1110.65,03-07-2025,38872.75,No
ORD-01137,27-06-2025,CUST-166,East,Odisha,SKU-006,Running Shoes,Apparel,10,183.06,02-07-2025,1830.6,Yes
ORD-01138,27-06-2025,CUST-166,East,Bihar,SKU-007,Non-stick Pan,Home & Kitchen,20,2108.56,04-07-2025,42171.2,Yes
ORD-01139,27-06-2025,CUST-130,East,Odisha,SKU-009,LED Lamp,Home & Kitchen,31,1646.8,04-07-2025,51050.8,No
ORD-01140,27-06-2025,CUST-147,East,Bihar,SKU-012,Green Tea Pack,Groceries,29,815.88,30-06-2025,23660.52,No
ORD-01141,27-06-2025,CUST-157,East,Bihar,SKU-014,Cricket Bat,Sports,9,1833.14,01-07-2025,16498.26,No
ORD-01142,28-06-2025,CUST-130,South,Kerala,SKU-001,Wireless Mouse,Electronics,38,2055.9,06-07-2025,78124.2,No
ORD-01143,28-06-2025,CUST-191,West,Madhya Pradesh,SKU-002,Bluetooth Speaker,Electronics,15,1695.1,03-07-2025,25426.5,No
ORD-01144,28-06-2025,CUST-166,South,Karnataka,SKU-004,Cotton T-Shirt,Apparel,22,850.8,06-07-2025,18717.6,No
ORD-01145,28-06-2025,CUST-110,North,Rajasthan,SKU-006,Running Shoes,Apparel,20,183.06,07-07-2025,3661.2,Yes
ORD-01146,28-06-2025,CUST-160,South,Telangana,SKU-007,Non-stick Pan,Home & Kitchen,18,2108.56,03-07-2025,37954.08,No
ORD-01147,28-06-2025,CUST-133,West,Goa,SKU-008,Air Fryer,Home & Kitchen,28,912.26,07-07-2025,25543.28,Yes
ORD-01148,28-06-2025,CUST-118,South,Andhra Pradesh,SKU-014,Cricket Bat,Sports,8,1833.14,03-07-2025,14665.12,No
ORD-01149,29-06-2025,CUST-177,West,Madhya Pradesh,SKU-007,Non-stick Pan,Home & Kitchen,17,2108.56,03-07-2025,35845.52,No
ORD-01150,29-06-2025,CUST-173,East,Odisha,SKU-008,Air Fryer,Home & Kitchen,55,912.26,07-07-2025,50174.3,No
ORD-01151,29-06-2025,CUST-138,East,Odisha,SKU-009,LED Lamp,Home & Kitchen,23,1646.8,07-07-2025,37876.4,Yes
ORD-01152,29-06-2025,CUST-106,East,Odisha,SKU-012,Green Tea Pack,Groceries,33,815.88,08-07-2025,26924.04,Yes
ORD-01153,29-06-2025,CUST-170,East,West Bengal,SKU-014,Cricket Bat,Sports,7,1833.14,03-07-2025,12831.98,No
ORD-01154,29-06-2025,CUST-153,West,Madhya Pradesh,SKU-015,Football,Sports,5,1952.28,02-07-2025,9761.4,No
ORD-01155,30-06-2025,CUST-111,West,Goa,SKU-011,Cooking Oil 1L,Groceries,13,1064.79,08-07-2025,13842.27,No
ORD-01156,30-06-2025,CUST-143,North,Rajasthan,SKU-012,Green Tea Pack,Groceries,32,815.88,09-07-2025,26108.16,Yes
ORD-01157,01-07-2025,CUST-172,South,Tamil Nadu,SKU-008,Air Fryer,Home & Kitchen,31,912.26,04-07-2025,28280.06,No
ORD-01158,01-07-2025,CUST-102,East,Bihar,SKU-011,Cooking Oil 1L,Groceries,35,1064.79,06-07-2025,37267.65,No
ORD-01159,01-07-2025,CUST-110,East,Bihar,SKU-013,Yoga Mat,Sports,20,2445.11,11-07-2025,48902.2,No
ORD-01160,01-07-2025,CUST-162,North,Punjab,SKU-014,Cricket Bat,Sports,2,1833.14,04-07-2025,3666.28,No
ORD-01161,01-07-2025,CUST-148,East,Odisha,SKU-015,Football,Sports,9,1952.28,09-07-2025,17570.52,No
ORD-01162,02-07-2025,CUST-169,South,Andhra Pradesh,SKU-001,Wireless Mouse,Electronics,35,2055.9,06-07-2025,71956.5,No
ORD-01163,02-07-2025,CUST-139,West,Goa,SKU-002,Bluetooth Speaker,Electronics,21,1695.1,07-07-2025,35597.1,No
ORD-01164,02-07-2025,CUST-123,North,Haryana,SKU-004,Cotton T-Shirt,Apparel,21,850.8,10-07-2025,17866.8,No
ORD-01165,02-07-2025,CUST-133,West,Gujarat,SKU-006,Running Shoes,Apparel,16,183.06,10-07-2025,2928.96,Yes
ORD-01166,02-07-2025,CUST-196,South,Tamil Nadu,SKU-009,LED Lamp,Home & Kitchen,21,1646.8,08-07-2025,34582.8,Yes
ORD-01167,02-07-2025,CUST-170,West,Goa,SKU-012,Green Tea Pack,Groceries,28,815.88,12-07-2025,22844.64,Yes
ORD-01168,02-07-2025,CUST-152,South,Andhra Pradesh,SKU-013,Yoga Mat,Sports,28,2445.11,05-07-2025,68463.08,No
ORD-01169,02-07-2025,CUST-131,South,Tamil Nadu,SKU-015,Football,Sports,5,1952.28,06-07-2025,9761.4,No
ORD-01170,03-07-2025,CUST-157,North,Haryana,SKU-001,Wireless Mouse,Electronics,28,2055.9,12-07-2025,57565.2,No
ORD-01171,03-07-2025,CUST-168,West,Gujarat,SKU-005,Denim Jacket,Apparel,21,1110.65,09-07-2025,23323.65,Yes
ORD-01172,03-07-2025,CUST-179,East,Jharkhand,SKU-008,Air Fryer,Home & Kitchen,38,912.26,13-07-2025,34665.88,No
ORD-01173,03-07-2025,CUST-176,East,West Bengal,SKU-010,Basmati Rice 5kg,Groceries,66,689,10-07-2025,45474,No
ORD-01174,03-07-2025,CUST-180,South,Karnataka,SKU-012,Green Tea Pack,Groceries,33,815.88,11-07-2025,26924.04,No
ORD-01175,03-07-2025,CUST-111,West,Gujarat,SKU-015,Football,Sports,8,1952.28,10-07-2025,15618.24,No
ORD-01176,04-07-2025,CUST-187,East,Jharkhand,SKU-006,Running Shoes,Apparel,7,183.06,12-07-2025,1281.42,No
ORD-01177,04-07-2025,CUST-158,East,Jharkhand,SKU-010,Basmati Rice 5kg,Groceries,32,689,10-07-2025,22048,No
ORD-01178,04-07-2025,CUST-182,North,Rajasthan,SKU-011,Cooking Oil 1L,Groceries,28,1064.79,09-07-2025,29814.12,No
ORD-01179,04-07-2025,CUST-197,West,Goa,SKU-013,Yoga Mat,Sports,31,2445.11,14-07-2025,75798.41,No
ORD-01180,05-07-2025,CUST-185,West,Madhya Pradesh,SKU-002,Bluetooth Speaker,Electronics,17,1695.1,08-07-2025,28816.7,No
ORD-01181,05-07-2025,CUST-149,South,Kerala,SKU-004,Cotton T-Shirt,Apparel,17,850.8,13-07-2025,14463.6,No
ORD-01182,05-07-2025,CUST-124,West,Maharashtra,SKU-008,Air Fryer,Home & Kitchen,16,912.26,13-07-2025,14596.16,No
ORD-01183,05-07-2025,CUST-124,North,Delhi,SKU-009,LED Lamp,Home & Kitchen,19,1646.8,13-07-2025,31289.2,Yes
ORD-01184,05-07-2025,CUST-146,North,Haryana,SKU-013,Yoga Mat,Sports,11,2445.11,15-07-2025,26896.21,No
ORD-01185,05-07-2025,CUST-100,South,Kerala,SKU-014,Cricket Bat,Sports,9,1833.14,11-07-2025,16498.26,No
ORD-01186,06-07-2025,CUST-172,West,Maharashtra,SKU-002,Bluetooth Speaker,Electronics,12,1695.1,13-07-2025,20341.2,No
ORD-01187,06-07-2025,CUST-108,South,Telangana,SKU-003,USB-C Charger,Electronics,42,2555.22,11-07-2025,107319.24,No
ORD-01188,06-07-2025,CUST-166,East,Bihar,SKU-005,Denim Jacket,Apparel,42,1110.65,12-07-2025,46647.3,No
ORD-01189,06-07-2025,CUST-187,West,Goa,SKU-006,Running Shoes,Apparel,7,183.06,13-07-2025,1281.42,Yes
ORD-01190,06-07-2025,CUST-182,North,Punjab,SKU-007,Non-stick Pan,Home & Kitchen,1,2108.56,15-07-2025,2108.56,Yes
ORD-01191,06-07-2025,CUST-187,West,Madhya Pradesh,SKU-009,LED Lamp,Home & Kitchen,23,1646.8,10-07-2025,37876.4,No
ORD-01192,06-07-2025,CUST-106,East,Bihar,SKU-012,Green Tea Pack,Groceries,18,815.88,12-07-2025,14685.84,Yes
ORD-01193,06-07-2025,CUST-194,South,Karnataka,SKU-015,Football,Sports,6,1952.28,09-07-2025,11713.68,No
ORD-01194,07-07-2025,CUST-131,South,Tamil Nadu,SKU-002,Bluetooth Speaker,Electronics,20,1695.1,11-07-2025,33902,No
ORD-01195,07-07-2025,CUST-103,West,Maharashtra,SKU-003,USB-C Charger,Electronics,29,2555.22,11-07-2025,74101.38,No
ORD-01196,07-07-2025,CUST-175,East,Jharkhand,SKU-004,Cotton T-Shirt,Apparel,20,850.8,10-07-2025,17016,No
ORD-01197,07-07-2025,CUST-142,South,Andhra Pradesh,SKU-006,Running Shoes,Apparel,2,183.06,10-07-2025,366.12,No
ORD-01198,07-07-2025,CUST-104,West,Gujarat,SKU-013,Yoga Mat,Sports,29,2445.11,10-07-2025,70908.19,No
ORD-01199,07-07-2025,CUST-107,West,Madhya Pradesh,SKU-014,Cricket Bat,Sports,7,1833.14,12-07-2025,12831.98,No
ORD-01200,07-07-2025,CUST-108,North,Uttar Pradesh,SKU-015,Football,Sports,8,1952.28,16-07-2025,15618.24,No
ORD-01201,08-07-2025,CUST-129,North,Delhi,SKU-003,USB-C Charger,Electronics,31,2555.22,17-07-2025,79211.82,Yes
ORD-01202,08-07-2025,CUST-143,North,Rajasthan,SKU-006,Running Shoes,Apparel,15,183.06,12-07-2025,2745.9,No
ORD-01203,08-07-2025,CUST-175,South,Telangana,SKU-008,Air Fryer,Home & Kitchen,42,912.26,12-07-2025,38314.92,No
ORD-01204,08-07-2025,CUST-145,West,Maharashtra,SKU-010,Basmati Rice 5kg,Groceries,44,689,15-07-2025,30316,Yes
ORD-01205,08-07-2025,CUST-139,West,Goa,SKU-013,Yoga Mat,Sports,27,2445.11,13-07-2025,66017.97,No
ORD-01206,09-07-2025,CUST-118,West,Goa,SKU-001,Wireless Mouse,Electronics,36,2055.9,14-07-2025,74012.4,No
ORD-01207,09-07-2025,CUST-166,South,Karnataka,SKU-002,Bluetooth Speaker,Electronics,14,1695.1,12-07-2025,23731.4,No
ORD-01208,09-07-2025,CUST-154,East,Jharkhand,SKU-003,USB-C Charger,Electronics,45,2555.22,12-07-2025,114984.9,No
ORD-01209,09-07-2025,CUST-143,South,Andhra Pradesh,SKU-004,Cotton T-Shirt,Apparel,17,850.8,13-07-2025,14463.6,No
ORD-01210,09-07-2025,CUST-178,East,Odisha,SKU-009,LED Lamp,Home & Kitchen,33,1646.8,17-07-2025,54344.4,No
ORD-01211,09-07-2025,CUST-163,South,Kerala,SKU-010,Basmati Rice 5kg,Groceries,46,689,12-07-2025,31694,No
ORD-01212,09-07-2025,CUST-194,East,Jharkhand,SKU-015,Football,Sports,11,1952.28,19-07-2025,21475.08,No
ORD-01213,10-07-2025,CUST-146,North,Haryana,SKU-002,Bluetooth Speaker,Electronics,8,1695.1,13-07-2025,13560.8,No
ORD-01214,10-07-2025,CUST-171,North,Rajasthan,SKU-003,USB-C Charger,Electronics,49,2555.22,13-07-2025,125205.78,No
ORD-01215,10-07-2025,CUST-105,North,Haryana,SKU-004,Cotton T-Shirt,Apparel,7,850.8,18-07-2025,5955.6,No
ORD-01216,10-07-2025,CUST-122,South,Karnataka,SKU-005,Denim Jacket,Apparel,32,1110.65,17-07-2025,35540.8,No
ORD-01217,10-07-2025,CUST-122,East,Bihar,SKU-008,Air Fryer,Home & Kitchen,32,912.26,13-07-2025,29192.32,No
ORD-01218,10-07-2025,CUST-148,North,Uttar Pradesh,SKU-010,Basmati Rice 5kg,Groceries,35,689,15-07-2025,24115,No
ORD-01219,10-07-2025,CUST-147,South,Telangana,SKU-011,Cooking Oil 1L,Groceries,42,1064.79,18-07-2025,44721.18,Yes
ORD-01220,11-07-2025,CUST-116,South,Kerala,SKU-002,Bluetooth Speaker,Electronics,23,1695.1,16-07-2025,38987.3,No
ORD-01221,11-07-2025,CUST-181,South,Karnataka,SKU-003,USB-C Charger,Electronics,27,2555.22,20-07-2025,68990.94,No
ORD-01222,11-07-2025,CUST-141,South,Kerala,SKU-008,Air Fryer,Home & Kitchen,49,912.26,16-07-2025,44700.74,No
ORD-01223,11-07-2025,CUST-126,North,Delhi,SKU-009,LED Lamp,Home & Kitchen,23,1646.8,21-07-2025,37876.4,Yes
ORD-01224,11-07-2025,CUST-196,East,Bihar,SKU-013,Yoga Mat,Sports,8,2445.11,20-07-2025,19560.88,No
ORD-01225,12-07-2025,CUST-160,East,Jharkhand,SKU-001,Wireless Mouse,Electronics,21,2055.9,22-07-2025,43173.9,No
ORD-01226,12-07-2025,CUST-157,South,Karnataka,SKU-006,Running Shoes,Apparel,19,183.06,18-07-2025,3478.14,No
ORD-01227,12-07-2025,CUST-147,East,Odisha,SKU-007,Non-stick Pan,Home & Kitchen,10,2108.56,17-07-2025,21085.6,No
ORD-01228,12-07-2025,CUST-137,West,Goa,SKU-009,LED Lamp,Home & Kitchen,32,1646.8,16-07-2025,52697.6,No
ORD-01229,12-07-2025,CUST-154,West,Maharashtra,SKU-011,Cooking Oil 1L,Groceries,54,1064.79,20-07-2025,57498.66,Yes
ORD-01230,12-07-2025,CUST-140,East,Odisha,SKU-013,Yoga Mat,Sports,28,2445.11,22-07-2025,68463.08,No
ORD-01231,12-07-2025,CUST-145,North,Rajasthan,SKU-014,Cricket Bat,Sports,7,1833.14,16-07-2025,12831.98,No
ORD-01232,12-07-2025,CUST-135,South,Tamil Nadu,SKU-015,Football,Sports,11,1952.28,16-07-2025,21475.08,No
ORD-01233,13-07-2025,CUST-142,South,Karnataka,SKU-001,Wireless Mouse,Electronics,36,2055.9,19-07-2025,74012.4,No
ORD-01234,13-07-2025,CUST-124,South,Karnataka,SKU-003,USB-C Charger,Electronics,37,2555.22,20-07-2025,94543.14,No
ORD-01235,13-07-2025,CUST-151,North,Punjab,SKU-008,Air Fryer,Home & Kitchen,32,912.26,22-07-2025,29192.32,No
ORD-01236,13-07-2025,CUST-129,South,Tamil Nadu,SKU-012,Green Tea Pack,Groceries,42,815.88,22-07-2025,34266.96,Yes
ORD-01237,13-07-2025,CUST-192,West,Madhya Pradesh,SKU-014,Cricket Bat,Sports,6,1833.14,23-07-2025,10998.84,No
ORD-01238,13-07-2025,CUST-140,South,Karnataka,SKU-015,Football,Sports,13,1952.28,17-07-2025,25379.64,No
ORD-01239,14-07-2025,CUST-157,North,Delhi,SKU-001,Wireless Mouse,Electronics,44,2055.9,24-07-2025,90459.6,No
ORD-01240,14-07-2025,CUST-139,North,Uttar Pradesh,SKU-002,Bluetooth Speaker,Electronics,15,1695.1,19-07-2025,25426.5,No
ORD-01241,14-07-2025,CUST-197,East,West Bengal,SKU-005,Denim Jacket,Apparel,29,1110.65,23-07-2025,32208.85,No
ORD-01242,14-07-2025,CUST-172,North,Uttar Pradesh,SKU-006,Running Shoes,Apparel,19,183.06,17-07-2025,3478.14,No
ORD-01243,14-07-2025,CUST-148,South,Karnataka,SKU-008,Air Fryer,Home & Kitchen,52,912.26,23-07-2025,47437.52,No
ORD-01244,14-07-2025,CUST-124,West,Gujarat,SKU-010,Basmati Rice 5kg,Groceries,34,689,23-07-2025,23426,Yes
ORD-01245,14-07-2025,CUST-111,South,Andhra Pradesh,SKU-011,Cooking Oil 1L,Groceries,25,1064.79,21-07-2025,26619.75,Yes
ORD-01246,14-07-2025,CUST-104,West,Gujarat,SKU-012,Green Tea Pack,Groceries,22,815.88,19-07-2025,17949.36,No
ORD-01247,14-07-2025,CUST-136,South,Telangana,SKU-013,Yoga Mat,Sports,32,2445.11,23-07-2025,78243.52,No
ORD-01248,14-07-2025,CUST-158,North,Delhi,SKU-014,Cricket Bat,Sports,11,1833.14,18-07-2025,20164.54,No
ORD-01249,14-07-2025,CUST-150,South,Kerala,SKU-015,Football,Sports,11,1952.28,23-07-2025,21475.08,No
ORD-01250,15-07-2025,CUST-161,North,Rajasthan,SKU-002,Bluetooth Speaker,Electronics,17,1695.1,24-07-2025,28816.7,No
ORD-01251,15-07-2025,CUST-139,West,Madhya Pradesh,SKU-003,USB-C Charger,Electronics,42,2555.22,21-07-2025,107319.24,No
ORD-01252,15-07-2025,CUST-175,South,Kerala,SKU-006,Running Shoes,Apparel,12,183.06,22-07-2025,2196.72,No
ORD-01253,15-07-2025,CUST-151,South,Karnataka,SKU-009,LED Lamp,Home & Kitchen,23,1646.8,19-07-2025,37876.4,No
ORD-01254,16-07-2025,CUST-144,East,Jharkhand,SKU-001,Wireless Mouse,Electronics,33,2055.9,26-07-2025,67844.7,No
ORD-01255,16-07-2025,CUST-131,South,Karnataka,SKU-002,Bluetooth Speaker,Electronics,22,1695.1,25-07-2025,37292.2,Yes
ORD-01256,16-07-2025,CUST-150,North,Punjab,SKU-007,Non-stick Pan,Home & Kitchen,5,2108.56,20-07-2025,10542.8,No
ORD-01257,16-07-2025,CUST-185,North,Uttar Pradesh,SKU-008,Air Fryer,Home & Kitchen,48,912.26,23-07-2025,43788.48,No
ORD-01258,16-07-2025,CUST-152,North,Rajasthan,SKU-011,Cooking Oil 1L,Groceries,31,1064.79,26-07-2025,33008.49,Yes
ORD-01259,16-07-2025,CUST-152,West,Maharashtra,SKU-013,Yoga Mat,Sports,38,2445.11,24-07-2025,92914.18,No
ORD-01260,16-07-2025,CUST-164,North,Haryana,SKU-014,Cricket Bat,Sports,8,1833.14,22-07-2025,14665.12,No
ORD-01261,17-07-2025,CUST-143,West,Maharashtra,SKU-001,Wireless Mouse,Electronics,27,2055.9,26-07-2025,55509.3,No
ORD-01262,17-07-2025,CUST-132,North,Uttar Pradesh,SKU-003,USB-C Charger,Electronics,16,2555.22,20-07-2025,40883.52,No
ORD-01263,17-07-2025,CUST-108,North,Punjab,SKU-005,Denim Jacket,Apparel,22,1110.65,27-07-2025,24434.3,Yes
ORD-01264,17-07-2025,CUST-117,West,Goa,SKU-007,Non-stick Pan,Home & Kitchen,9,2108.56,27-07-2025,18977.04,Yes
ORD-01265,17-07-2025,CUST-115,West,Madhya Pradesh,SKU-010,Basmati Rice 5kg,Groceries,44,689,24-07-2025,30316,Yes
ORD-01266,17-07-2025,CUST-186,East,Odisha,SKU-011,Cooking Oil 1L,Groceries,39,1064.79,20-07-2025,41526.81,No
ORD-01267,17-07-2025,CUST-186,South,Kerala,SKU-012,Green Tea Pack,Groceries,22,815.88,20-07-2025,17949.36,No
ORD-01268,17-07-2025,CUST-181,North,Rajasthan,SKU-013,Yoga Mat,Sports,30,2445.11,20-07-2025,73353.3,No
ORD-01269,17-07-2025,CUST-106,West,Gujarat,SKU-014,Cricket Bat,Sports,6,1833.14,20-07-2025,10998.84,No
ORD-01270,18-07-2025,CUST-125,North,Uttar Pradesh,SKU-002,Bluetooth Speaker,Electronics,19,1695.1,24-07-2025,32206.9,No
ORD-01271,18-07-2025,CUST-187,North,Haryana,SKU-003,USB-C Charger,Electronics,37,2555.22,24-07-2025,94543.14,No
ORD-01272,18-07-2025,CUST-185,South,Karnataka,SKU-004,Cotton T-Shirt,Apparel,14,850.8,22-07-2025,11911.2,No
ORD-01273,18-07-2025,CUST-171,South,Telangana,SKU-006,Running Shoes,Apparel,5,183.06,26-07-2025,915.3,Yes
ORD-01274,18-07-2025,CUST-115,South,Andhra Pradesh,SKU-009,LED Lamp,Home & Kitchen,18,1646.8,27-07-2025,29642.4,No
ORD-01275,18-07-2025,CUST-183,East,Bihar,SKU-010,Basmati Rice 5kg,Groceries,33,689,27-07-2025,22737,No
ORD-01276,18-07-2025,CUST-158,South,Tamil Nadu,SKU-011,Cooking Oil 1L,Groceries,45,1064.79,24-07-2025,47915.55,No
ORD-01277,18-07-2025,CUST-105,North,Rajasthan,SKU-012,Green Tea Pack,Groceries,31,815.88,26-07-2025,25292.28,No
ORD-01278,18-07-2025,CUST-113,South,Andhra Pradesh,SKU-014,Cricket Bat,Sports,3,1833.14,28-07-2025,5499.42,No
ORD-01279,18-07-2025,CUST-186,South,Kerala,SKU-015,Football,Sports,11,1952.28,27-07-2025,21475.08,No
ORD-01280,19-07-2025,CUST-185,West,Madhya Pradesh,SKU-001,Wireless Mouse,Electronics,39,2055.9,27-07-2025,80180.1,No
ORD-01281,19-07-2025,CUST-148,South,Andhra Pradesh,SKU-002,Bluetooth Speaker,Electronics,30,1695.1,29-07-2025,50853,No
ORD-01282,19-07-2025,CUST-178,North,Haryana,SKU-005,Denim Jacket,Apparel,29,1110.65,22-07-2025,32208.85,No
ORD-01283,19-07-2025,CUST-107,South,Telangana,SKU-006,Running Shoes,Apparel,13,183.06,23-07-2025,2379.78,No
ORD-01284,19-07-2025,CUST-125,South,Telangana,SKU-007,Non-stick Pan,Home & Kitchen,6,2108.56,26-07-2025,12651.36,No
ORD-01285,19-07-2025,CUST-194,East,West Bengal,SKU-008,Air Fryer,Home & Kitchen,33,912.26,29-07-2025,30104.58,No
ORD-01286,19-07-2025,CUST-182,North,Uttar Pradesh,SKU-009,LED Lamp,Home & Kitchen,15,1646.8,27-07-2025,24702,No
ORD-01287,19-07-2025,CUST-143,South,Andhra Pradesh,SKU-013,Yoga Mat,Sports,43,2445.11,27-07-2025,105139.73,No
ORD-01288,19-07-2025,CUST-185,South,Tamil Nadu,SKU-014,Cricket Bat,Sports,7,1833.14,22-07-2025,12831.98,No
ORD-01289,20-07-2025,CUST-156,North,Haryana,SKU-002,Bluetooth Speaker,Electronics,22,1695.1,25-07-2025,37292.2,No
ORD-01290,20-07-2025,CUST-108,South,Tamil Nadu,SKU-003,USB-C Charger,Electronics,24,2555.22,30-07-2025,61325.28,No
ORD-01291,20-07-2025,CUST-111,South,Karnataka,SKU-004,Cotton T-Shirt,Apparel,25,850.8,25-07-2025,21270,No
ORD-01292,20-07-2025,CUST-154,West,Goa,SKU-008,Air Fryer,Home & Kitchen,38,912.26,24-07-2025,34665.88,No
ORD-01293,20-07-2025,CUST-177,South,Tamil Nadu,SKU-009,LED Lamp,Home & Kitchen,18,1646.8,25-07-2025,29642.4,No
ORD-01294,20-07-2025,CUST-181,South,Kerala,SKU-010,Basmati Rice 5kg,Groceries,28,689,30-07-2025,19292,Yes
ORD-01295,20-07-2025,CUST-150,West,Madhya Pradesh,SKU-011,Cooking Oil 1L,Groceries,39,1064.79,28-07-2025,41526.81,No
ORD-01296,20-07-2025,CUST-154,West,Maharashtra,SKU-012,Green Tea Pack,Groceries,22,815.88,30-07-2025,17949.36,Yes
ORD-01297,21-07-2025,CUST-176,South,Kerala,SKU-001,Wireless Mouse,Electronics,16,2055.9,28-07-2025,32894.4,No
ORD-01298,21-07-2025,CUST-159,East,Odisha,SKU-003,USB-C Charger,Electronics,52,2555.22,30-07-2025,132871.44,No
ORD-01299,21-07-2025,CUST-191,West,Goa,SKU-005,Denim Jacket,Apparel,24,1110.65,26-07-2025,26655.6,No
ORD-01300,21-07-2025,CUST-100,North,Uttar Pradesh,SKU-006,Running Shoes,Apparel,12,183.06,27-07-2025,2196.72,Yes
ORD-01301,21-07-2025,CUST-195,East,Jharkhand,SKU-009,LED Lamp,Home & Kitchen,13,1646.8,30-07-2025,21408.4,Yes
ORD-01302,21-07-2025,CUST-182,North,Delhi,SKU-010,Basmati Rice 5kg,Groceries,46,689,28-07-2025,31694,No
ORD-01303,21-07-2025,CUST-172,South,Tamil Nadu,SKU-011,Cooking Oil 1L,Groceries,68,1064.79,30-07-2025,72405.72,Yes
ORD-01304,21-07-2025,CUST-132,East,Odisha,SKU-012,Green Tea Pack,Groceries,31,815.88,30-07-2025,25292.28,Yes
ORD-01305,22-07-2025,CUST-189,South,Andhra Pradesh,SKU-005,Denim Jacket,Apparel,44,1110.65,25-07-2025,48868.6,No
ORD-01306,22-07-2025,CUST-187,South,Karnataka,SKU-006,Running Shoes,Apparel,15,183.06,01-08-2025,2745.9,No
ORD-01307,22-07-2025,CUST-101,North,Delhi,SKU-007,Non-stick Pan,Home & Kitchen,4,2108.56,27-07-2025,8434.24,No
ORD-01308,22-07-2025,CUST-166,South,Kerala,SKU-011,Cooking Oil 1L,Groceries,19,1064.79,26-07-2025,20231.01,No
ORD-01309,22-07-2025,CUST-175,East,Odisha,SKU-013,Yoga Mat,Sports,13,2445.11,31-07-2025,31786.43,No
ORD-01310,23-07-2025,CUST-118,East,Bihar,SKU-003,USB-C Charger,Electronics,44,2555.22,31-07-2025,112429.68,No
ORD-01311,23-07-2025,CUST-100,North,Rajasthan,SKU-006,Running Shoes,Apparel,9,183.06,02-08-2025,1647.54,No
ORD-01312,23-07-2025,CUST-167,West,Maharashtra,SKU-007,Non-stick Pan,Home & Kitchen,27,2108.56,01-08-2025,56931.12,No
ORD-01313,23-07-2025,CUST-162,South,Kerala,SKU-010,Basmati Rice 5kg,Groceries,23,689,29-07-2025,15847,No
ORD-01314,23-07-2025,CUST-123,South,Telangana,SKU-012,Green Tea Pack,Groceries,36,815.88,29-07-2025,29371.68,Yes
ORD-01315,23-07-2025,CUST-152,West,Gujarat,SKU-013,Yoga Mat,Sports,32,2445.11,30-07-2025,78243.52,No
ORD-01316,24-07-2025,CUST-110,West,Maharashtra,SKU-002,Bluetooth Speaker,Electronics,26,1695.1,31-07-2025,44072.6,Yes
ORD-01317,24-07-2025,CUST-161,West,Gujarat,SKU-003,USB-C Charger,Electronics,38,2555.22,30-07-2025,97098.36,No
ORD-01318,24-07-2025,CUST-134,North,Delhi,SKU-005,Denim Jacket,Apparel,28,1110.65,27-07-2025,31098.2,No
ORD-01319,24-07-2025,CUST-177,East,Jharkhand,SKU-008,Air Fryer,Home & Kitchen,46,912.26,02-08-2025,41963.96,No
ORD-01320,24-07-2025,CUST-143,East,West Bengal,SKU-011,Cooking Oil 1L,Groceries,61,1064.79,02-08-2025,64952.19,No
ORD-01321,24-07-2025,CUST-185,West,Goa,SKU-013,Yoga Mat,Sports,23,2445.11,01-08-2025,56237.53,No
ORD-01322,24-07-2025,CUST-145,East,Jharkhand,SKU-014,Cricket Bat,Sports,8,1833.14,27-07-2025,14665.12,No
ORD-01323,25-07-2025,CUST-103,North,Delhi,SKU-001,Wireless Mouse,Electronics,41,2055.9,30-07-2025,84291.9,No
ORD-01324,25-07-2025,CUST-147,West,Madhya Pradesh,SKU-003,USB-C Charger,Electronics,26,2555.22,31-07-2025,66435.72,Yes
ORD-01325,25-07-2025,CUST-102,East,Odisha,SKU-007,Non-stick Pan,Home & Kitchen,19,2108.56,02-08-2025,40062.64,No
ORD-01326,25-07-2025,CUST-151,North,Delhi,SKU-012,Green Tea Pack,Groceries,50,815.88,04-08-2025,40794,Yes
ORD-01327,25-07-2025,CUST-184,North,Punjab,SKU-013,Yoga Mat,Sports,45,2445.11,04-08-2025,110029.95,No
ORD-01328,25-07-2025,CUST-191,South,Karnataka,SKU-015,Football,Sports,6,1952.28,31-07-2025,11713.68,No
ORD-01329,26-07-2025,CUST-121,West,Madhya Pradesh,SKU-005,Denim Jacket,Apparel,23,1110.65,05-08-2025,25544.95,No
ORD-01330,26-07-2025,CUST-196,North,Punjab,SKU-009,LED Lamp,Home & Kitchen,19,1646.8,31-07-2025,31289.2,No
ORD-01331,26-07-2025,CUST-149,East,West Bengal,SKU-010,Basmati Rice 5kg,Groceries,41,689,03-08-2025,28249,Yes
ORD-01332,26-07-2025,CUST-185,West,Madhya Pradesh,SKU-011,Cooking Oil 1L,Groceries,38,1064.79,02-08-2025,40462.02,Yes
ORD-01333,27-07-2025,CUST-182,East,West Bengal,SKU-004,Cotton T-Shirt,Apparel,15,850.8,31-07-2025,12762,No
ORD-01334,27-07-2025,CUST-183,West,Goa,SKU-005,Denim Jacket,Apparel,39,1110.65,05-08-2025,43315.35,No
ORD-01335,27-07-2025,CUST-143,South,Karnataka,SKU-007,Non-stick Pan,Home & Kitchen,15,2108.56,31-07-2025,31628.4,Yes
ORD-01336,27-07-2025,CUST-116,East,Bihar,SKU-009,LED Lamp,Home & Kitchen,21,1646.8,04-08-2025,34582.8,No
ORD-01337,27-07-2025,CUST-154,East,West Bengal,SKU-012,Green Tea Pack,Groceries,36,815.88,05-08-2025,29371.68,No
ORD-01338,28-07-2025,CUST-113,West,Gujarat,SKU-001,Wireless Mouse,Electronics,39,2055.9,03-08-2025,80180.1,No
ORD-01339,28-07-2025,CUST-128,West,Goa,SKU-002,Bluetooth Speaker,Electronics,20,1695.1,04-08-2025,33902,No
ORD-01340,28-07-2025,CUST-118,North,Delhi,SKU-004,Cotton T-Shirt,Apparel,10,850.8,04-08-2025,8508,Yes
ORD-01341,28-07-2025,CUST-180,South,Andhra Pradesh,SKU-006,Running Shoes,Apparel,16,183.06,07-08-2025,2928.96,Yes
ORD-01342,28-07-2025,CUST-119,South,Kerala,SKU-009,LED Lamp,Home & Kitchen,19,1646.8,05-08-2025,31289.2,No
ORD-01343,28-07-2025,CUST-162,West,Gujarat,SKU-012,Green Tea Pack,Groceries,24,815.88,02-08-2025,19581.12,No
ORD-01344,28-07-2025,CUST-102,West,Gujarat,SKU-013,Yoga Mat,Sports,5,2445.11,02-08-2025,12225.55,No
ORD-01345,28-07-2025,CUST-150,North,Haryana,SKU-014,Cricket Bat,Sports,3,1833.14,06-08-2025,5499.42,No
ORD-01346,29-07-2025,CUST-189,West,Madhya Pradesh,SKU-001,Wireless Mouse,Electronics,1,2055.9,04-08-2025,2055.9,No
ORD-01347,29-07-2025,CUST-190,East,Bihar,SKU-002,Bluetooth Speaker,Electronics,12,1695.1,01-08-2025,20341.2,No
ORD-01348,29-07-2025,CUST-156,West,Maharashtra,SKU-004,Cotton T-Shirt,Apparel,21,850.8,03-08-2025,17866.8,No
ORD-01349,29-07-2025,CUST-194,North,Punjab,SKU-005,Denim Jacket,Apparel,31,1110.65,04-08-2025,34430.15,No
ORD-01350,29-07-2025,CUST-186,South,Andhra Pradesh,SKU-006,Running Shoes,Apparel,16,183.06,02-08-2025,2928.96,No
ORD-01351,29-07-2025,CUST-107,North,Delhi,SKU-007,Non-stick Pan,Home & Kitchen,21,2108.56,03-08-2025,44279.76,No
ORD-01352,29-07-2025,CUST-122,North,Delhi,SKU-008,Air Fryer,Home & Kitchen,38,912.26,08-08-2025,34665.88,No
ORD-01353,29-07-2025,CUST-119,West,Madhya Pradesh,SKU-009,LED Lamp,Home & Kitchen,13,1646.8,07-08-2025,21408.4,No
ORD-01354,29-07-2025,CUST-130,West,Maharashtra,SKU-010,Basmati Rice 5kg,Groceries,37,689,02-08-2025,25493,No
ORD-01355,29-07-2025,CUST-199,West,Gujarat,SKU-015,Football,Sports,7,1952.28,02-08-2025,13665.96,No
ORD-01356,30-07-2025,CUST-147,North,Uttar Pradesh,SKU-003,USB-C Charger,Electronics,15,2555.22,09-08-2025,38328.3,Yes
ORD-01357,30-07-2025,CUST-102,West,Goa,SKU-004,Cotton T-Shirt,Apparel,18,850.8,05-08-2025,15314.4,No
ORD-01358,30-07-2025,CUST-175,South,Tamil Nadu,SKU-005,Denim Jacket,Apparel,32,1110.65,03-08-2025,35540.8,No
ORD-01359,30-07-2025,CUST-173,South,Tamil Nadu,SKU-006,Running Shoes,Apparel,21,183.06,06-08-2025,3844.26,Yes
ORD-01360,30-07-2025,CUST-191,South,Kerala,SKU-007,Non-stick Pan,Home & Kitchen,13,2108.56,03-08-2025,27411.28,No
ORD-01361,30-07-2025,CUST-108,North,Punjab,SKU-008,Air Fryer,Home & Kitchen,36,912.26,09-08-2025,32841.36,No
ORD-01362,30-07-2025,CUST-123,South,Andhra Pradesh,SKU-010,Basmati Rice 5kg,Groceries,25,689,03-08-2025,17225,No
ORD-01363,30-07-2025,CUST-116,South,Andhra Pradesh,SKU-011,Cooking Oil 1L,Groceries,27,1064.79,02-08-2025,28749.33,No
ORD-01364,30-07-2025,CUST-196,North,Punjab,SKU-013,Yoga Mat,Sports,28,2445.11,06-08-2025,68463.08,No
ORD-01365,30-07-2025,CUST-154,North,Delhi,SKU-014,Cricket Bat,Sports,7,1833.14,04-08-2025,12831.98,No
ORD-01366,30-07-2025,CUST-166,East,Bihar,SKU-015,Football,Sports,10,1952.28,02-08-2025,19522.8,No
ORD-01367,31-07-2025,CUST-177,South,Telangana,SKU-002,Bluetooth Speaker,Electronics,9,1695.1,08-08-2025,15255.9,No
ORD-01368,31-07-2025,CUST-124,South,Karnataka,SKU-005,Denim Jacket,Apparel,20,1110.65,03-08-2025,22213,No
ORD-01369,31-07-2025,CUST-175,East,West Bengal,SKU-006,Running Shoes,Apparel,20,183.06,06-08-2025,3661.2,No
ORD-01370,31-07-2025,CUST-109,East,Bihar,SKU-007,Non-stick Pan,Home & Kitchen,3,2108.56,09-08-2025,6325.68,No
ORD-01371,31-07-2025,CUST-110,East,Odisha,SKU-008,Air Fryer,Home & Kitchen,35,912.26,10-08-2025,31929.1,Yes
ORD-01372,31-07-2025,CUST-109,East,Odisha,SKU-011,Cooking Oil 1L,Groceries,32,1064.79,06-08-2025,34073.28,No
ORD-01373,31-07-2025,CUST-153,South,Karnataka,SKU-014,Cricket Bat,Sports,4,1833.14,05-08-2025,7332.56,No
ORD-01374,31-07-2025,CUST-148,North,Delhi,SKU-015,Football,Sports,12,1952.28,09-08-2025,23427.36,No
ORD-01375,01-08-2025,CUST-108,East,Odisha,SKU-002,Bluetooth Speaker,Electronics,16,1695.1,10-08-2025,27121.6,Yes
ORD-01376,01-08-2025,CUST-199,East,West Bengal,SKU-004,Cotton T-Shirt,Apparel,19,850.8,09-08-2025,16165.2,Yes
ORD-01377,01-08-2025,CUST-148,South,Andhra Pradesh,SKU-005,Denim Jacket,Apparel,29,1110.65,05-08-2025,32208.85,No
ORD-01378,01-08-2025,CUST-115,South,Telangana,SKU-006,Running Shoes,Apparel,10,183.06,05-08-2025,1830.6,No
ORD-01379,01-08-2025,CUST-170,East,Bihar,SKU-011,Cooking Oil 1L,Groceries,28,1064.79,08-08-2025,29814.12,Yes
ORD-01380,01-08-2025,CUST-123,East,Odisha,SKU-014,Cricket Bat,Sports,8,1833.14,10-08-2025,14665.12,No
ORD-01381,02-08-2025,CUST-184,South,Kerala,SKU-005,Denim Jacket,Apparel,21,1110.65,07-08-2025,23323.65,Yes
ORD-01382,02-08-2025,CUST-106,East,Bihar,SKU-006,Running Shoes,Apparel,12,183.06,09-08-2025,2196.72,No
ORD-01383,02-08-2025,CUST-156,East,Bihar,SKU-008,Air Fryer,Home & Kitchen,23,912.26,07-08-2025,20981.98,No
ORD-01384,02-08-2025,CUST-166,South,Kerala,SKU-011,Cooking Oil 1L,Groceries,25,1064.79,11-08-2025,26619.75,No
ORD-01385,02-08-2025,CUST-198,East,Jharkhand,SKU-012,Green Tea Pack,Groceries,40,815.88,11-08-2025,32635.2,Yes
ORD-01386,02-08-2025,CUST-111,South,Telangana,SKU-015,Football,Sports,3,1952.28,08-08-2025,5856.84,No
ORD-01387,03-08-2025,CUST-154,South,Andhra Pradesh,SKU-002,Bluetooth Speaker,Electronics,14,1695.1,06-08-2025,23731.4,No
ORD-01388,03-08-2025,CUST-195,North,Delhi,SKU-008,Air Fryer,Home & Kitchen,71,912.26,09-08-2025,64770.46,No
ORD-01389,03-08-2025,CUST-177,West,Madhya Pradesh,SKU-012,Green Tea Pack,Groceries,24,815.88,06-08-2025,19581.12,No
ORD-01390,04-08-2025,CUST-146,South,Andhra Pradesh,SKU-002,Bluetooth Speaker,Electronics,2,1695.1,08-08-2025,3390.2,No
ORD-01391,04-08-2025,CUST-143,South,Kerala,SKU-005,Denim Jacket,Apparel,20,1110.65,08-08-2025,22213,No
ORD-01392,04-08-2025,CUST-137,East,Bihar,SKU-009,LED Lamp,Home & Kitchen,24,1646.8,14-08-2025,39523.2,No
ORD-01393,04-08-2025,CUST-139,North,Rajasthan,SKU-010,Basmati Rice 5kg,Groceries,37,689,10-08-2025,25493,No
ORD-01394,04-08-2025,CUST-178,West,Madhya Pradesh,SKU-014,Cricket Bat,Sports,3,1833.14,07-08-2025,5499.42,No
ORD-01395,04-08-2025,CUST-151,East,Odisha,SKU-015,Football,Sports,8,1952.28,09-08-2025,15618.24,No
ORD-01396,05-08-2025,CUST-162,South,Karnataka,SKU-001,Wireless Mouse,Electronics,34,2055.9,14-08-2025,69900.6,Yes
ORD-01397,05-08-2025,CUST-162,North,Delhi,SKU-002,Bluetooth Speaker,Electronics,14,1695.1,09-08-2025,23731.4,No
ORD-01398,05-08-2025,CUST-128,West,Maharashtra,SKU-003,USB-C Charger,Electronics,35,2555.22,12-08-2025,89432.7,No
ORD-01399,05-08-2025,CUST-168,East,West Bengal,SKU-004,Cotton T-Shirt,Apparel,12,850.8,10-08-2025,10209.6,No
ORD-01400,05-08-2025,CUST-184,West,Madhya Pradesh,SKU-005,Denim Jacket,Apparel,37,1110.65,15-08-2025,41094.05,Yes
ORD-01401,05-08-2025,CUST-190,South,Andhra Pradesh,SKU-006,Running Shoes,Apparel,11,183.06,13-08-2025,2013.66,Yes
ORD-01402,05-08-2025,CUST-105,South,Andhra Pradesh,SKU-007,Non-stick Pan,Home & Kitchen,18,2108.56,12-08-2025,37954.08,No
ORD-01403,05-08-2025,CUST-185,South,Kerala,SKU-008,Air Fryer,Home & Kitchen,39,912.26,10-08-2025,35578.14,No
ORD-01404,05-08-2025,CUST-170,West,Maharashtra,SKU-012,Green Tea Pack,Groceries,6,815.88,15-08-2025,4895.28,No
ORD-01405,05-08-2025,CUST-116,North,Rajasthan,SKU-015,Football,Sports,9,1952.28,14-08-2025,17570.52,No
ORD-01406,06-08-2025,CUST-164,North,Uttar Pradesh,SKU-003,USB-C Charger,Electronics,10,2555.22,14-08-2025,25552.2,No
ORD-01407,06-08-2025,CUST-155,West,Goa,SKU-005,Denim Jacket,Apparel,23,1110.65,09-08-2025,25544.95,No
ORD-01408,06-08-2025,CUST-110,West,Madhya Pradesh,SKU-006,Running Shoes,Apparel,10,183.06,16-08-2025,1830.6,Yes
ORD-01409,06-08-2025,CUST-135,North,Punjab,SKU-007,Non-stick Pan,Home & Kitchen,17,2108.56,12-08-2025,35845.52,No
ORD-01410,06-08-2025,CUST-125,West,Goa,SKU-010,Basmati Rice 5kg,Groceries,51,689,15-08-2025,35139,No
ORD-01411,06-08-2025,CUST-129,North,Rajasthan,SKU-015,Football,Sports,13,1952.28,11-08-2025,25379.64,No
ORD-01412,07-08-2025,CUST-135,South,Kerala,SKU-001,Wireless Mouse,Electronics,32,2055.9,10-08-2025,65788.8,No
ORD-01413,07-08-2025,CUST-148,West,Goa,SKU-003,USB-C Charger,Electronics,31,2555.22,10-08-2025,79211.82,No
ORD-01414,07-08-2025,CUST-161,North,Uttar Pradesh,SKU-007,Non-stick Pan,Home & Kitchen,12,2108.56,16-08-2025,25302.72,No
ORD-01415,07-08-2025,CUST-191,West,Maharashtra,SKU-010,Basmati Rice 5kg,Groceries,37,689,15-08-2025,25493,Yes
ORD-01416,07-08-2025,CUST-123,North,Uttar Pradesh,SKU-011,Cooking Oil 1L,Groceries,49,1064.79,10-08-2025,52174.71,No
ORD-01417,07-08-2025,CUST-160,East,West Bengal,SKU-012,Green Tea Pack,Groceries,22,815.88,14-08-2025,17949.36,Yes
ORD-01418,07-08-2025,CUST-132,West,Maharashtra,SKU-014,Cricket Bat,Sports,5,1833.14,12-08-2025,9165.7,No
ORD-01419,07-08-2025,CUST-187,South,Telangana,SKU-015,Football,Sports,8,1952.28,10-08-2025,15618.24,No
ORD-01420,08-08-2025,CUST-195,East,West Bengal,SKU-001,Wireless Mouse,Electronics,38,2055.9,16-08-2025,78124.2,No
ORD-01421,08-08-2025,CUST-113,South,Tamil Nadu,SKU-002,Bluetooth Speaker,Electronics,16,1695.1,12-08-2025,27121.6,No
ORD-01422,08-08-2025,CUST-124,West,Gujarat,SKU-005,Denim Jacket,Apparel,39,1110.65,14-08-2025,43315.35,Yes
ORD-01423,08-08-2025,CUST-197,South,Kerala,SKU-007,Non-stick Pan,Home & Kitchen,9,2108.56,18-08-2025,18977.04,Yes
ORD-01424,08-08-2025,CUST-124,West,Madhya Pradesh,SKU-009,LED Lamp,Home & Kitchen,17,1646.8,13-08-2025,27995.6,No
ORD-01425,08-08-2025,CUST-146,West,Maharashtra,SKU-011,Cooking Oil 1L,Groceries,57,1064.79,16-08-2025,60693.03,Yes
ORD-01426,08-08-2025,CUST-108,West,Maharashtra,SKU-013,Yoga Mat,Sports,13,2445.11,17-08-2025,31786.43,No
ORD-01427,08-08-2025,CUST-121,East,Bihar,SKU-014,Cricket Bat,Sports,8,1833.14,11-08-2025,14665.12,No
ORD-01428,09-08-2025,CUST-172,North,Haryana,SKU-001,Wireless Mouse,Electronics,27,2055.9,12-08-2025,55509.3,No
ORD-01429,09-08-2025,CUST-121,West,Maharashtra,SKU-005,Denim Jacket,Apparel,19,1110.65,13-08-2025,21102.35,No
ORD-01430,09-08-2025,CUST-151,East,Jharkhand,SKU-007,Non-stick Pan,Home & Kitchen,5,2108.56,18-08-2025,10542.8,Yes
ORD-01431,09-08-2025,CUST-165,West,Madhya Pradesh,SKU-008,Air Fryer,Home & Kitchen,58,912.26,12-08-2025,52911.08,No
ORD-01432,09-08-2025,CUST-137,East,Jharkhand,SKU-011,Cooking Oil 1L,Groceries,39,1064.79,15-08-2025,41526.81,No
ORD-01433,09-08-2025,CUST-181,South,Tamil Nadu,SKU-013,Yoga Mat,Sports,32,2445.11,12-08-2025,78243.52,No
ORD-01434,09-08-2025,CUST-134,North,Rajasthan,SKU-015,Football,Sports,9,1952.28,14-08-2025,17570.52,No
ORD-01435,10-08-2025,CUST-183,East,Jharkhand,SKU-002,Bluetooth Speaker,Electronics,20,1695.1,13-08-2025,33902,No
ORD-01436,10-08-2025,CUST-192,South,Tamil Nadu,SKU-005,Denim Jacket,Apparel,17,1110.65,17-08-2025,18881.05,No
ORD-01437,10-08-2025,CUST-180,North,Rajasthan,SKU-006,Running Shoes,Apparel,10,183.06,13-08-2025,1830.6,No
ORD-01438,10-08-2025,CUST-122,East,West Bengal,SKU-008,Air Fryer,Home & Kitchen,32,912.26,17-08-2025,29192.32,No
ORD-01439,10-08-2025,CUST-180,South,Tamil Nadu,SKU-014,Cricket Bat,Sports,6,1833.14,17-08-2025,10998.84,No
ORD-01440,11-08-2025,CUST-126,West,Madhya Pradesh,SKU-001,Wireless Mouse,Electronics,22,2055.9,18-08-2025,45229.8,No
ORD-01441,11-08-2025,CUST-118,West,Madhya Pradesh,SKU-002,Bluetooth Speaker,Electronics,18,1695.1,19-08-2025,30511.8,Yes
ORD-01442,11-08-2025,CUST-158,South,Telangana,SKU-003,USB-C Charger,Electronics,55,2555.22,16-08-2025,140537.1,No
ORD-01443,11-08-2025,CUST-182,East,West Bengal,SKU-005,Denim Jacket,Apparel,6,1110.65,16-08-2025,6663.9,No
ORD-01444,11-08-2025,CUST-122,West,Gujarat,SKU-006,Running Shoes,Apparel,9,183.06,16-08-2025,1647.54,No
ORD-01445,11-08-2025,CUST-182,West,Maharashtra,SKU-008,Air Fryer,Home & Kitchen,49,912.26,21-08-2025,44700.74,No
ORD-01446,11-08-2025,CUST-193,North,Uttar Pradesh,SKU-009,LED Lamp,Home & Kitchen,25,1646.8,16-08-2025,41170,Yes
ORD-01447,11-08-2025,CUST-116,South,Tamil Nadu,SKU-011,Cooking Oil 1L,Groceries,63,1064.79,14-08-2025,67081.77,No
ORD-01448,11-08-2025,CUST-101,North,Rajasthan,SKU-013,Yoga Mat,Sports,28,2445.11,14-08-2025,68463.08,No
ORD-01449,12-08-2025,CUST-120,East,Bihar,SKU-002,Bluetooth Speaker,Electronics,23,1695.1,22-08-2025,38987.3,No
ORD-01450,12-08-2025,CUST-131,North,Haryana,SKU-003,USB-C Charger,Electronics,51,2555.22,17-08-2025,130316.22,No
ORD-01451,12-08-2025,CUST-113,East,Odisha,SKU-005,Denim Jacket,Apparel,25,1110.65,15-08-2025,27766.25,No
ORD-01452,12-08-2025,CUST-118,North,Uttar Pradesh,SKU-006,Running Shoes,Apparel,13,183.06,21-08-2025,2379.78,No
ORD-01453,12-08-2025,CUST-128,West,Goa,SKU-008,Air Fryer,Home & Kitchen,33,912.26,19-08-2025,30104.58,Yes
ORD-01454,12-08-2025,CUST-145,North,Delhi,SKU-014,Cricket Bat,Sports,7,1833.14,19-08-2025,12831.98,No
ORD-01455,13-08-2025,CUST-177,South,Kerala,SKU-001,Wireless Mouse,Electronics,56,2055.9,16-08-2025,115130.4,No
ORD-01456,13-08-2025,CUST-176,South,Telangana,SKU-002,Bluetooth Speaker,Electronics,11,1695.1,21-08-2025,18646.1,No
ORD-01457,13-08-2025,CUST-144,North,Punjab,SKU-004,Cotton T-Shirt,Apparel,12,850.8,20-08-2025,10209.6,No
ORD-01458,13-08-2025,CUST-184,East,Odisha,SKU-005,Denim Jacket,Apparel,20,1110.65,23-08-2025,22213,No
ORD-01459,13-08-2025,CUST-199,South,Kerala,SKU-009,LED Lamp,Home & Kitchen,35,1646.8,18-08-2025,57638,No
ORD-01460,13-08-2025,CUST-157,West,Madhya Pradesh,SKU-010,Basmati Rice 5kg,Groceries,38,689,22-08-2025,26182,Yes
ORD-01461,13-08-2025,CUST-111,East,West Bengal,SKU-012,Green Tea Pack,Groceries,13,815.88,18-08-2025,10606.44,No
ORD-01462,13-08-2025,CUST-145,East,Jharkhand,SKU-014,Cricket Bat,Sports,8,1833.14,22-08-2025,14665.12,No
ORD-01463,14-08-2025,CUST-153,West,Goa,SKU-005,Denim Jacket,Apparel,47,1110.65,23-08-2025,52200.55,No
ORD-01464,14-08-2025,CUST-174,West,Gujarat,SKU-009,LED Lamp,Home & Kitchen,14,1646.8,18-08-2025,23055.2,No
ORD-01465,14-08-2025,CUST-102,East,Bihar,SKU-013,Yoga Mat,Sports,33,2445.11,20-08-2025,80688.63,No
ORD-01466,15-08-2025,CUST-146,South,Tamil Nadu,SKU-002,Bluetooth Speaker,Electronics,20,1695.1,23-08-2025,33902,No
ORD-01467,15-08-2025,CUST-131,South,Kerala,SKU-003,USB-C Charger,Electronics,50,2555.22,24-08-2025,127761,No
ORD-01468,15-08-2025,CUST-115,South,Andhra Pradesh,SKU-005,Denim Jacket,Apparel,42,1110.65,20-08-2025,46647.3,No
ORD-01469,15-08-2025,CUST-106,North,Uttar Pradesh,SKU-006,Running Shoes,Apparel,26,183.06,23-08-2025,4759.56,No
ORD-01470,15-08-2025,CUST-103,South,Karnataka,SKU-008,Air Fryer,Home & Kitchen,46,912.26,20-08-2025,41963.96,Yes
ORD-01471,15-08-2025,CUST-119,South,Telangana,SKU-009,LED Lamp,Home & Kitchen,22,1646.8,24-08-2025,36229.6,No
ORD-01472,15-08-2025,CUST-160,West,Maharashtra,SKU-011,Cooking Oil 1L,Groceries,41,1064.79,22-08-2025,43656.39,Yes
ORD-01473,15-08-2025,CUST-119,North,Punjab,SKU-013,Yoga Mat,Sports,25,2445.11,19-08-2025,61127.75,No
ORD-01474,15-08-2025,CUST-164,South,Andhra Pradesh,SKU-015,Football,Sports,8,1952.28,20-08-2025,15618.24,No
ORD-01475,16-08-2025,CUST-170,East,West Bengal,SKU-001,Wireless Mouse,Electronics,42,2055.9,26-08-2025,86347.8,No
ORD-01476,16-08-2025,CUST-134,North,Uttar Pradesh,SKU-005,Denim Jacket,Apparel,15,1110.65,21-08-2025,16659.75,Yes
ORD-01477,16-08-2025,CUST-150,South,Telangana,SKU-008,Air Fryer,Home & Kitchen,45,912.26,22-08-2025,41051.7,No
ORD-01478,16-08-2025,CUST-161,East,West Bengal,SKU-012,Green Tea Pack,Groceries,38,815.88,26-08-2025,31003.44,Yes
ORD-01479,16-08-2025,CUST-182,West,Maharashtra,SKU-014,Cricket Bat,Sports,6,1833.14,24-08-2025,10998.84,No
ORD-01480,16-08-2025,CUST-113,North,Rajasthan,SKU-015,Football,Sports,9,1952.28,20-08-2025,17570.52,No
ORD-01481,17-08-2025,CUST-136,South,Telangana,SKU-001,Wireless Mouse,Electronics,35,2055.9,23-08-2025,71956.5,No
ORD-01482,17-08-2025,CUST-196,East,Jharkhand,SKU-003,USB-C Charger,Electronics,24,2555.22,20-08-2025,61325.28,No
ORD-01483,17-08-2025,CUST-134,North,Delhi,SKU-004,Cotton T-Shirt,Apparel,17,850.8,23-08-2025,14463.6,No
ORD-01484,17-08-2025,CUST-111,East,Bihar,SKU-009,LED Lamp,Home & Kitchen,34,1646.8,25-08-2025,55991.2,Yes
ORD-01485,17-08-2025,CUST-164,South,Telangana,SKU-010,Basmati Rice 5kg,Groceries,31,689,26-08-2025,21359,Yes
ORD-01486,17-08-2025,CUST-192,East,Jharkhand,SKU-011,Cooking Oil 1L,Groceries,47,1064.79,26-08-2025,50045.13,Yes
ORD-01487,17-08-2025,CUST-164,South,Kerala,SKU-014,Cricket Bat,Sports,3,1833.14,21-08-2025,5499.42,No
ORD-01488,17-08-2025,CUST-161,North,Delhi,SKU-015,Football,Sports,11,1952.28,26-08-2025,21475.08,No
ORD-01489,18-08-2025,CUST-191,South,Kerala,SKU-001,Wireless Mouse,Electronics,41,2055.9,22-08-2025,84291.9,No
ORD-01490,18-08-2025,CUST-157,South,Andhra Pradesh,SKU-006,Running Shoes,Apparel,18,183.06,26-08-2025,3295.08,No
ORD-01491,18-08-2025,CUST-105,West,Maharashtra,SKU-007,Non-stick Pan,Home & Kitchen,8,2108.56,27-08-2025,16868.48,No
ORD-01492,18-08-2025,CUST-119,West,Maharashtra,SKU-008,Air Fryer,Home & Kitchen,61,912.26,22-08-2025,55647.86,No
ORD-01493,18-08-2025,CUST-170,North,Haryana,SKU-009,LED Lamp,Home & Kitchen,31,1646.8,25-08-2025,51050.8,No
ORD-01494,18-08-2025,CUST-120,North,Rajasthan,SKU-012,Green Tea Pack,Groceries,27,815.88,25-08-2025,22028.76,Yes
ORD-01495,18-08-2025,CUST-190,West,Maharashtra,SKU-013,Yoga Mat,Sports,23,2445.11,23-08-2025,56237.53,No
ORD-01496,18-08-2025,CUST-132,West,Madhya Pradesh,SKU-014,Cricket Bat,Sports,7,1833.14,28-08-2025,12831.98,No
ORD-01497,19-08-2025,CUST-146,East,Odisha,SKU-001,Wireless Mouse,Electronics,44,2055.9,22-08-2025,90459.6,No
ORD-01498,19-08-2025,CUST-156,East,Jharkhand,SKU-002,Bluetooth Speaker,Electronics,22,1695.1,24-08-2025,37292.2,No
ORD-01499,19-08-2025,CUST-133,North,Rajasthan,SKU-005,Denim Jacket,Apparel,35,1110.65,29-08-2025,38872.75,No
ORD-01500,19-08-2025,CUST-119,North,Haryana,SKU-009,LED Lamp,Home & Kitchen,23,1646.8,22-08-2025,37876.4,No
ORD-01501,19-08-2025,CUST-128,West,Madhya Pradesh,SKU-010,Basmati Rice 5kg,Groceries,45,689,23-08-2025,31005,No
ORD-01502,19-08-2025,CUST-182,West,Gujarat,SKU-013,Yoga Mat,Sports,33,2445.11,29-08-2025,80688.63,No
ORD-01503,19-08-2025,CUST-198,West,Gujarat,SKU-014,Cricket Bat,Sports,7,1833.14,28-08-2025,12831.98,No
ORD-01504,19-08-2025,CUST-108,East,West Bengal,SKU-015,Football,Sports,10,1952.28,27-08-2025,19522.8,No
ORD-01505,20-08-2025,CUST-114,East,West Bengal,SKU-001,Wireless Mouse,Electronics,27,2055.9,30-08-2025,55509.3,Yes
ORD-01506,20-08-2025,CUST-140,North,Delhi,SKU-005,Denim Jacket,Apparel,23,1110.65,26-08-2025,25544.95,No
ORD-01507,20-08-2025,CUST-127,North,Uttar Pradesh,SKU-008,Air Fryer,Home & Kitchen,49,912.26,30-08-2025,44700.74,Yes
ORD-01508,20-08-2025,CUST-197,West,Gujarat,SKU-009,LED Lamp,Home & Kitchen,8,1646.8,23-08-2025,13174.4,No
ORD-01509,20-08-2025,CUST-135,West,Goa,SKU-010,Basmati Rice 5kg,Groceries,34,689,24-08-2025,23426,No
ORD-01510,20-08-2025,CUST-153,South,Karnataka,SKU-011,Cooking Oil 1L,Groceries,34,1064.79,30-08-2025,36202.86,No
ORD-01511,20-08-2025,CUST-143,East,West Bengal,SKU-013,Yoga Mat,Sports,28,2445.11,29-08-2025,68463.08,No
ORD-01512,20-08-2025,CUST-153,West,Goa,SKU-014,Cricket Bat,Sports,5,1833.14,28-08-2025,9165.7,No
ORD-01513,21-08-2025,CUST-101,South,Andhra Pradesh,SKU-002,Bluetooth Speaker,Electronics,15,1695.1,30-08-2025,25426.5,No
ORD-01514,21-08-2025,CUST-141,East,Jharkhand,SKU-003,USB-C Charger,Electronics,24,2555.22,26-08-2025,61325.28,No
ORD-01515,21-08-2025,CUST-140,North,Uttar Pradesh,SKU-004,Cotton T-Shirt,Apparel,22,850.8,31-08-2025,18717.6,No
ORD-01516,21-08-2025,CUST-157,South,Kerala,SKU-007,Non-stick Pan,Home & Kitchen,7,2108.56,24-08-2025,14759.92,No
ORD-01517,21-08-2025,CUST-176,West,Madhya Pradesh,SKU-011,Cooking Oil 1L,Groceries,38,1064.79,26-08-2025,40462.02,No
ORD-01518,21-08-2025,CUST-124,North,Haryana,SKU-012,Green Tea Pack,Groceries,20,815.88,27-08-2025,16317.6,No
ORD-01519,21-08-2025,CUST-164,North,Haryana,SKU-013,Yoga Mat,Sports,21,2445.11,28-08-2025,51347.31,No
ORD-01520,22-08-2025,CUST-169,West,Goa,SKU-002,Bluetooth Speaker,Electronics,21,1695.1,30-08-2025,35597.1,Yes
ORD-01521,22-08-2025,CUST-170,South,Tamil Nadu,SKU-005,Denim Jacket,Apparel,31,1110.65,27-08-2025,34430.15,No
ORD-01522,22-08-2025,CUST-181,East,Bihar,SKU-007,Non-stick Pan,Home & Kitchen,18,2108.56,31-08-2025,37954.08,Yes
ORD-01523,22-08-2025,CUST-183,North,Uttar Pradesh,SKU-011,Cooking Oil 1L,Groceries,60,1064.79,26-08-2025,63887.4,No
ORD-01524,22-08-2025,CUST-195,North,Punjab,SKU-013,Yoga Mat,Sports,35,2445.11,01-09-2025,85578.85,No
ORD-01525,23-08-2025,CUST-125,West,Madhya Pradesh,SKU-004,Cotton T-Shirt,Apparel,15,850.8,27-08-2025,12762,No
ORD-01526,23-08-2025,CUST-152,West,Gujarat,SKU-006,Running Shoes,Apparel,8,183.06,02-09-2025,1464.48,Yes
ORD-01527,23-08-2025,CUST-134,East,Bihar,SKU-007,Non-stick Pan,Home & Kitchen,11,2108.56,30-08-2025,23194.16,Yes
ORD-01528,23-08-2025,CUST-186,South,Karnataka,SKU-008,Air Fryer,Home & Kitchen,47,912.26,01-09-2025,42876.22,No
ORD-01529,23-08-2025,CUST-119,East,Odisha,SKU-009,LED Lamp,Home & Kitchen,21,1646.8,26-08-2025,34582.8,No
ORD-01530,23-08-2025,CUST-173,West,Goa,SKU-013,Yoga Mat,Sports,24,2445.11,28-08-2025,58682.64,No
ORD-01531,23-08-2025,CUST-106,West,Gujarat,SKU-014,Cricket Bat,Sports,7,1833.14,01-09-2025,12831.98,No
ORD-01532,23-08-2025,CUST-193,South,Tamil Nadu,SKU-015,Football,Sports,8,1952.28,01-09-2025,15618.24,No
ORD-01533,24-08-2025,CUST-112,South,Karnataka,SKU-001,Wireless Mouse,Electronics,30,2055.9,30-08-2025,61677,No
ORD-01534,24-08-2025,CUST-141,South,Andhra Pradesh,SKU-007,Non-stick Pan,Home & Kitchen,16,2108.56,29-08-2025,33736.96,No
ORD-01535,24-08-2025,CUST-103,North,Rajasthan,SKU-008,Air Fryer,Home & Kitchen,42,912.26,29-08-2025,38314.92,No
ORD-01536,24-08-2025,CUST-158,East,Jharkhand,SKU-010,Basmati Rice 5kg,Groceries,38,689,29-08-2025,26182,No
ORD-01537,24-08-2025,CUST-168,South,Andhra Pradesh,SKU-011,Cooking Oil 1L,Groceries,33,1064.79,30-08-2025,35138.07,No
ORD-01538,24-08-2025,CUST-184,North,Delhi,SKU-014,Cricket Bat,Sports,5,1833.14,31-08-2025,9165.7,No
ORD-01539,24-08-2025,CUST-114,West,Gujarat,SKU-015,Football,Sports,12,1952.28,28-08-2025,23427.36,No
ORD-01540,25-08-2025,CUST-136,East,Jharkhand,SKU-002,Bluetooth Speaker,Electronics,14,1695.1,30-08-2025,23731.4,No
ORD-01541,25-08-2025,CUST-150,North,Uttar Pradesh,SKU-004,Cotton T-Shirt,Apparel,9,850.8,31-08-2025,7657.2,No
ORD-01542,25-08-2025,CUST-162,North,Delhi,SKU-006,Running Shoes,Apparel,14,183.06,29-08-2025,2562.84,No
ORD-01543,25-08-2025,CUST-120,South,Kerala,SKU-007,Non-stick Pan,Home & Kitchen,5,2108.56,04-09-2025,10542.8,Yes
ORD-01544,25-08-2025,CUST-184,North,Punjab,SKU-008,Air Fryer,Home & Kitchen,54,912.26,30-08-2025,49262.04,No
ORD-01545,25-08-2025,CUST-120,East,Odisha,SKU-009,LED Lamp,Home & Kitchen,16,1646.8,28-08-2025,26348.8,No
ORD-01546,25-08-2025,CUST-168,North,Delhi,SKU-011,Cooking Oil 1L,Groceries,49,1064.79,28-08-2025,52174.71,No
ORD-01547,25-08-2025,CUST-141,South,Kerala,SKU-014,Cricket Bat,Sports,3,1833.14,28-08-2025,5499.42,No
ORD-01548,25-08-2025,CUST-134,East,West Bengal,SKU-015,Football,Sports,13,1952.28,30-08-2025,25379.64,No
ORD-01549,26-08-2025,CUST-155,West,Gujarat,SKU-003,USB-C Charger,Electronics,25,2555.22,05-09-2025,63880.5,Yes
ORD-01550,26-08-2025,CUST-187,East,Jharkhand,SKU-005,Denim Jacket,Apparel,24,1110.65,01-09-2025,26655.6,No
ORD-01551,26-08-2025,CUST-126,West,Goa,SKU-007,Non-stick Pan,Home & Kitchen,15,2108.56,31-08-2025,31628.4,No
ORD-01552,26-08-2025,CUST-154,East,West Bengal,SKU-008,Air Fryer,Home & Kitchen,22,912.26,05-09-2025,20069.72,No
ORD-01553,26-08-2025,CUST-157,South,Kerala,SKU-012,Green Tea Pack,Groceries,18,815.88,30-08-2025,14685.84,No
ORD-01554,26-08-2025,CUST-137,East,Jharkhand,SKU-015,Football,Sports,7,1952.28,04-09-2025,13665.96,No
ORD-01555,27-08-2025,CUST-123,East,Odisha,SKU-001,Wireless Mouse,Electronics,49,2055.9,05-09-2025,100739.1,No
ORD-01556,27-08-2025,CUST-184,East,Jharkhand,SKU-002,Bluetooth Speaker,Electronics,24,1695.1,02-09-2025,40682.4,No
ORD-01557,27-08-2025,CUST-188,North,Delhi,SKU-003,USB-C Charger,Electronics,36,2555.22,04-09-2025,91987.92,No
ORD-01558,27-08-2025,CUST-129,North,Rajasthan,SKU-005,Denim Jacket,Apparel,22,1110.65,04-09-2025,24434.3,Yes
ORD-01559,27-08-2025,CUST-171,East,Jharkhand,SKU-006,Running Shoes,Apparel,9,183.06,31-08-2025,1647.54,No
ORD-01560,27-08-2025,CUST-125,South,Tamil Nadu,SKU-014,Cricket Bat,Sports,5,1833.14,04-09-2025,9165.7,No
ORD-01561,27-08-2025,CUST-153,North,Haryana,SKU-015,Football,Sports,8,1952.28,03-09-2025,15618.24,No
ORD-01562,28-08-2025,CUST-176,East,Odisha,SKU-001,Wireless Mouse,Electronics,33,2055.9,02-09-2025,67844.7,No
ORD-01563,28-08-2025,CUST-159,East,Odisha,SKU-003,USB-C Charger,Electronics,38,2555.22,31-08-2025,97098.36,No
ORD-01564,28-08-2025,CUST-104,North,Punjab,SKU-004,Cotton T-Shirt,Apparel,14,850.8,06-09-2025,11911.2,No
ORD-01565,28-08-2025,CUST-192,East,Odisha,SKU-005,Denim Jacket,Apparel,38,1110.65,06-09-2025,42204.7,Yes
ORD-01566,28-08-2025,CUST-151,North,Delhi,SKU-006,Running Shoes,Apparel,14,183.06,05-09-2025,2562.84,No
ORD-01567,28-08-2025,CUST-163,North,Rajasthan,SKU-008,Air Fryer,Home & Kitchen,29,912.26,07-09-2025,26455.54,Yes
ORD-01568,28-08-2025,CUST-106,North,Delhi,SKU-011,Cooking Oil 1L,Groceries,30,1064.79,03-09-2025,31943.7,No
ORD-01569,28-08-2025,CUST-128,South,Karnataka,SKU-012,Green Tea Pack,Groceries,44,815.88,06-09-2025,35898.72,Yes
ORD-01570,28-08-2025,CUST-168,North,Delhi,SKU-013,Yoga Mat,Sports,25,2445.11,05-09-2025,61127.75,No
ORD-01571,29-08-2025,CUST-109,East,Bihar,SKU-001,Wireless Mouse,Electronics,34,2055.9,05-09-2025,69900.6,No
ORD-01572,29-08-2025,CUST-134,South,Telangana,SKU-002,Bluetooth Speaker,Electronics,14,1695.1,07-09-2025,23731.4,No
ORD-01573,29-08-2025,CUST-181,West,Maharashtra,SKU-005,Denim Jacket,Apparel,25,1110.65,07-09-2025,27766.25,Yes
ORD-01574,29-08-2025,CUST-184,West,Madhya Pradesh,SKU-008,Air Fryer,Home & Kitchen,47,912.26,08-09-2025,42876.22,No
ORD-01575,29-08-2025,CUST-198,East,Odisha,SKU-010,Basmati Rice 5kg,Groceries,37,689,05-09-2025,25493,No
ORD-01576,29-08-2025,CUST-184,South,Telangana,SKU-012,Green Tea Pack,Groceries,19,815.88,04-09-2025,15501.72,No
ORD-01577,29-08-2025,CUST-159,West,Gujarat,SKU-014,Cricket Bat,Sports,5,1833.14,04-09-2025,9165.7,No
ORD-01578,29-08-2025,CUST-143,South,Kerala,SKU-015,Football,Sports,9,1952.28,02-09-2025,17570.52,No
ORD-01579,30-08-2025,CUST-164,North,Delhi,SKU-004,Cotton T-Shirt,Apparel,21,850.8,04-09-2025,17866.8,No
ORD-01580,30-08-2025,CUST-149,West,Maharashtra,SKU-006,Running Shoes,Apparel,11,183.06,07-09-2025,2013.66,Yes
ORD-01581,30-08-2025,CUST-173,North,Rajasthan,SKU-010,Basmati Rice 5kg,Groceries,37,689,06-09-2025,25493,No
ORD-01582,30-08-2025,CUST-195,North,Punjab,SKU-011,Cooking Oil 1L,Groceries,46,1064.79,03-09-2025,48980.34,No
ORD-01583,30-08-2025,CUST-160,West,Gujarat,SKU-012,Green Tea Pack,Groceries,30,815.88,02-09-2025,24476.4,No
ORD-01584,30-08-2025,CUST-170,North,Delhi,SKU-013,Yoga Mat,Sports,22,2445.11,03-09-2025,53792.42,No
ORD-01585,30-08-2025,CUST-165,East,Jharkhand,SKU-014,Cricket Bat,Sports,7,1833.14,08-09-2025,12831.98,No
ORD-01586,30-08-2025,CUST-147,North,Haryana,SKU-015,Football,Sports,12,1952.28,06-09-2025,23427.36,No
ORD-01587,31-08-2025,CUST-137,South,Tamil Nadu,SKU-001,Wireless Mouse,Electronics,13,2055.9,06-09-2025,26726.7,No
ORD-01588,31-08-2025,CUST-167,West,Gujarat,SKU-002,Bluetooth Speaker,Electronics,26,1695.1,07-09-2025,44072.6,No
ORD-01589,31-08-2025,CUST-128,North,Haryana,SKU-004,Cotton T-Shirt,Apparel,17,850.8,04-09-2025,14463.6,No
ORD-01590,31-08-2025,CUST-173,East,West Bengal,SKU-005,Denim Jacket,Apparel,29,1110.65,03-09-2025,32208.85,No
ORD-01591,31-08-2025,CUST-150,West,Madhya Pradesh,SKU-006,Running Shoes,Apparel,10,183.06,09-09-2025,1830.6,Yes
ORD-01592,31-08-2025,CUST-163,South,Karnataka,SKU-007,Non-stick Pan,Home & Kitchen,13,2108.56,07-09-2025,27411.28,No
ORD-01593,31-08-2025,CUST-193,North,Rajasthan,SKU-008,Air Fryer,Home & Kitchen,46,912.26,07-09-2025,41963.96,Yes
ORD-01594,31-08-2025,CUST-194,East,Jharkhand,SKU-009,LED Lamp,Home & Kitchen,28,1646.8,10-09-2025,46110.4,No
ORD-01595,31-08-2025,CUST-158,South,Karnataka,SKU-012,Green Tea Pack,Groceries,24,815.88,08-09-2025,19581.12,Yes
ORD-01596,31-08-2025,CUST-122,East,West Bengal,SKU-015,Football,Sports,7,1952.28,03-09-2025,13665.96,No
ORD-01597,01-09-2025,CUST-160,North,Delhi,SKU-002,Bluetooth Speaker,Electronics,17,1695.1,09-09-2025,28816.7,No
ORD-01598,01-09-2025,CUST-105,North,Punjab,SKU-004,Cotton T-Shirt,Apparel,13,850.8,05-09-2025,11060.4,No
ORD-01599,01-09-2025,CUST-194,East,Bihar,SKU-009,LED Lamp,Home & Kitchen,21,1646.8,08-09-2025,34582.8,No
ORD-01600,01-09-2025,CUST-132,East,West Bengal,SKU-013,Yoga Mat,Sports,29,2445.11,11-09-2025,70908.19,No
ORD-01601,02-09-2025,CUST-114,East,Bihar,SKU-001,Wireless Mouse,Electronics,26,2055.9,12-09-2025,53453.4,Yes
ORD-01602,02-09-2025,CUST-128,South,Tamil Nadu,SKU-004,Cotton T-Shirt,Apparel,19,850.8,11-09-2025,16165.2,No
ORD-01603,02-09-2025,CUST-146,South,Telangana,SKU-005,Denim Jacket,Apparel,39,1110.65,11-09-2025,43315.35,Yes
ORD-01604,02-09-2025,CUST-181,North,Uttar Pradesh,SKU-007,Non-stick Pan,Home & Kitchen,15,2108.56,11-09-2025,31628.4,Yes
ORD-01605,02-09-2025,CUST-186,East,Odisha,SKU-012,Green Tea Pack,Groceries,37,815.88,09-09-2025,30187.56,No
ORD-01606,02-09-2025,CUST-135,East,West Bengal,SKU-014,Cricket Bat,Sports,5,1833.14,11-09-2025,9165.7,No
ORD-01607,02-09-2025,CUST-155,West,Gujarat,SKU-015,Football,Sports,4,1952.28,06-09-2025,7809.12,No
ORD-01608,03-09-2025,CUST-101,West,Goa,SKU-003,USB-C Charger,Electronics,26,2555.22,07-09-2025,66435.72,No
ORD-01609,03-09-2025,CUST-179,South,Kerala,SKU-005,Denim Jacket,Apparel,22,1110.65,10-09-2025,24434.3,Yes
ORD-01610,03-09-2025,CUST-108,East,Bihar,SKU-006,Running Shoes,Apparel,8,183.06,10-09-2025,1464.48,No
ORD-01611,03-09-2025,CUST-106,West,Goa,SKU-007,Non-stick Pan,Home & Kitchen,17,2108.56,07-09-2025,35845.52,Yes
ORD-01612,03-09-2025,CUST-145,North,Punjab,SKU-008,Air Fryer,Home & Kitchen,43,912.26,12-09-2025,39227.18,No
ORD-01613,03-09-2025,CUST-111,East,Odisha,SKU-009,LED Lamp,Home & Kitchen,28,1646.8,08-09-2025,46110.4,No
ORD-01614,03-09-2025,CUST-155,North,Punjab,SKU-010,Basmati Rice 5kg,Groceries,59,689,09-09-2025,40651,Yes
ORD-01615,03-09-2025,CUST-186,West,Madhya Pradesh,SKU-011,Cooking Oil 1L,Groceries,69,1064.79,09-09-2025,73470.51,No
ORD-01616,03-09-2025,CUST-133,East,Bihar,SKU-012,Green Tea Pack,Groceries,30,815.88,07-09-2025,24476.4,No
ORD-01617,03-09-2025,CUST-187,South,Telangana,SKU-014,Cricket Bat,Sports,2,1833.14,08-09-2025,3666.28,No
ORD-01618,03-09-2025,CUST-170,South,Tamil Nadu,SKU-015,Football,Sports,11,1952.28,12-09-2025,21475.08,No
ORD-01619,04-09-2025,CUST-169,South,Kerala,SKU-001,Wireless Mouse,Electronics,46,2055.9,14-09-2025,94571.4,No
ORD-01620,04-09-2025,CUST-112,South,Telangana,SKU-002,Bluetooth Speaker,Electronics,21,1695.1,13-09-2025,35597.1,Yes
ORD-01621,04-09-2025,CUST-159,North,Uttar Pradesh,SKU-007,Non-stick Pan,Home & Kitchen,10,2108.56,13-09-2025,21085.6,No
ORD-01622,04-09-2025,CUST-111,South,Karnataka,SKU-009,LED Lamp,Home & Kitchen,25,1646.8,13-09-2025,41170,No
ORD-01623,04-09-2025,CUST-179,East,Jharkhand,SKU-011,Cooking Oil 1L,Groceries,39,1064.79,09-09-2025,41526.81,No
ORD-01624,04-09-2025,CUST-116,West,Maharashtra,SKU-012,Green Tea Pack,Groceries,37,815.88,13-09-2025,30187.56,No
ORD-01625,05-09-2025,CUST-142,North,Punjab,SKU-003,USB-C Charger,Electronics,31,2555.22,09-09-2025,79211.82,No
ORD-01626,05-09-2025,CUST-189,South,Karnataka,SKU-008,Air Fryer,Home & Kitchen,80,912.26,08-09-2025,72980.8,No
ORD-01627,05-09-2025,CUST-138,East,West Bengal,SKU-012,Green Tea Pack,Groceries,36,815.88,10-09-2025,29371.68,Yes
ORD-01628,06-09-2025,CUST-100,South,Telangana,SKU-002,Bluetooth Speaker,Electronics,12,1695.1,10-09-2025,20341.2,No
ORD-01629,06-09-2025,CUST-103,West,Madhya Pradesh,SKU-004,Cotton T-Shirt,Apparel,16,850.8,16-09-2025,13612.8,No
ORD-01630,06-09-2025,CUST-138,West,Gujarat,SKU-005,Denim Jacket,Apparel,31,1110.65,10-09-2025,34430.15,No
ORD-01631,06-09-2025,CUST-178,West,Maharashtra,SKU-007,Non-stick Pan,Home & Kitchen,14,2108.56,13-09-2025,29519.84,No
ORD-01632,06-09-2025,CUST-123,South,Kerala,SKU-010,Basmati Rice 5kg,Groceries,64,689,09-09-2025,44096,No
ORD-01633,06-09-2025,CUST-161,East,Bihar,SKU-013,Yoga Mat,Sports,25,2445.11,16-09-2025,61127.75,No
ORD-01634,06-09-2025,CUST-175,West,Goa,SKU-014,Cricket Bat,Sports,3,1833.14,10-09-2025,5499.42,No
ORD-01635,06-09-2025,CUST-159,West,Maharashtra,SKU-015,Football,Sports,8,1952.28,10-09-2025,15618.24,No
ORD-01636,07-09-2025,CUST-158,North,Punjab,SKU-002,Bluetooth Speaker,Electronics,23,1695.1,14-09-2025,38987.3,No
ORD-01637,07-09-2025,CUST-105,East,Odisha,SKU-004,Cotton T-Shirt,Apparel,11,850.8,17-09-2025,9358.8,Yes
ORD-01638,07-09-2025,CUST-145,South,Andhra Pradesh,SKU-008,Air Fryer,Home & Kitchen,59,912.26,12-09-2025,53823.34,No
ORD-01639,07-09-2025,CUST-122,South,Telangana,SKU-009,LED Lamp,Home & Kitchen,17,1646.8,11-09-2025,27995.6,No
ORD-01640,07-09-2025,CUST-158,South,Karnataka,SKU-010,Basmati Rice 5kg,Groceries,25,689,15-09-2025,17225,Yes
ORD-01641,07-09-2025,CUST-108,West,Goa,SKU-011,Cooking Oil 1L,Groceries,39,1064.79,16-09-2025,41526.81,No
ORD-01642,07-09-2025,CUST-177,South,Kerala,SKU-012,Green Tea Pack,Groceries,18,815.88,17-09-2025,14685.84,Yes
ORD-01643,08-09-2025,CUST-174,West,Maharashtra,SKU-002,Bluetooth Speaker,Electronics,10,1695.1,16-09-2025,16951,No
ORD-01644,08-09-2025,CUST-193,South,Karnataka,SKU-003,USB-C Charger,Electronics,63,2555.22,11-09-2025,160978.86,No
ORD-01645,08-09-2025,CUST-141,South,Kerala,SKU-004,Cotton T-Shirt,Apparel,11,850.8,18-09-2025,9358.8,Yes
ORD-01646,08-09-2025,CUST-193,West,Maharashtra,SKU-008,Air Fryer,Home & Kitchen,26,912.26,13-09-2025,23718.76,No
ORD-01647,08-09-2025,CUST-104,North,Punjab,SKU-010,Basmati Rice 5kg,Groceries,55,689,12-09-2025,37895,No
ORD-01648,08-09-2025,CUST-177,North,Rajasthan,SKU-011,Cooking Oil 1L,Groceries,46,1064.79,16-09-2025,48980.34,Yes
ORD-01649,08-09-2025,CUST-125,East,Jharkhand,SKU-013,Yoga Mat,Sports,23,2445.11,14-09-2025,56237.53,No
ORD-01650,09-09-2025,CUST-155,South,Tamil Nadu,SKU-001,Wireless Mouse,Electronics,22,2055.9,14-09-2025,45229.8,No
ORD-01651,09-09-2025,CUST-126,North,Haryana,SKU-002,Bluetooth Speaker,Electronics,32,1695.1,13-09-2025,54243.2,No
ORD-01652,09-09-2025,CUST-172,North,Punjab,SKU-005,Denim Jacket,Apparel,31,1110.65,18-09-2025,34430.15,No
ORD-01653,09-09-2025,CUST-124,South,Tamil Nadu,SKU-006,Running Shoes,Apparel,9,183.06,19-09-2025,1647.54,No
ORD-01654,09-09-2025,CUST-108,West,Madhya Pradesh,SKU-009,LED Lamp,Home & Kitchen,4,1646.8,14-09-2025,6587.2,No
ORD-01655,09-09-2025,CUST-116,East,Bihar,SKU-010,Basmati Rice 5kg,Groceries,34,689,13-09-2025,23426,No
ORD-01656,09-09-2025,CUST-129,North,Punjab,SKU-011,Cooking Oil 1L,Groceries,42,1064.79,19-09-2025,44721.18,Yes
ORD-01657,09-09-2025,CUST-149,East,West Bengal,SKU-013,Yoga Mat,Sports,29,2445.11,16-09-2025,70908.19,No
ORD-01658,09-09-2025,CUST-136,North,Punjab,SKU-014,Cricket Bat,Sports,11,1833.14,14-09-2025,20164.54,No
ORD-01659,10-09-2025,CUST-151,North,Uttar Pradesh,SKU-001,Wireless Mouse,Electronics,17,2055.9,17-09-2025,34950.3,No
ORD-01660,10-09-2025,CUST-133,South,Karnataka,SKU-008,Air Fryer,Home & Kitchen,38,912.26,19-09-2025,34665.88,No
ORD-01661,10-09-2025,CUST-196,North,Uttar Pradesh,SKU-009,LED Lamp,Home & Kitchen,20,1646.8,18-09-2025,32936,No
ORD-01662,10-09-2025,CUST-172,North,Uttar Pradesh,SKU-010,Basmati Rice 5kg,Groceries,31,689,14-09-2025,21359,No
ORD-01663,10-09-2025,CUST-170,West,Gujarat,SKU-011,Cooking Oil 1L,Groceries,51,1064.79,14-09-2025,54304.29,No
ORD-01664,10-09-2025,CUST-113,North,Haryana,SKU-013,Yoga Mat,Sports,30,2445.11,13-09-2025,73353.3,No
ORD-01665,10-09-2025,CUST-102,North,Punjab,SKU-015,Football,Sports,7,1952.28,16-09-2025,13665.96,No
ORD-01666,11-09-2025,CUST-168,West,Goa,SKU-001,Wireless Mouse,Electronics,44,2055.9,17-09-2025,90459.6,No
ORD-01667,11-09-2025,CUST-189,West,Goa,SKU-005,Denim Jacket,Apparel,28,1110.65,20-09-2025,31098.2,No
ORD-01668,11-09-2025,CUST-178,East,Jharkhand,SKU-007,Non-stick Pan,Home & Kitchen,6,2108.56,15-09-2025,12651.36,Yes
ORD-01669,11-09-2025,CUST-129,North,Punjab,SKU-008,Air Fryer,Home & Kitchen,23,912.26,17-09-2025,20981.98,No
ORD-01670,11-09-2025,CUST-101,South,Telangana,SKU-010,Basmati Rice 5kg,Groceries,63,689,14-09-2025,43407,No
ORD-01671,11-09-2025,CUST-140,East,Odisha,SKU-012,Green Tea Pack,Groceries,30,815.88,14-09-2025,24476.4,No
ORD-01672,12-09-2025,CUST-161,North,Delhi,SKU-001,Wireless Mouse,Electronics,38,2055.9,21-09-2025,78124.2,No
ORD-01673,12-09-2025,CUST-128,West,Madhya Pradesh,SKU-003,USB-C Charger,Electronics,43,2555.22,20-09-2025,109874.46,No
ORD-01674,12-09-2025,CUST-167,East,West Bengal,SKU-007,Non-stick Pan,Home & Kitchen,12,2108.56,18-09-2025,25302.72,No
ORD-01675,12-09-2025,CUST-152,West,Madhya Pradesh,SKU-008,Air Fryer,Home & Kitchen,34,912.26,20-09-2025,31016.84,No
ORD-01676,12-09-2025,CUST-117,South,Karnataka,SKU-009,LED Lamp,Home & Kitchen,18,1646.8,18-09-2025,29642.4,No
ORD-01677,12-09-2025,CUST-104,South,Telangana,SKU-010,Basmati Rice 5kg,Groceries,31,689,17-09-2025,21359,No
ORD-01678,12-09-2025,CUST-104,East,Odisha,SKU-014,Cricket Bat,Sports,6,1833.14,22-09-2025,10998.84,No
ORD-01679,12-09-2025,CUST-107,East,Bihar,SKU-015,Football,Sports,4,1952.28,16-09-2025,7809.12,No
ORD-01680,13-09-2025,CUST-148,West,Madhya Pradesh,SKU-002,Bluetooth Speaker,Electronics,24,1695.1,16-09-2025,40682.4,No
ORD-01681,13-09-2025,CUST-168,North,Punjab,SKU-003,USB-C Charger,Electronics,37,2555.22,22-09-2025,94543.14,No
ORD-01682,13-09-2025,CUST-103,East,Odisha,SKU-005,Denim Jacket,Apparel,36,1110.65,21-09-2025,39983.4,No
ORD-01683,13-09-2025,CUST-193,North,Uttar Pradesh,SKU-011,Cooking Oil 1L,Groceries,45,1064.79,22-09-2025,47915.55,No
ORD-01684,14-09-2025,CUST-154,East,Bihar,SKU-001,Wireless Mouse,Electronics,22,2055.9,24-09-2025,45229.8,Yes
ORD-01685,14-09-2025,CUST-116,North,Rajasthan,SKU-002,Bluetooth Speaker,Electronics,10,1695.1,20-09-2025,16951,No
ORD-01686,14-09-2025,CUST-110,South,Telangana,SKU-003,USB-C Charger,Electronics,49,2555.22,21-09-2025,125205.78,Yes
ORD-01687,14-09-2025,CUST-146,East,Bihar,SKU-005,Denim Jacket,Apparel,25,1110.65,21-09-2025,27766.25,Yes
ORD-01688,14-09-2025,CUST-133,South,Telangana,SKU-010,Basmati Rice 5kg,Groceries,36,689,22-09-2025,24804,Yes
ORD-01689,14-09-2025,CUST-145,West,Madhya Pradesh,SKU-011,Cooking Oil 1L,Groceries,40,1064.79,17-09-2025,42591.6,No
ORD-01690,14-09-2025,CUST-135,East,Odisha,SKU-014,Cricket Bat,Sports,6,1833.14,18-09-2025,10998.84,No
ORD-01691,15-09-2025,CUST-163,South,Kerala,SKU-001,Wireless Mouse,Electronics,32,2055.9,22-09-2025,65788.8,No
ORD-01692,15-09-2025,CUST-118,North,Haryana,SKU-002,Bluetooth Speaker,Electronics,27,1695.1,20-09-2025,45767.7,No
ORD-01693,15-09-2025,CUST-174,East,Jharkhand,SKU-003,USB-C Charger,Electronics,31,2555.22,25-09-2025,79211.82,Yes
ORD-01694,15-09-2025,CUST-107,East,West Bengal,SKU-004,Cotton T-Shirt,Apparel,11,850.8,21-09-2025,9358.8,No
ORD-01695,15-09-2025,CUST-176,South,Kerala,SKU-006,Running Shoes,Apparel,19,183.06,18-09-2025,3478.14,No
ORD-01696,15-09-2025,CUST-164,West,Maharashtra,SKU-007,Non-stick Pan,Home & Kitchen,6,2108.56,19-09-2025,12651.36,No
ORD-01697,15-09-2025,CUST-187,West,Madhya Pradesh,SKU-008,Air Fryer,Home & Kitchen,48,912.26,23-09-2025,43788.48,Yes
ORD-01698,15-09-2025,CUST-136,South,Kerala,SKU-009,LED Lamp,Home & Kitchen,21,1646.8,24-09-2025,34582.8,No
ORD-01699,15-09-2025,CUST-183,East,Odisha,SKU-010,Basmati Rice 5kg,Groceries,28,689,24-09-2025,19292,No
ORD-01700,15-09-2025,CUST-137,South,Telangana,SKU-014,Cricket Bat,Sports,5,1833.14,18-09-2025,9165.7,No
ORD-01701,16-09-2025,CUST-127,West,Gujarat,SKU-001,Wireless Mouse,Electronics,17,2055.9,24-09-2025,34950.3,No
ORD-01702,16-09-2025,CUST-148,North,Rajasthan,SKU-003,USB-C Charger,Electronics,21,2555.22,21-09-2025,53659.62,No
ORD-01703,16-09-2025,CUST-184,West,Goa,SKU-012,Green Tea Pack,Groceries,38,815.88,26-09-2025,31003.44,Yes
ORD-01704,16-09-2025,CUST-173,East,Jharkhand,SKU-013,Yoga Mat,Sports,15,2445.11,22-09-2025,36676.65,No
ORD-01705,16-09-2025,CUST-158,East,Jharkhand,SKU-015,Football,Sports,11,1952.28,22-09-2025,21475.08,No
ORD-01706,17-09-2025,CUST-156,West,Maharashtra,SKU-002,Bluetooth Speaker,Electronics,1,1695.1,23-09-2025,1695.1,No
ORD-01707,17-09-2025,CUST-183,West,Madhya Pradesh,SKU-003,USB-C Charger,Electronics,26,2555.22,25-09-2025,66435.72,No
ORD-01708,17-09-2025,CUST-129,South,Karnataka,SKU-005,Denim Jacket,Apparel,36,1110.65,26-09-2025,39983.4,No
ORD-01709,17-09-2025,CUST-177,East,West Bengal,SKU-007,Non-stick Pan,Home & Kitchen,19,2108.56,22-09-2025,40062.64,No
ORD-01710,17-09-2025,CUST-110,West,Madhya Pradesh,SKU-009,LED Lamp,Home & Kitchen,14,1646.8,21-09-2025,23055.2,No
ORD-01711,17-09-2025,CUST-123,West,Maharashtra,SKU-010,Basmati Rice 5kg,Groceries,55,689,23-09-2025,37895,No
ORD-01712,17-09-2025,CUST-153,East,Jharkhand,SKU-011,Cooking Oil 1L,Groceries,36,1064.79,21-09-2025,38332.44,No
ORD-01713,17-09-2025,CUST-188,South,Kerala,SKU-015,Football,Sports,12,1952.28,20-09-2025,23427.36,No
ORD-01714,18-09-2025,CUST-154,East,Jharkhand,SKU-002,Bluetooth Speaker,Electronics,9,1695.1,27-09-2025,15255.9,No
ORD-01715,18-09-2025,CUST-115,East,Odisha,SKU-003,USB-C Charger,Electronics,32,2555.22,25-09-2025,81767.04,No
ORD-01716,18-09-2025,CUST-157,West,Madhya Pradesh,SKU-009,LED Lamp,Home & Kitchen,14,1646.8,26-09-2025,23055.2,Yes
ORD-01717,18-09-2025,CUST-192,North,Haryana,SKU-012,Green Tea Pack,Groceries,27,815.88,23-09-2025,22028.76,No
ORD-01718,18-09-2025,CUST-175,East,Odisha,SKU-013,Yoga Mat,Sports,12,2445.11,21-09-2025,29341.32,No
ORD-01719,19-09-2025,CUST-198,North,Punjab,SKU-001,Wireless Mouse,Electronics,41,2055.9,26-09-2025,84291.9,No
ORD-01720,19-09-2025,CUST-143,North,Punjab,SKU-002,Bluetooth Speaker,Electronics,26,1695.1,29-09-2025,44072.6,No
ORD-01721,19-09-2025,CUST-118,North,Delhi,SKU-007,Non-stick Pan,Home & Kitchen,12,2108.56,24-09-2025,25302.72,Yes
ORD-01722,19-09-2025,CUST-173,East,Odisha,SKU-011,Cooking Oil 1L,Groceries,49,1064.79,26-09-2025,52174.71,No
ORD-01723,19-09-2025,CUST-162,West,Madhya Pradesh,SKU-012,Green Tea Pack,Groceries,25,815.88,26-09-2025,20397,No
ORD-01724,19-09-2025,CUST-136,East,West Bengal,SKU-013,Yoga Mat,Sports,30,2445.11,24-09-2025,73353.3,No
ORD-01725,20-09-2025,CUST-103,North,Punjab,SKU-003,USB-C Charger,Electronics,42,2555.22,25-09-2025,107319.24,No
ORD-01726,20-09-2025,CUST-147,South,Karnataka,SKU-007,Non-stick Pan,Home & Kitchen,22,2108.56,23-09-2025,46388.32,No
ORD-01727,20-09-2025,CUST-166,South,Tamil Nadu,SKU-008,Air Fryer,Home & Kitchen,54,912.26,30-09-2025,49262.04,No
ORD-01728,20-09-2025,CUST-191,North,Delhi,SKU-010,Basmati Rice 5kg,Groceries,33,689,24-09-2025,22737,No
ORD-01729,20-09-2025,CUST-135,North,Delhi,SKU-011,Cooking Oil 1L,Groceries,29,1064.79,25-09-2025,30878.91,No
ORD-01730,20-09-2025,CUST-141,South,Kerala,SKU-015,Football,Sports,10,1952.28,24-09-2025,19522.8,No
ORD-01731,21-09-2025,CUST-190,East,Jharkhand,SKU-002,Bluetooth Speaker,Electronics,12,1695.1,25-09-2025,20341.2,No
ORD-01732,21-09-2025,CUST-190,East,Jharkhand,SKU-004,Cotton T-Shirt,Apparel,9,850.8,25-09-2025,7657.2,No
ORD-01733,21-09-2025,CUST-181,North,Delhi,SKU-005,Denim Jacket,Apparel,10,1110.65,24-09-2025,11106.5,No
ORD-01734,21-09-2025,CUST-128,South,Tamil Nadu,SKU-006,Running Shoes,Apparel,10,183.06,30-09-2025,1830.6,No
ORD-01735,21-09-2025,CUST-136,South,Tamil Nadu,SKU-007,Non-stick Pan,Home & Kitchen,19,2108.56,01-10-2025,40062.64,No
ORD-01736,21-09-2025,CUST-166,South,Kerala,SKU-008,Air Fryer,Home & Kitchen,61,912.26,25-09-2025,55647.86,No
ORD-01737,21-09-2025,CUST-190,South,Tamil Nadu,SKU-009,LED Lamp,Home & Kitchen,27,1646.8,27-09-2025,44463.6,Yes
ORD-01738,21-09-2025,CUST-178,West,Madhya Pradesh,SKU-010,Basmati Rice 5kg,Groceries,45,689,28-09-2025,31005,No
ORD-01739,21-09-2025,CUST-138,South,Telangana,SKU-012,Green Tea Pack,Groceries,19,815.88,26-09-2025,15501.72,No
ORD-01740,22-09-2025,CUST-114,East,Odisha,SKU-004,Cotton T-Shirt,Apparel,18,850.8,28-09-2025,15314.4,No
ORD-01741,22-09-2025,CUST-114,South,Tamil Nadu,SKU-005,Denim Jacket,Apparel,20,1110.65,01-10-2025,22213,No
ORD-01742,22-09-2025,CUST-144,West,Maharashtra,SKU-007,Non-stick Pan,Home & Kitchen,15,2108.56,26-09-2025,31628.4,No
ORD-01743,22-09-2025,CUST-152,North,Haryana,SKU-013,Yoga Mat,Sports,26,2445.11,28-09-2025,63572.86,No
ORD-01744,22-09-2025,CUST-152,West,Madhya Pradesh,SKU-015,Football,Sports,11,1952.28,30-09-2025,21475.08,No
ORD-01745,23-09-2025,CUST-193,South,Tamil Nadu,SKU-002,Bluetooth Speaker,Electronics,17,1695.1,03-10-2025,28816.7,Yes
ORD-01746,23-09-2025,CUST-139,West,Gujarat,SKU-003,USB-C Charger,Electronics,39,2555.22,26-09-2025,99653.58,No
ORD-01747,23-09-2025,CUST-199,North,Uttar Pradesh,SKU-004,Cotton T-Shirt,Apparel,11,850.8,29-09-2025,9358.8,No
ORD-01748,23-09-2025,CUST-192,North,Haryana,SKU-007,Non-stick Pan,Home & Kitchen,12,2108.56,26-09-2025,25302.72,No
ORD-01749,23-09-2025,CUST-183,North,Delhi,SKU-009,LED Lamp,Home & Kitchen,15,1646.8,27-09-2025,24702,No
ORD-01750,23-09-2025,CUST-120,West,Madhya Pradesh,SKU-011,Cooking Oil 1L,Groceries,10,1064.79,29-09-2025,10647.9,No
ORD-01751,23-09-2025,CUST-152,South,Karnataka,SKU-013,Yoga Mat,Sports,32,2445.11,01-10-2025,78243.52,No
ORD-01752,23-09-2025,CUST-104,North,Rajasthan,SKU-015,Football,Sports,2,1952.28,26-09-2025,3904.56,No
ORD-01753,24-09-2025,CUST-104,East,Bihar,SKU-005,Denim Jacket,Apparel,27,1110.65,30-09-2025,29987.55,No
ORD-01754,24-09-2025,CUST-116,East,Odisha,SKU-008,Air Fryer,Home & Kitchen,43,912.26,03-10-2025,39227.18,No
ORD-01755,24-09-2025,CUST-102,North,Rajasthan,SKU-010,Basmati Rice 5kg,Groceries,17,689,03-10-2025,11713,Yes
ORD-01756,24-09-2025,CUST-124,East,Bihar,SKU-014,Cricket Bat,Sports,6,1833.14,03-10-2025,10998.84,No
ORD-01757,25-09-2025,CUST-125,North,Punjab,SKU-001,Wireless Mouse,Electronics,33,2055.9,05-10-2025,67844.7,No
ORD-01758,25-09-2025,CUST-148,East,West Bengal,SKU-002,Bluetooth Speaker,Electronics,12,1695.1,05-10-2025,20341.2,Yes
ORD-01759,25-09-2025,CUST-161,East,Jharkhand,SKU-003,USB-C Charger,Electronics,37,2555.22,02-10-2025,94543.14,No
ORD-01760,25-09-2025,CUST-163,West,Gujarat,SKU-006,Running Shoes,Apparel,18,183.06,28-09-2025,3295.08,No
ORD-01761,25-09-2025,CUST-172,North,Haryana,SKU-012,Green Tea Pack,Groceries,27,815.88,05-10-2025,22028.76,Yes
ORD-01762,25-09-2025,CUST-112,South,Tamil Nadu,SKU-014,Cricket Bat,Sports,4,1833.14,29-09-2025,7332.56,No
ORD-01763,25-09-2025,CUST-118,West,Madhya Pradesh,SKU-015,Football,Sports,12,1952.28,29-09-2025,23427.36,No
ORD-01764,26-09-2025,CUST-132,West,Maharashtra,SKU-005,Denim Jacket,Apparel,22,1110.65,06-10-2025,24434.3,No
ORD-01765,26-09-2025,CUST-188,West,Gujarat,SKU-006,Running Shoes,Apparel,12,183.06,04-10-2025,2196.72,Yes
ORD-01766,26-09-2025,CUST-196,West,Goa,SKU-008,Air Fryer,Home & Kitchen,47,912.26,02-10-2025,42876.22,Yes
ORD-01767,26-09-2025,CUST-165,North,Punjab,SKU-010,Basmati Rice 5kg,Groceries,31,689,06-10-2025,21359,No
ORD-01768,26-09-2025,CUST-148,South,Karnataka,SKU-012,Green Tea Pack,Groceries,19,815.88,30-09-2025,15501.72,No
ORD-01769,26-09-2025,CUST-114,North,Haryana,SKU-014,Cricket Bat,Sports,6,1833.14,06-10-2025,10998.84,No
ORD-01770,27-09-2025,CUST-151,North,Haryana,SKU-004,Cotton T-Shirt,Apparel,11,850.8,06-10-2025,9358.8,No
ORD-01771,27-09-2025,CUST-166,East,Bihar,SKU-005,Denim Jacket,Apparel,20,1110.65,04-10-2025,22213,No
ORD-01772,27-09-2025,CUST-118,East,West Bengal,SKU-007,Non-stick Pan,Home & Kitchen,15,2108.56,02-10-2025,31628.4,No
ORD-01773,27-09-2025,CUST-160,West,Madhya Pradesh,SKU-009,LED Lamp,Home & Kitchen,11,1646.8,04-10-2025,18114.8,Yes
ORD-01774,27-09-2025,CUST-195,South,Andhra Pradesh,SKU-010,Basmati Rice 5kg,Groceries,24,689,05-10-2025,16536,No
ORD-01775,27-09-2025,CUST-153,South,Telangana,SKU-011,Cooking Oil 1L,Groceries,35,1064.79,05-10-2025,37267.65,Yes
ORD-01776,27-09-2025,CUST-100,East,West Bengal,SKU-012,Green Tea Pack,Groceries,16,815.88,01-10-2025,13054.08,No
ORD-01777,27-09-2025,CUST-107,West,Maharashtra,SKU-014,Cricket Bat,Sports,8,1833.14,01-10-2025,14665.12,No
ORD-01778,28-09-2025,CUST-144,North,Delhi,SKU-001,Wireless Mouse,Electronics,40,2055.9,04-10-2025,82236,No
ORD-01779,28-09-2025,CUST-147,West,Madhya Pradesh,SKU-003,USB-C Charger,Electronics,46,2555.22,05-10-2025,117540.12,No
ORD-01780,28-09-2025,CUST-113,South,Andhra Pradesh,SKU-007,Non-stick Pan,Home & Kitchen,5,2108.56,03-10-2025,10542.8,No
ORD-01781,28-09-2025,CUST-142,East,Jharkhand,SKU-008,Air Fryer,Home & Kitchen,39,912.26,07-10-2025,35578.14,No
ORD-01782,28-09-2025,CUST-129,South,Telangana,SKU-013,Yoga Mat,Sports,30,2445.11,01-10-2025,73353.3,No
ORD-01783,28-09-2025,CUST-160,North,Punjab,SKU-014,Cricket Bat,Sports,6,1833.14,03-10-2025,10998.84,No
ORD-01784,28-09-2025,CUST-117,West,Gujarat,SKU-015,Football,Sports,7,1952.28,01-10-2025,13665.96,No
ORD-01785,29-09-2025,CUST-130,West,Madhya Pradesh,SKU-001,Wireless Mouse,Electronics,23,2055.9,03-10-2025,47285.7,No
ORD-01786,29-09-2025,CUST-190,West,Maharashtra,SKU-002,Bluetooth Speaker,Electronics,18,1695.1,08-10-2025,30511.8,No
ORD-01787,29-09-2025,CUST-177,South,Kerala,SKU-003,USB-C Charger,Electronics,41,2555.22,03-10-2025,104764.02,No
ORD-01788,29-09-2025,CUST-122,North,Delhi,SKU-014,Cricket Bat,Sports,5,1833.14,07-10-2025,9165.7,No
ORD-01789,30-09-2025,CUST-148,East,Jharkhand,SKU-003,USB-C Charger,Electronics,20,2555.22,06-10-2025,51104.4,No
ORD-01790,30-09-2025,CUST-125,West,Goa,SKU-004,Cotton T-Shirt,Apparel,17,850.8,03-10-2025,14463.6,No
ORD-01791,30-09-2025,CUST-112,East,West Bengal,SKU-005,Denim Jacket,Apparel,31,1110.65,08-10-2025,34430.15,No
ORD-01792,30-09-2025,CUST-104,East,Jharkhand,SKU-008,Air Fryer,Home & Kitchen,57,912.26,07-10-2025,51998.82,Yes
ORD-01793,30-09-2025,CUST-180,North,Uttar Pradesh,SKU-010,Basmati Rice 5kg,Groceries,59,689,07-10-2025,40651,Yes
ORD-01794,01-10-2025,CUST-178,South,Andhra Pradesh,SKU-007,Non-stick Pan,Home & Kitchen,17,2108.56,04-10-2025,35845.52,No
ORD-01795,01-10-2025,CUST-107,West,Madhya Pradesh,SKU-009,LED Lamp,Home & Kitchen,26,1646.8,05-10-2025,42816.8,No
ORD-01796,01-10-2025,CUST-169,East,Odisha,SKU-011,Cooking Oil 1L,Groceries,42,1064.79,05-10-2025,44721.18,No
ORD-01797,01-10-2025,CUST-190,South,Andhra Pradesh,SKU-013,Yoga Mat,Sports,30,2445.11,09-10-2025,73353.3,No
ORD-01798,02-10-2025,CUST-108,South,Karnataka,SKU-004,Cotton T-Shirt,Apparel,16,850.8,05-10-2025,13612.8,No
ORD-01799,02-10-2025,CUST-188,West,Gujarat,SKU-008,Air Fryer,Home & Kitchen,37,912.26,08-10-2025,33753.62,No
ORD-01800,02-10-2025,CUST-139,East,Jharkhand,SKU-009,LED Lamp,Home & Kitchen,26,1646.8,05-10-2025,42816.8,No
ORD-01801,02-10-2025,CUST-172,West,Madhya Pradesh,SKU-011,Cooking Oil 1L,Groceries,17,1064.79,06-10-2025,18101.43,No
ORD-01802,02-10-2025,CUST-123,North,Punjab,SKU-012,Green Tea Pack,Groceries,37,815.88,06-10-2025,30187.56,No
ORD-01803,02-10-2025,CUST-101,South,Telangana,SKU-013,Yoga Mat,Sports,8,2445.11,07-10-2025,19560.88,No
ORD-01804,03-10-2025,CUST-195,South,Karnataka,SKU-003,USB-C Charger,Electronics,22,2555.22,09-10-2025,56214.84,No
ORD-01805,03-10-2025,CUST-117,East,Odisha,SKU-004,Cotton T-Shirt,Apparel,13,850.8,10-10-2025,11060.4,No
ORD-01806,03-10-2025,CUST-134,South,Tamil Nadu,SKU-005,Denim Jacket,Apparel,40,1110.65,09-10-2025,44426,No
ORD-01807,03-10-2025,CUST-111,West,Gujarat,SKU-006,Running Shoes,Apparel,14,183.06,10-10-2025,2562.84,Yes
ORD-01808,03-10-2025,CUST-144,West,Goa,SKU-007,Non-stick Pan,Home & Kitchen,26,2108.56,11-10-2025,54822.56,No
ORD-01809,03-10-2025,CUST-168,South,Andhra Pradesh,SKU-010,Basmati Rice 5kg,Groceries,68,689,08-10-2025,46852,No
ORD-01810,03-10-2025,CUST-126,East,Bihar,SKU-012,Green Tea Pack,Groceries,28,815.88,10-10-2025,22844.64,No
ORD-01811,04-10-2025,CUST-133,North,Delhi,SKU-002,Bluetooth Speaker,Electronics,22,1695.1,14-10-2025,37292.2,No
ORD-01812,04-10-2025,CUST-184,North,Uttar Pradesh,SKU-008,Air Fryer,Home & Kitchen,37,912.26,13-10-2025,33753.62,No
ORD-01813,04-10-2025,CUST-120,West,Goa,SKU-009,LED Lamp,Home & Kitchen,30,1646.8,07-10-2025,49404,No
ORD-01814,04-10-2025,CUST-123,East,West Bengal,SKU-011,Cooking Oil 1L,Groceries,58,1064.79,08-10-2025,61757.82,No
ORD-01815,04-10-2025,CUST-156,West,Goa,SKU-012,Green Tea Pack,Groceries,25,815.88,07-10-2025,20397,No
ORD-01816,05-10-2025,CUST-176,East,Bihar,SKU-002,Bluetooth Speaker,Electronics,22,1695.1,13-10-2025,37292.2,No
ORD-01817,05-10-2025,CUST-197,North,Uttar Pradesh,SKU-004,Cotton T-Shirt,Apparel,30,850.8,11-10-2025,25524,No
ORD-01818,05-10-2025,CUST-173,West,Gujarat,SKU-005,Denim Jacket,Apparel,41,1110.65,12-10-2025,45536.65,Yes
ORD-01819,05-10-2025,CUST-172,South,Telangana,SKU-007,Non-stick Pan,Home & Kitchen,19,2108.56,11-10-2025,40062.64,No
ORD-01820,05-10-2025,CUST-106,North,Punjab,SKU-008,Air Fryer,Home & Kitchen,63,912.26,13-10-2025,57472.38,Yes
ORD-01821,05-10-2025,CUST-150,South,Telangana,SKU-009,LED Lamp,Home & Kitchen,25,1646.8,15-10-2025,41170,No
ORD-01822,05-10-2025,CUST-138,East,Jharkhand,SKU-012,Green Tea Pack,Groceries,12,815.88,10-10-2025,9790.56,No
ORD-01823,05-10-2025,CUST-192,South,Tamil Nadu,SKU-013,Yoga Mat,Sports,33,2445.11,09-10-2025,80688.63,No
ORD-01824,05-10-2025,CUST-100,West,Gujarat,SKU-014,Cricket Bat,Sports,9,1833.14,13-10-2025,16498.26,No
ORD-01825,05-10-2025,CUST-189,South,Andhra Pradesh,SKU-015,Football,Sports,15,1952.28,14-10-2025,29284.2,No
ORD-01826,06-10-2025,CUST-140,South,Andhra Pradesh,SKU-006,Running Shoes,Apparel,21,183.06,11-10-2025,3844.26,No
ORD-01827,06-10-2025,CUST-176,West,Gujarat,SKU-007,Non-stick Pan,Home & Kitchen,15,2108.56,15-10-2025,31628.4,No
ORD-01828,06-10-2025,CUST-128,South,Kerala,SKU-009,LED Lamp,Home & Kitchen,30,1646.8,09-10-2025,49404,No
ORD-01829,06-10-2025,CUST-109,South,Kerala,SKU-011,Cooking Oil 1L,Groceries,31,1064.79,15-10-2025,33008.49,Yes
ORD-01830,06-10-2025,CUST-105,South,Tamil Nadu,SKU-012,Green Tea Pack,Groceries,50,815.88,12-10-2025,40794,Yes
ORD-01831,06-10-2025,CUST-154,South,Tamil Nadu,SKU-013,Yoga Mat,Sports,41,2445.11,11-10-2025,100249.51,No
ORD-01832,06-10-2025,CUST-186,West,Goa,SKU-014,Cricket Bat,Sports,9,1833.14,15-10-2025,16498.26,No
ORD-01833,06-10-2025,CUST-150,North,Rajasthan,SKU-015,Football,Sports,15,1952.28,11-10-2025,29284.2,No
ORD-01834,07-10-2025,CUST-183,West,Madhya Pradesh,SKU-002,Bluetooth Speaker,Electronics,19,1695.1,11-10-2025,32206.9,No
ORD-01835,07-10-2025,CUST-187,West,Madhya Pradesh,SKU-004,Cotton T-Shirt,Apparel,14,850.8,16-10-2025,11911.2,Yes
ORD-01836,07-10-2025,CUST-154,North,Punjab,SKU-005,Denim Jacket,Apparel,48,1110.65,16-10-2025,53311.2,No
ORD-01837,07-10-2025,CUST-164,East,Odisha,SKU-006,Running Shoes,Apparel,17,183.06,17-10-2025,3112.02,No
ORD-01838,07-10-2025,CUST-154,West,Maharashtra,SKU-011,Cooking Oil 1L,Groceries,72,1064.79,12-10-2025,76664.88,No
ORD-01839,07-10-2025,CUST-125,West,Goa,SKU-013,Yoga Mat,Sports,59,2445.11,14-10-2025,144261.49,No
ORD-01840,07-10-2025,CUST-136,North,Uttar Pradesh,SKU-014,Cricket Bat,Sports,8,1833.14,17-10-2025,14665.12,No
ORD-01841,07-10-2025,CUST-132,West,Goa,SKU-015,Football,Sports,7,1952.28,15-10-2025,13665.96,No
ORD-01842,08-10-2025,CUST-198,North,Delhi,SKU-001,Wireless Mouse,Electronics,42,2055.9,15-10-2025,86347.8,No
ORD-01843,08-10-2025,CUST-138,North,Delhi,SKU-003,USB-C Charger,Electronics,42,2555.22,16-10-2025,107319.24,No
ORD-01844,08-10-2025,CUST-168,West,Gujarat,SKU-005,Denim Jacket,Apparel,35,1110.65,11-10-2025,38872.75,No
ORD-01845,08-10-2025,CUST-181,West,Gujarat,SKU-006,Running Shoes,Apparel,19,183.06,13-10-2025,3478.14,No
ORD-01846,08-10-2025,CUST-144,West,Maharashtra,SKU-007,Non-stick Pan,Home & Kitchen,18,2108.56,15-10-2025,37954.08,No
ORD-01847,08-10-2025,CUST-105,North,Haryana,SKU-009,LED Lamp,Home & Kitchen,31,1646.8,18-10-2025,51050.8,Yes
ORD-01848,08-10-2025,CUST-118,North,Uttar Pradesh,SKU-010,Basmati Rice 5kg,Groceries,19,689,11-10-2025,13091,No
ORD-01849,08-10-2025,CUST-154,West,Madhya Pradesh,SKU-011,Cooking Oil 1L,Groceries,55,1064.79,15-10-2025,58563.45,No
ORD-01850,08-10-2025,CUST-192,North,Rajasthan,SKU-012,Green Tea Pack,Groceries,32,815.88,15-10-2025,26108.16,Yes
ORD-01851,08-10-2025,CUST-138,South,Tamil Nadu,SKU-014,Cricket Bat,Sports,9,1833.14,15-10-2025,16498.26,No
ORD-01852,09-10-2025,CUST-127,West,Maharashtra,SKU-001,Wireless Mouse,Electronics,48,2055.9,19-10-2025,98683.2,No
ORD-01853,09-10-2025,CUST-177,West,Madhya Pradesh,SKU-002,Bluetooth Speaker,Electronics,19,1695.1,12-10-2025,32206.9,No
ORD-01854,09-10-2025,CUST-126,North,Rajasthan,SKU-005,Denim Jacket,Apparel,27,1110.65,18-10-2025,29987.55,Yes
ORD-01855,09-10-2025,CUST-112,South,Kerala,SKU-008,Air Fryer,Home & Kitchen,20,912.26,17-10-2025,18245.2,No
ORD-01856,09-10-2025,CUST-128,North,Punjab,SKU-009,LED Lamp,Home & Kitchen,27,1646.8,17-10-2025,44463.6,Yes
ORD-01857,09-10-2025,CUST-171,North,Uttar Pradesh,SKU-014,Cricket Bat,Sports,5,1833.14,19-10-2025,9165.7,No
ORD-01858,09-10-2025,CUST-144,West,Maharashtra,SKU-015,Football,Sports,8,1952.28,17-10-2025,15618.24,No
ORD-01859,10-10-2025,CUST-186,West,Gujarat,SKU-001,Wireless Mouse,Electronics,52,2055.9,15-10-2025,106906.8,No
ORD-01860,10-10-2025,CUST-184,North,Haryana,SKU-002,Bluetooth Speaker,Electronics,14,1695.1,13-10-2025,23731.4,No
ORD-01861,10-10-2025,CUST-138,East,West Bengal,SKU-005,Denim Jacket,Apparel,43,1110.65,18-10-2025,47757.95,No
ORD-01862,10-10-2025,CUST-179,East,Jharkhand,SKU-009,LED Lamp,Home & Kitchen,47,1646.8,15-10-2025,77399.6,Yes
ORD-01863,10-10-2025,CUST-171,West,Goa,SKU-011,Cooking Oil 1L,Groceries,50,1064.79,17-10-2025,53239.5,Yes
ORD-01864,10-10-2025,CUST-148,North,Rajasthan,SKU-013,Yoga Mat,Sports,13,2445.11,15-10-2025,31786.43,No
ORD-01865,10-10-2025,CUST-122,South,Telangana,SKU-014,Cricket Bat,Sports,9,1833.14,17-10-2025,16498.26,No
ORD-01866,11-10-2025,CUST-153,East,Jharkhand,SKU-004,Cotton T-Shirt,Apparel,35,850.8,17-10-2025,29778,No
ORD-01867,11-10-2025,CUST-164,West,Madhya Pradesh,SKU-005,Denim Jacket,Apparel,30,1110.65,19-10-2025,33319.5,Yes
ORD-01868,11-10-2025,CUST-163,West,Maharashtra,SKU-006,Running Shoes,Apparel,19,183.06,20-10-2025,3478.14,No
ORD-01869,11-10-2025,CUST-151,East,Odisha,SKU-007,Non-stick Pan,Home & Kitchen,20,2108.56,16-10-2025,42171.2,No
ORD-01870,11-10-2025,CUST-197,West,Gujarat,SKU-008,Air Fryer,Home & Kitchen,45,912.26,19-10-2025,41051.7,Yes
ORD-01871,11-10-2025,CUST-152,South,Kerala,SKU-011,Cooking Oil 1L,Groceries,33,1064.79,20-10-2025,35138.07,Yes
ORD-01872,11-10-2025,CUST-176,West,Gujarat,SKU-014,Cricket Bat,Sports,6,1833.14,15-10-2025,10998.84,No
ORD-01873,12-10-2025,CUST-187,North,Delhi,SKU-001,Wireless Mouse,Electronics,41,2055.9,22-10-2025,84291.9,No
ORD-01874,12-10-2025,CUST-170,South,Tamil Nadu,SKU-003,USB-C Charger,Electronics,64,2555.22,21-10-2025,163534.08,Yes
ORD-01875,12-10-2025,CUST-160,South,Telangana,SKU-005,Denim Jacket,Apparel,17,1110.65,17-10-2025,18881.05,No
ORD-01876,12-10-2025,CUST-108,North,Haryana,SKU-006,Running Shoes,Apparel,26,183.06,19-10-2025,4759.56,No
ORD-01877,12-10-2025,CUST-130,South,Karnataka,SKU-007,Non-stick Pan,Home & Kitchen,13,2108.56,22-10-2025,27411.28,No
ORD-01878,12-10-2025,CUST-120,South,Telangana,SKU-010,Basmati Rice 5kg,Groceries,50,689,20-10-2025,34450,No
ORD-01879,12-10-2025,CUST-149,North,Uttar Pradesh,SKU-013,Yoga Mat,Sports,48,2445.11,22-10-2025,117365.28,No
ORD-01880,13-10-2025,CUST-137,West,Gujarat,SKU-007,Non-stick Pan,Home & Kitchen,19,2108.56,16-10-2025,40062.64,No
ORD-01881,13-10-2025,CUST-154,North,Uttar Pradesh,SKU-010,Basmati Rice 5kg,Groceries,17,689,23-10-2025,11713,Yes
ORD-01882,13-10-2025,CUST-197,North,Haryana,SKU-011,Cooking Oil 1L,Groceries,71,1064.79,20-10-2025,75600.09,Yes
ORD-01883,13-10-2025,CUST-161,South,Telangana,SKU-013,Yoga Mat,Sports,29,2445.11,19-10-2025,70908.19,No
ORD-01884,13-10-2025,CUST-182,North,Punjab,SKU-014,Cricket Bat,Sports,6,1833.14,21-10-2025,10998.84,No
ORD-01885,14-10-2025,CUST-189,East,Bihar,SKU-004,Cotton T-Shirt,Apparel,15,850.8,24-10-2025,12762,No
ORD-01886,14-10-2025,CUST-103,South,Karnataka,SKU-008,Air Fryer,Home & Kitchen,35,912.26,21-10-2025,31929.1,No
ORD-01887,14-10-2025,CUST-160,West,Gujarat,SKU-012,Green Tea Pack,Groceries,29,815.88,21-10-2025,23660.52,No
ORD-01888,14-10-2025,CUST-118,East,Odisha,SKU-014,Cricket Bat,Sports,4,1833.14,19-10-2025,7332.56,No
ORD-01889,15-10-2025,CUST-118,North,Punjab,SKU-001,Wireless Mouse,Electronics,45,2055.9,22-10-2025,92515.5,No
ORD-01890,15-10-2025,CUST-161,South,Andhra Pradesh,SKU-002,Bluetooth Speaker,Electronics,36,1695.1,24-10-2025,61023.6,No
ORD-01891,15-10-2025,CUST-122,West,Maharashtra,SKU-008,Air Fryer,Home & Kitchen,72,912.26,25-10-2025,65682.72,Yes
ORD-01892,15-10-2025,CUST-143,South,Telangana,SKU-010,Basmati Rice 5kg,Groceries,37,689,19-10-2025,25493,No
ORD-01893,15-10-2025,CUST-183,South,Andhra Pradesh,SKU-011,Cooking Oil 1L,Groceries,50,1064.79,19-10-2025,53239.5,No
ORD-01894,15-10-2025,CUST-172,North,Delhi,SKU-012,Green Tea Pack,Groceries,41,815.88,25-10-2025,33451.08,No
ORD-01895,16-10-2025,CUST-180,North,Delhi,SKU-002,Bluetooth Speaker,Electronics,24,1695.1,25-10-2025,40682.4,No
ORD-01896,16-10-2025,CUST-107,West,Madhya Pradesh,SKU-005,Denim Jacket,Apparel,50,1110.65,20-10-2025,55532.5,Yes
ORD-01897,16-10-2025,CUST-129,West,Goa,SKU-007,Non-stick Pan,Home & Kitchen,17,2108.56,22-10-2025,35845.52,No
ORD-01898,16-10-2025,CUST-170,East,Bihar,SKU-008,Air Fryer,Home & Kitchen,78,912.26,23-10-2025,71156.28,Yes
ORD-01899,16-10-2025,CUST-116,East,West Bengal,SKU-009,LED Lamp,Home & Kitchen,30,1646.8,20-10-2025,49404,Yes
ORD-01900,16-10-2025,CUST-131,West,Maharashtra,SKU-010,Basmati Rice 5kg,Groceries,76,689,22-10-2025,52364,No
ORD-01901,16-10-2025,CUST-156,North,Uttar Pradesh,SKU-014,Cricket Bat,Sports,6,1833.14,20-10-2025,10998.84,No
ORD-01902,17-10-2025,CUST-176,West,Madhya Pradesh,SKU-001,Wireless Mouse,Electronics,34,2055.9,23-10-2025,69900.6,No
ORD-01903,17-10-2025,CUST-192,West,Maharashtra,SKU-002,Bluetooth Speaker,Electronics,29,1695.1,21-10-2025,49157.9,No
ORD-01904,17-10-2025,CUST-100,East,Bihar,SKU-004,Cotton T-Shirt,Apparel,17,850.8,27-10-2025,14463.6,No
ORD-01905,17-10-2025,CUST-133,South,Andhra Pradesh,SKU-008,Air Fryer,Home & Kitchen,29,912.26,24-10-2025,26455.54,No
ORD-01906,17-10-2025,CUST-180,West,Goa,SKU-009,LED Lamp,Home & Kitchen,24,1646.8,24-10-2025,39523.2,No
ORD-01907,17-10-2025,CUST-140,West,Maharashtra,SKU-010,Basmati Rice 5kg,Groceries,48,689,20-10-2025,33072,No
ORD-01908,17-10-2025,CUST-186,East,Jharkhand,SKU-012,Green Tea Pack,Groceries,25,815.88,26-10-2025,20397,No
ORD-01909,17-10-2025,CUST-124,North,Delhi,SKU-013,Yoga Mat,Sports,39,2445.11,22-10-2025,95359.29,No
ORD-01910,17-10-2025,CUST-140,West,Maharashtra,SKU-015,Football,Sports,8,1952.28,24-10-2025,15618.24,No
ORD-01911,18-10-2025,CUST-141,South,Andhra Pradesh,SKU-001,Wireless Mouse,Electronics,35,2055.9,23-10-2025,71956.5,No
ORD-01912,18-10-2025,CUST-121,South,Kerala,SKU-002,Bluetooth Speaker,Electronics,31,1695.1,27-10-2025,52548.1,Yes
ORD-01913,18-10-2025,CUST-199,East,Bihar,SKU-004,Cotton T-Shirt,Apparel,33,850.8,27-10-2025,28076.4,Yes
ORD-01914,18-10-2025,CUST-160,East,Bihar,SKU-005,Denim Jacket,Apparel,25,1110.65,25-10-2025,27766.25,No
ORD-01915,18-10-2025,CUST-157,East,West Bengal,SKU-006,Running Shoes,Apparel,14,183.06,26-10-2025,2562.84,No
ORD-01916,18-10-2025,CUST-197,West,Gujarat,SKU-007,Non-stick Pan,Home & Kitchen,26,2108.56,27-10-2025,54822.56,Yes
ORD-01917,18-10-2025,CUST-145,South,Telangana,SKU-008,Air Fryer,Home & Kitchen,55,912.26,27-10-2025,50174.3,No
ORD-01918,18-10-2025,CUST-126,East,Jharkhand,SKU-011,Cooking Oil 1L,Groceries,46,1064.79,24-10-2025,48980.34,No
ORD-01919,18-10-2025,CUST-141,South,Karnataka,SKU-012,Green Tea Pack,Groceries,25,815.88,27-10-2025,20397,No
ORD-01920,18-10-2025,CUST-113,North,Punjab,SKU-015,Football,Sports,13,1952.28,25-10-2025,25379.64,No
ORD-01921,19-10-2025,CUST-105,West,Gujarat,SKU-001,Wireless Mouse,Electronics,34,2055.9,29-10-2025,69900.6,No
ORD-01922,19-10-2025,CUST-107,North,Uttar Pradesh,SKU-005,Denim Jacket,Apparel,46,1110.65,28-10-2025,51089.9,No
ORD-01923,19-10-2025,CUST-136,North,Rajasthan,SKU-006,Running Shoes,Apparel,13,183.06,29-10-2025,2379.78,No
ORD-01924,19-10-2025,CUST-119,South,Andhra Pradesh,SKU-009,LED Lamp,Home & Kitchen,33,1646.8,28-10-2025,54344.4,Yes
ORD-01925,19-10-2025,CUST-171,East,West Bengal,SKU-013,Yoga Mat,Sports,25,2445.11,26-10-2025,61127.75,No
ORD-01926,19-10-2025,CUST-189,East,Bihar,SKU-015,Football,Sports,15,1952.28,23-10-2025,29284.2,No
ORD-01927,20-10-2025,CUST-123,East,West Bengal,SKU-002,Bluetooth Speaker,Electronics,23,1695.1,26-10-2025,38987.3,No
ORD-01928,20-10-2025,CUST-132,North,Uttar Pradesh,SKU-005,Denim Jacket,Apparel,14,1110.65,27-10-2025,15549.1,Yes
ORD-01929,20-10-2025,CUST-106,North,Uttar Pradesh,SKU-006,Running Shoes,Apparel,13,183.06,30-10-2025,2379.78,No
ORD-01930,20-10-2025,CUST-104,East,West Bengal,SKU-009,LED Lamp,Home & Kitchen,17,1646.8,29-10-2025,27995.6,No
ORD-01931,21-10-2025,CUST-196,North,Rajasthan,SKU-006,Running Shoes,Apparel,24,183.06,27-10-2025,4393.44,No
ORD-01932,21-10-2025,CUST-159,West,Madhya Pradesh,SKU-008,Air Fryer,Home & Kitchen,39,912.26,28-10-2025,35578.14,Yes
ORD-01933,21-10-2025,CUST-158,West,Goa,SKU-011,Cooking Oil 1L,Groceries,43,1064.79,29-10-2025,45785.97,No
ORD-01934,21-10-2025,CUST-100,West,Madhya Pradesh,SKU-013,Yoga Mat,Sports,38,2445.11,28-10-2025,92914.18,No
ORD-01935,21-10-2025,CUST-128,East,West Bengal,SKU-014,Cricket Bat,Sports,8,1833.14,28-10-2025,14665.12,No
ORD-01936,22-10-2025,CUST-191,South,Karnataka,SKU-002,Bluetooth Speaker,Electronics,29,1695.1,30-10-2025,49157.9,Yes
ORD-01937,22-10-2025,CUST-103,North,Rajasthan,SKU-003,USB-C Charger,Electronics,52,2555.22,26-10-2025,132871.44,No
ORD-01938,22-10-2025,CUST-129,South,Andhra Pradesh,SKU-007,Non-stick Pan,Home & Kitchen,21,2108.56,30-10-2025,44279.76,Yes
ORD-01939,22-10-2025,CUST-127,East,Bihar,SKU-008,Air Fryer,Home & Kitchen,78,912.26,28-10-2025,71156.28,No
ORD-01940,22-10-2025,CUST-115,West,Madhya Pradesh,SKU-009,LED Lamp,Home & Kitchen,46,1646.8,01-11-2025,75752.8,No
ORD-01941,22-10-2025,CUST-148,North,Uttar Pradesh,SKU-010,Basmati Rice 5kg,Groceries,69,689,28-10-2025,47541,No
ORD-01942,22-10-2025,CUST-125,South,Tamil Nadu,SKU-011,Cooking Oil 1L,Groceries,24,1064.79,31-10-2025,25554.96,Yes
ORD-01943,22-10-2025,CUST-120,South,Kerala,SKU-014,Cricket Bat,Sports,11,1833.14,26-10-2025,20164.54,No
ORD-01944,22-10-2025,CUST-194,East,West Bengal,SKU-015,Football,Sports,10,1952.28,01-11-2025,19522.8,No
ORD-01945,23-10-2025,CUST-161,East,Jharkhand,SKU-002,Bluetooth Speaker,Electronics,29,1695.1,31-10-2025,49157.9,No
ORD-01946,23-10-2025,CUST-153,West,Goa,SKU-005,Denim Jacket,Apparel,66,1110.65,01-11-2025,73302.9,Yes
ORD-01947,23-10-2025,CUST-155,East,West Bengal,SKU-007,Non-stick Pan,Home & Kitchen,14,2108.56,27-10-2025,29519.84,No
ORD-01948,23-10-2025,CUST-183,West,Gujarat,SKU-008,Air Fryer,Home & Kitchen,61,912.26,27-10-2025,55647.86,No
ORD-01949,23-10-2025,CUST-105,South,Telangana,SKU-010,Basmati Rice 5kg,Groceries,74,689,31-10-2025,50986,Yes
ORD-01950,23-10-2025,CUST-116,South,Karnataka,SKU-012,Green Tea Pack,Groceries,28,815.88,26-10-2025,22844.64,No
ORD-01951,23-10-2025,CUST-194,East,Jharkhand,SKU-013,Yoga Mat,Sports,29,2445.11,29-10-2025,70908.19,No
ORD-01952,23-10-2025,CUST-120,West,Madhya Pradesh,SKU-014,Cricket Bat,Sports,8,1833.14,01-11-2025,14665.12,No
ORD-01953,23-10-2025,CUST-146,North,Haryana,SKU-015,Football,Sports,20,1952.28,28-10-2025,39045.6,No
ORD-01954,24-10-2025,CUST-139,West,Madhya Pradesh,SKU-002,Bluetooth Speaker,Electronics,14,1695.1,30-10-2025,23731.4,No
ORD-01955,24-10-2025,CUST-103,West,Goa,SKU-005,Denim Jacket,Apparel,25,1110.65,01-11-2025,27766.25,No
ORD-01956,24-10-2025,CUST-152,North,Uttar Pradesh,SKU-006,Running Shoes,Apparel,26,183.06,29-10-2025,4759.56,No
ORD-01957,24-10-2025,CUST-111,West,Goa,SKU-010,Basmati Rice 5kg,Groceries,60,689,30-10-2025,41340,Yes
ORD-01958,24-10-2025,CUST-159,West,Goa,SKU-012,Green Tea Pack,Groceries,39,815.88,03-11-2025,31819.32,No
ORD-01959,24-10-2025,CUST-160,West,Maharashtra,SKU-015,Football,Sports,6,1952.28,31-10-2025,11713.68,No
ORD-01960,25-10-2025,CUST-184,East,Bihar,SKU-002,Bluetooth Speaker,Electronics,15,1695.1,02-11-2025,25426.5,No
ORD-01961,25-10-2025,CUST-116,South,Kerala,SKU-005,Denim Jacket,Apparel,11,1110.65,31-10-2025,12217.15,No
ORD-01962,25-10-2025,CUST-195,North,Rajasthan,SKU-008,Air Fryer,Home & Kitchen,51,912.26,29-10-2025,46525.26,No
ORD-01963,25-10-2025,CUST-123,East,Jharkhand,SKU-010,Basmati Rice 5kg,Groceries,38,689,01-11-2025,26182,No
ORD-01964,25-10-2025,CUST-185,East,Bihar,SKU-011,Cooking Oil 1L,Groceries,39,1064.79,04-11-2025,41526.81,Yes
ORD-01965,25-10-2025,CUST-195,West,Goa,SKU-013,Yoga Mat,Sports,17,2445.11,28-10-2025,41566.87,No
ORD-01966,26-10-2025,CUST-130,South,Tamil Nadu,SKU-002,Bluetooth Speaker,Electronics,26,1695.1,29-10-2025,44072.6,No
ORD-01967,26-10-2025,CUST-124,West,Goa,SKU-003,USB-C Charger,Electronics,62,2555.22,03-11-2025,158423.64,No
ORD-01968,26-10-2025,CUST-169,West,Maharashtra,SKU-005,Denim Jacket,Apparel,35,1110.65,02-11-2025,38872.75,Yes
ORD-01969,26-10-2025,CUST-143,South,Tamil Nadu,SKU-006,Running Shoes,Apparel,15,183.06,03-11-2025,2745.9,Yes
ORD-01970,26-10-2025,CUST-198,West,Maharashtra,SKU-007,Non-stick Pan,Home & Kitchen,27,2108.56,05-11-2025,56931.12,Yes
ORD-01971,26-10-2025,CUST-154,North,Rajasthan,SKU-010,Basmati Rice 5kg,Groceries,41,689,03-11-2025,28249,No
ORD-01972,26-10-2025,CUST-158,North,Punjab,SKU-012,Green Tea Pack,Groceries,32,815.88,01-11-2025,26108.16,Yes
ORD-01973,26-10-2025,CUST-139,West,Gujarat,SKU-013,Yoga Mat,Sports,31,2445.11,03-11-2025,75798.41,No
ORD-01974,26-10-2025,CUST-164,South,Kerala,SKU-014,Cricket Bat,Sports,6,1833.14,30-10-2025,10998.84,No
ORD-01975,26-10-2025,CUST-118,South,Karnataka,SKU-015,Football,Sports,23,1952.28,01-11-2025,44902.44,No
ORD-01976,27-10-2025,CUST-167,South,Kerala,SKU-002,Bluetooth Speaker,Electronics,12,1695.1,04-11-2025,20341.2,No
ORD-01977,27-10-2025,CUST-147,South,Karnataka,SKU-005,Denim Jacket,Apparel,19,1110.65,01-11-2025,21102.35,No
ORD-01978,27-10-2025,CUST-181,South,Telangana,SKU-006,Running Shoes,Apparel,15,183.06,01-11-2025,2745.9,No
ORD-01979,27-10-2025,CUST-135,North,Haryana,SKU-009,LED Lamp,Home & Kitchen,35,1646.8,02-11-2025,57638,Yes
ORD-01980,27-10-2025,CUST-160,West,Maharashtra,SKU-012,Green Tea Pack,Groceries,27,815.88,05-11-2025,22028.76,Yes
ORD-01981,27-10-2025,CUST-132,East,Jharkhand,SKU-013,Yoga Mat,Sports,30,2445.11,31-10-2025,73353.3,No
ORD-01982,27-10-2025,CUST-107,West,Goa,SKU-014,Cricket Bat,Sports,5,1833.14,31-10-2025,9165.7,No
ORD-01983,27-10-2025,CUST-150,South,Andhra Pradesh,SKU-015,Football,Sports,9,1952.28,02-11-2025,17570.52,No
ORD-01984,28-10-2025,CUST-131,East,Jharkhand,SKU-002,Bluetooth Speaker,Electronics,22,1695.1,03-11-2025,37292.2,No
ORD-01985,28-10-2025,CUST-115,South,Kerala,SKU-003,USB-C Charger,Electronics,56,2555.22,06-11-2025,143092.32,No
ORD-01986,28-10-2025,CUST-186,East,West Bengal,SKU-004,Cotton T-Shirt,Apparel,16,850.8,02-11-2025,13612.8,No
ORD-01987,28-10-2025,CUST-198,West,Goa,SKU-006,Running Shoes,Apparel,21,183.06,01-11-2025,3844.26,No
ORD-01988,28-10-2025,CUST-138,North,Uttar Pradesh,SKU-007,Non-stick Pan,Home & Kitchen,20,2108.56,07-11-2025,42171.2,Yes
ORD-01989,28-10-2025,CUST-134,North,Punjab,SKU-010,Basmati Rice 5kg,Groceries,68,689,05-11-2025,46852,Yes
ORD-01990,28-10-2025,CUST-114,West,Goa,SKU-011,Cooking Oil 1L,Groceries,29,1064.79,04-11-2025,30878.91,No
ORD-01991,28-10-2025,CUST-197,East,Bihar,SKU-012,Green Tea Pack,Groceries,41,815.88,07-11-2025,33451.08,Yes
ORD-01992,28-10-2025,CUST-111,East,West Bengal,SKU-013,Yoga Mat,Sports,47,2445.11,01-11-2025,114920.17,No
ORD-01993,28-10-2025,CUST-153,North,Haryana,SKU-014,Cricket Bat,Sports,9,1833.14,06-11-2025,16498.26,No
ORD-01994,29-10-2025,CUST-132,East,Odisha,SKU-002,Bluetooth Speaker,Electronics,14,1695.1,05-11-2025,23731.4,No
ORD-01995,29-10-2025,CUST-101,North,Delhi,SKU-003,USB-C Charger,Electronics,67,2555.22,02-11-2025,171199.74,No
ORD-01996,29-10-2025,CUST-185,East,West Bengal,SKU-007,Non-stick Pan,Home & Kitchen,2,2108.56,07-11-2025,4217.12,No
ORD-01997,29-10-2025,CUST-177,West,Gujarat,SKU-008,Air Fryer,Home & Kitchen,55,912.26,07-11-2025,50174.3,Yes
ORD-01998,29-10-2025,CUST-175,North,Punjab,SKU-009,LED Lamp,Home & Kitchen,11,1646.8,02-11-2025,18114.8,No
ORD-01999,29-10-2025,CUST-150,North,Haryana,SKU-011,Cooking Oil 1L,Groceries,49,1064.79,07-11-2025,52174.71,No
ORD-02000,29-10-2025,CUST-158,North,Delhi,SKU-012,Green Tea Pack,Groceries,22,815.88,08-11-2025,17949.36,Yes
ORD-02001,30-10-2025,CUST-112,East,Bihar,SKU-003,USB-C Charger,Electronics,41,2555.22,07-11-2025,104764.02,Yes
ORD-02002,30-10-2025,CUST-145,South,Andhra Pradesh,SKU-008,Air Fryer,Home & Kitchen,48,912.26,07-11-2025,43788.48,Yes
ORD-02003,30-10-2025,CUST-198,South,Kerala,SKU-009,LED Lamp,Home & Kitchen,26,1646.8,06-11-2025,42816.8,No
ORD-02004,30-10-2025,CUST-194,West,Gujarat,SKU-010,Basmati Rice 5kg,Groceries,33,689,07-11-2025,22737,Yes
ORD-02005,30-10-2025,CUST-178,South,Kerala,SKU-013,Yoga Mat,Sports,27,2445.11,07-11-2025,66017.97,No
ORD-02006,30-10-2025,CUST-112,North,Punjab,SKU-014,Cricket Bat,Sports,8,1833.14,06-11-2025,14665.12,No
ORD-02007,31-10-2025,CUST-125,East,West Bengal,SKU-001,Wireless Mouse,Electronics,32,2055.9,09-11-2025,65788.8,Yes
ORD-02008,31-10-2025,CUST-146,South,Telangana,SKU-004,Cotton T-Shirt,Apparel,17,850.8,10-11-2025,14463.6,No
ORD-02009,31-10-2025,CUST-196,South,Andhra Pradesh,SKU-006,Running Shoes,Apparel,23,183.06,07-11-2025,4210.38,Yes
ORD-02010,31-10-2025,CUST-125,North,Haryana,SKU-007,Non-stick Pan,Home & Kitchen,22,2108.56,04-11-2025,46388.32,No
ORD-02011,31-10-2025,CUST-133,South,Tamil Nadu,SKU-008,Air Fryer,Home & Kitchen,21,912.26,09-11-2025,19157.46,No
ORD-02012,31-10-2025,CUST-113,East,Odisha,SKU-011,Cooking Oil 1L,Groceries,28,1064.79,09-11-2025,29814.12,Yes
ORD-02013,31-10-2025,CUST-170,South,Telangana,SKU-014,Cricket Bat,Sports,8,1833.14,06-11-2025,14665.12,No
ORD-02014,01-11-2025,CUST-128,South,Kerala,SKU-001,Wireless Mouse,Electronics,68,2055.9,11-11-2025,139801.2,No
ORD-02015,01-11-2025,CUST-118,North,Rajasthan,SKU-002,Bluetooth Speaker,Electronics,23,1695.1,07-11-2025,38987.3,No
ORD-02016,01-11-2025,CUST-178,West,Madhya Pradesh,SKU-003,USB-C Charger,Electronics,66,2555.22,04-11-2025,168644.52,No
ORD-02017,01-11-2025,CUST-123,West,Madhya Pradesh,SKU-005,Denim Jacket,Apparel,19,1110.65,10-11-2025,21102.35,Yes
ORD-02018,01-11-2025,CUST-146,South,Andhra Pradesh,SKU-013,Yoga Mat,Sports,27,2445.11,09-11-2025,66017.97,No
ORD-02019,01-11-2025,CUST-141,South,Telangana,SKU-014,Cricket Bat,Sports,3,1833.14,06-11-2025,5499.42,No
ORD-02020,02-11-2025,CUST-168,East,Odisha,SKU-002,Bluetooth Speaker,Electronics,36,1695.1,12-11-2025,61023.6,No
ORD-02021,02-11-2025,CUST-191,South,Telangana,SKU-003,USB-C Charger,Electronics,49,2555.22,10-11-2025,125205.78,No
ORD-02022,02-11-2025,CUST-163,West,Goa,SKU-006,Running Shoes,Apparel,13,183.06,12-11-2025,2379.78,No
ORD-02023,02-11-2025,CUST-171,North,Delhi,SKU-007,Non-stick Pan,Home & Kitchen,18,2108.56,12-11-2025,37954.08,Yes
ORD-02024,02-11-2025,CUST-108,East,Jharkhand,SKU-011,Cooking Oil 1L,Groceries,48,1064.79,10-11-2025,51109.92,Yes
ORD-02025,03-11-2025,CUST-142,South,Andhra Pradesh,SKU-005,Denim Jacket,Apparel,20,1110.65,10-11-2025,22213,No
ORD-02026,03-11-2025,CUST-100,North,Uttar Pradesh,SKU-009,LED Lamp,Home & Kitchen,27,1646.8,11-11-2025,44463.6,Yes
ORD-02027,03-11-2025,CUST-167,West,Gujarat,SKU-011,Cooking Oil 1L,Groceries,82,1064.79,07-11-2025,87312.78,No
ORD-02028,03-11-2025,CUST-123,North,Uttar Pradesh,SKU-014,Cricket Bat,Sports,13,1833.14,08-11-2025,23830.82,No
ORD-02029,04-11-2025,CUST-152,West,Goa,SKU-002,Bluetooth Speaker,Electronics,36,1695.1,13-11-2025,61023.6,No
ORD-02030,04-11-2025,CUST-123,North,Rajasthan,SKU-004,Cotton T-Shirt,Apparel,25,850.8,12-11-2025,21270,No
ORD-02031,04-11-2025,CUST-163,North,Uttar Pradesh,SKU-005,Denim Jacket,Apparel,39,1110.65,11-11-2025,43315.35,Yes
ORD-02032,04-11-2025,CUST-125,South,Andhra Pradesh,SKU-006,Running Shoes,Apparel,23,183.06,13-11-2025,4210.38,Yes
ORD-02033,04-11-2025,CUST-196,North,Haryana,SKU-007,Non-stick Pan,Home & Kitchen,15,2108.56,14-11-2025,31628.4,No
ORD-02034,04-11-2025,CUST-171,North,Rajasthan,SKU-009,LED Lamp,Home & Kitchen,21,1646.8,07-11-2025,34582.8,No
ORD-02035,04-11-2025,CUST-100,East,West Bengal,SKU-011,Cooking Oil 1L,Groceries,96,1064.79,07-11-2025,102219.84,No
ORD-02036,04-11-2025,CUST-172,East,Odisha,SKU-012,Green Tea Pack,Groceries,33,815.88,07-11-2025,26924.04,No
ORD-02037,04-11-2025,CUST-144,North,Delhi,SKU-015,Football,Sports,9,1952.28,10-11-2025,17570.52,No
ORD-02038,05-11-2025,CUST-156,North,Rajasthan,SKU-008,Air Fryer,Home & Kitchen,42,912.26,10-11-2025,38314.92,No
ORD-02039,05-11-2025,CUST-144,South,Kerala,SKU-013,Yoga Mat,Sports,56,2445.11,09-11-2025,136926.16,No
ORD-02040,05-11-2025,CUST-163,South,Andhra Pradesh,SKU-015,Football,Sports,7,1952.28,09-11-2025,13665.96,No
ORD-02041,06-11-2025,CUST-143,South,Kerala,SKU-007,Non-stick Pan,Home & Kitchen,14,2108.56,10-11-2025,29519.84,No
ORD-02042,06-11-2025,CUST-162,South,Andhra Pradesh,SKU-008,Air Fryer,Home & Kitchen,53,912.26,12-11-2025,48349.78,No
ORD-02043,06-11-2025,CUST-184,North,Uttar Pradesh,SKU-010,Basmati Rice 5kg,Groceries,91,689,16-11-2025,62699,Yes
ORD-02044,06-11-2025,CUST-167,West,Goa,SKU-012,Green Tea Pack,Groceries,44,815.88,14-11-2025,35898.72,No
ORD-02045,06-11-2025,CUST-180,West,Goa,SKU-015,Football,Sports,15,1952.28,13-11-2025,29284.2,No
ORD-02046,07-11-2025,CUST-110,West,Madhya Pradesh,SKU-001,Wireless Mouse,Electronics,60,2055.9,16-11-2025,123354,No
ORD-02047,07-11-2025,CUST-139,West,Gujarat,SKU-002,Bluetooth Speaker,Electronics,29,1695.1,16-11-2025,49157.9,No
ORD-02048,07-11-2025,CUST-139,South,Karnataka,SKU-008,Air Fryer,Home & Kitchen,64,912.26,11-11-2025,58384.64,No
ORD-02049,07-11-2025,CUST-187,West,Gujarat,SKU-012,Green Tea Pack,Groceries,30,815.88,10-11-2025,24476.4,No
ORD-02050,07-11-2025,CUST-187,North,Rajasthan,SKU-015,Football,Sports,13,1952.28,15-11-2025,25379.64,No
ORD-02051,08-11-2025,CUST-109,South,Andhra Pradesh,SKU-002,Bluetooth Speaker,Electronics,36,1695.1,16-11-2025,61023.6,No
ORD-02052,08-11-2025,CUST-126,North,Delhi,SKU-006,Running Shoes,Apparel,13,183.06,17-11-2025,2379.78,No
ORD-02053,08-11-2025,CUST-122,West,Maharashtra,SKU-008,Air Fryer,Home & Kitchen,52,912.26,16-11-2025,47437.52,Yes
ORD-02054,08-11-2025,CUST-105,South,Kerala,SKU-010,Basmati Rice 5kg,Groceries,78,689,17-11-2025,53742,Yes
ORD-02055,08-11-2025,CUST-187,East,Bihar,SKU-011,Cooking Oil 1L,Groceries,48,1064.79,17-11-2025,51109.92,Yes
ORD-02056,08-11-2025,CUST-152,North,Haryana,SKU-012,Green Tea Pack,Groceries,49,815.88,15-11-2025,39978.12,Yes
ORD-02057,08-11-2025,CUST-199,West,Madhya Pradesh,SKU-013,Yoga Mat,Sports,24,2445.11,14-11-2025,58682.64,No
ORD-02058,08-11-2025,CUST-180,West,Gujarat,SKU-014,Cricket Bat,Sports,9,1833.14,11-11-2025,16498.26,No
ORD-02059,08-11-2025,CUST-109,North,Delhi,SKU-015,Football,Sports,11,1952.28,14-11-2025,21475.08,No
ORD-02060,09-11-2025,CUST-108,South,Karnataka,SKU-001,Wireless Mouse,Electronics,34,2055.9,19-11-2025,69900.6,Yes
ORD-02061,09-11-2025,CUST-136,East,Jharkhand,SKU-003,USB-C Charger,Electronics,42,2555.22,18-11-2025,107319.24,No
ORD-02062,09-11-2025,CUST-113,North,Haryana,SKU-004,Cotton T-Shirt,Apparel,2,850.8,16-11-2025,1701.6,No
ORD-02063,09-11-2025,CUST-171,West,Goa,SKU-005,Denim Jacket,Apparel,40,1110.65,13-11-2025,44426,No
ORD-02064,09-11-2025,CUST-160,West,Maharashtra,SKU-006,Running Shoes,Apparel,14,183.06,12-11-2025,2562.84,No
ORD-02065,09-11-2025,CUST-110,North,Haryana,SKU-007,Non-stick Pan,Home & Kitchen,18,2108.56,14-11-2025,37954.08,No
ORD-02066,09-11-2025,CUST-156,South,Telangana,SKU-008,Air Fryer,Home & Kitchen,83,912.26,17-11-2025,75717.58,No
ORD-02067,09-11-2025,CUST-198,South,Karnataka,SKU-009,LED Lamp,Home & Kitchen,25,1646.8,15-11-2025,41170,No
ORD-02068,09-11-2025,CUST-119,East,Odisha,SKU-011,Cooking Oil 1L,Groceries,23,1064.79,12-11-2025,24490.17,No
ORD-02069,09-11-2025,CUST-150,West,Goa,SKU-013,Yoga Mat,Sports,38,2445.11,12-11-2025,92914.18,No
ORD-02070,09-11-2025,CUST-164,North,Haryana,SKU-014,Cricket Bat,Sports,10,1833.14,16-11-2025,18331.4,No
ORD-02071,09-11-2025,CUST-103,West,Gujarat,SKU-015,Football,Sports,8,1952.28,19-11-2025,15618.24,No
ORD-02072,10-11-2025,CUST-177,East,Jharkhand,SKU-001,Wireless Mouse,Electronics,32,2055.9,16-11-2025,65788.8,No
ORD-02073,10-11-2025,CUST-152,North,Haryana,SKU-003,USB-C Charger,Electronics,49,2555.22,14-11-2025,125205.78,No
ORD-02074,10-11-2025,CUST-147,North,Rajasthan,SKU-005,Denim Jacket,Apparel,33,1110.65,18-11-2025,36651.45,Yes
ORD-02075,10-11-2025,CUST-100,North,Rajasthan,SKU-006,Running Shoes,Apparel,20,183.06,19-11-2025,3661.2,Yes
ORD-02076,10-11-2025,CUST-197,North,Delhi,SKU-009,LED Lamp,Home & Kitchen,28,1646.8,16-11-2025,46110.4,No
ORD-02077,10-11-2025,CUST-136,West,Madhya Pradesh,SKU-011,Cooking Oil 1L,Groceries,26,1064.79,19-11-2025,27684.54,Yes
ORD-02078,10-11-2025,CUST-187,West,Gujarat,SKU-012,Green Tea Pack,Groceries,12,815.88,16-11-2025,9790.56,Yes
ORD-02079,10-11-2025,CUST-158,East,Jharkhand,SKU-014,Cricket Bat,Sports,11,1833.14,15-11-2025,20164.54,No
ORD-02080,10-11-2025,CUST-181,South,Karnataka,SKU-015,Football,Sports,10,1952.28,17-11-2025,19522.8,No
ORD-02081,11-11-2025,CUST-155,East,Bihar,SKU-002,Bluetooth Speaker,Electronics,21,1695.1,14-11-2025,35597.1,No
ORD-02082,11-11-2025,CUST-152,South,Tamil Nadu,SKU-003,USB-C Charger,Electronics,53,2555.22,21-11-2025,135426.66,No
ORD-02083,11-11-2025,CUST-153,West,Maharashtra,SKU-005,Denim Jacket,Apparel,28,1110.65,20-11-2025,31098.2,Yes
ORD-02084,11-11-2025,CUST-117,South,Telangana,SKU-010,Basmati Rice 5kg,Groceries,39,689,20-11-2025,26871,Yes
ORD-02085,11-11-2025,CUST-159,West,Maharashtra,SKU-011,Cooking Oil 1L,Groceries,43,1064.79,19-11-2025,45785.97,Yes
ORD-02086,11-11-2025,CUST-127,West,Maharashtra,SKU-012,Green Tea Pack,Groceries,18,815.88,18-11-2025,14685.84,No
ORD-02087,11-11-2025,CUST-199,West,Maharashtra,SKU-013,Yoga Mat,Sports,45,2445.11,18-11-2025,110029.95,No
ORD-02088,11-11-2025,CUST-143,South,Karnataka,SKU-014,Cricket Bat,Sports,10,1833.14,17-11-2025,18331.4,No
ORD-02089,12-11-2025,CUST-149,South,Tamil Nadu,SKU-002,Bluetooth Speaker,Electronics,23,1695.1,18-11-2025,38987.3,No
ORD-02090,12-11-2025,CUST-182,West,Maharashtra,SKU-003,USB-C Charger,Electronics,43,2555.22,17-11-2025,109874.46,No
ORD-02091,12-11-2025,CUST-197,West,Gujarat,SKU-006,Running Shoes,Apparel,15,183.06,17-11-2025,2745.9,No
ORD-02092,12-11-2025,CUST-186,North,Delhi,SKU-007,Non-stick Pan,Home & Kitchen,21,2108.56,15-11-2025,44279.76,No
ORD-02093,12-11-2025,CUST-142,North,Haryana,SKU-009,LED Lamp,Home & Kitchen,41,1646.8,15-11-2025,67518.8,No
ORD-02094,12-11-2025,CUST-125,South,Karnataka,SKU-010,Basmati Rice 5kg,Groceries,49,689,20-11-2025,33761,No
ORD-02095,12-11-2025,CUST-174,West,Gujarat,SKU-012,Green Tea Pack,Groceries,47,815.88,20-11-2025,38346.36,Yes
ORD-02096,12-11-2025,CUST-171,South,Andhra Pradesh,SKU-015,Football,Sports,13,1952.28,16-11-2025,25379.64,No
ORD-02097,13-11-2025,CUST-120,West,Gujarat,SKU-002,Bluetooth Speaker,Electronics,13,1695.1,22-11-2025,22036.3,No
ORD-02098,13-11-2025,CUST-114,South,Kerala,SKU-004,Cotton T-Shirt,Apparel,21,850.8,19-11-2025,17866.8,No
ORD-02099,13-11-2025,CUST-148,West,Maharashtra,SKU-006,Running Shoes,Apparel,29,183.06,23-11-2025,5308.74,Yes
ORD-02100,13-11-2025,CUST-175,East,Odisha,SKU-007,Non-stick Pan,Home & Kitchen,20,2108.56,16-11-2025,42171.2,No
ORD-02101,13-11-2025,CUST-143,North,Haryana,SKU-010,Basmati Rice 5kg,Groceries,82,689,21-11-2025,56498,Yes
ORD-02102,13-11-2025,CUST-179,East,Jharkhand,SKU-012,Green Tea Pack,Groceries,14,815.88,18-11-2025,11422.32,No
ORD-02103,13-11-2025,CUST-181,East,Odisha,SKU-015,Football,Sports,20,1952.28,19-11-2025,39045.6,No
ORD-02104,14-11-2025,CUST-145,West,Madhya Pradesh,SKU-001,Wireless Mouse,Electronics,27,2055.9,18-11-2025,55509.3,No
ORD-02105,14-11-2025,CUST-146,East,West Bengal,SKU-002,Bluetooth Speaker,Electronics,27,1695.1,19-11-2025,45767.7,No
ORD-02106,14-11-2025,CUST-166,North,Uttar Pradesh,SKU-003,USB-C Charger,Electronics,34,2555.22,21-11-2025,86877.48,No
ORD-02107,14-11-2025,CUST-155,East,Bihar,SKU-006,Running Shoes,Apparel,17,183.06,24-11-2025,3112.02,No
ORD-02108,14-11-2025,CUST-184,North,Rajasthan,SKU-007,Non-stick Pan,Home & Kitchen,22,2108.56,24-11-2025,46388.32,No
ORD-02109,14-11-2025,CUST-194,North,Rajasthan,SKU-008,Air Fryer,Home & Kitchen,85,912.26,17-11-2025,77542.1,No
ORD-02110,14-11-2025,CUST-160,West,Goa,SKU-009,LED Lamp,Home & Kitchen,27,1646.8,20-11-2025,44463.6,No
ORD-02111,14-11-2025,CUST-142,East,Bihar,SKU-010,Basmati Rice 5kg,Groceries,43,689,23-11-2025,29627,Yes
ORD-02112,14-11-2025,CUST-116,East,Odisha,SKU-014,Cricket Bat,Sports,6,1833.14,22-11-2025,10998.84,No
ORD-02113,15-11-2025,CUST-185,East,Odisha,SKU-003,USB-C Charger,Electronics,74,2555.22,19-11-2025,189086.28,No
ORD-02114,15-11-2025,CUST-197,North,Delhi,SKU-006,Running Shoes,Apparel,10,183.06,20-11-2025,1830.6,No
ORD-02115,15-11-2025,CUST-199,North,Haryana,SKU-007,Non-stick Pan,Home & Kitchen,18,2108.56,21-11-2025,37954.08,Yes
ORD-02116,15-11-2025,CUST-194,East,Jharkhand,SKU-009,LED Lamp,Home & Kitchen,27,1646.8,18-11-2025,44463.6,No
ORD-02117,15-11-2025,CUST-180,East,West Bengal,SKU-012,Green Tea Pack,Groceries,16,815.88,25-11-2025,13054.08,Yes
ORD-02118,15-11-2025,CUST-107,South,Telangana,SKU-014,Cricket Bat,Sports,4,1833.14,19-11-2025,7332.56,No
ORD-02119,15-11-2025,CUST-191,North,Rajasthan,SKU-015,Football,Sports,11,1952.28,19-11-2025,21475.08,No
ORD-02120,16-11-2025,CUST-126,North,Uttar Pradesh,SKU-001,Wireless Mouse,Electronics,35,2055.9,22-11-2025,71956.5,No
ORD-02121,16-11-2025,CUST-190,West,Maharashtra,SKU-003,USB-C Charger,Electronics,37,2555.22,22-11-2025,94543.14,No
ORD-02122,16-11-2025,CUST-193,North,Uttar Pradesh,SKU-005,Denim Jacket,Apparel,28,1110.65,23-11-2025,31098.2,Yes
ORD-02123,16-11-2025,CUST-133,South,Tamil Nadu,SKU-006,Running Shoes,Apparel,15,183.06,22-11-2025,2745.9,No
ORD-02124,16-11-2025,CUST-189,North,Delhi,SKU-009,LED Lamp,Home & Kitchen,24,1646.8,20-11-2025,39523.2,No
ORD-02125,16-11-2025,CUST-120,West,Gujarat,SKU-010,Basmati Rice 5kg,Groceries,64,689,22-11-2025,44096,No
ORD-02126,16-11-2025,CUST-132,East,Odisha,SKU-015,Football,Sports,6,1952.28,25-11-2025,11713.68,No
ORD-02127,17-11-2025,CUST-163,East,Jharkhand,SKU-005,Denim Jacket,Apparel,34,1110.65,21-11-2025,37762.1,No
ORD-02128,17-11-2025,CUST-110,West,Gujarat,SKU-007,Non-stick Pan,Home & Kitchen,15,2108.56,26-11-2025,31628.4,Yes
ORD-02129,17-11-2025,CUST-189,North,Haryana,SKU-008,Air Fryer,Home & Kitchen,50,912.26,25-11-2025,45613,No
ORD-02130,17-11-2025,CUST-195,West,Maharashtra,SKU-011,Cooking Oil 1L,Groceries,41,1064.79,25-11-2025,43656.39,Yes
ORD-02131,17-11-2025,CUST-129,South,Andhra Pradesh,SKU-012,Green Tea Pack,Groceries,28,815.88,23-11-2025,22844.64,No
ORD-02132,17-11-2025,CUST-152,West,Gujarat,SKU-013,Yoga Mat,Sports,44,2445.11,25-11-2025,107584.84,No
ORD-02133,17-11-2025,CUST-159,West,Gujarat,SKU-015,Football,Sports,13,1952.28,26-11-2025,25379.64,No
ORD-02134,18-11-2025,CUST-153,North,Punjab,SKU-002,Bluetooth Speaker,Electronics,4,1695.1,27-11-2025,6780.4,No
ORD-02135,18-11-2025,CUST-101,West,Madhya Pradesh,SKU-005,Denim Jacket,Apparel,38,1110.65,26-11-2025,42204.7,No
ORD-02136,18-11-2025,CUST-127,North,Uttar Pradesh,SKU-008,Air Fryer,Home & Kitchen,43,912.26,23-11-2025,39227.18,No
ORD-02137,18-11-2025,CUST-102,West,Gujarat,SKU-009,LED Lamp,Home & Kitchen,17,1646.8,24-11-2025,27995.6,No
ORD-02138,18-11-2025,CUST-170,East,West Bengal,SKU-010,Basmati Rice 5kg,Groceries,50,689,25-11-2025,34450,No
ORD-02139,18-11-2025,CUST-155,South,Karnataka,SKU-011,Cooking Oil 1L,Groceries,21,1064.79,27-11-2025,22360.59,No
ORD-02140,18-11-2025,CUST-108,East,Odisha,SKU-014,Cricket Bat,Sports,8,1833.14,22-11-2025,14665.12,No
ORD-02141,19-11-2025,CUST-153,West,Madhya Pradesh,SKU-002,Bluetooth Speaker,Electronics,13,1695.1,25-11-2025,22036.3,No
ORD-02142,19-11-2025,CUST-180,South,Karnataka,SKU-003,USB-C Charger,Electronics,42,2555.22,26-11-2025,107319.24,No
ORD-02143,19-11-2025,CUST-176,South,Tamil Nadu,SKU-004,Cotton T-Shirt,Apparel,14,850.8,23-11-2025,11911.2,No
ORD-02144,19-11-2025,CUST-188,South,Tamil Nadu,SKU-006,Running Shoes,Apparel,25,183.06,27-11-2025,4576.5,No
ORD-02145,19-11-2025,CUST-147,West,Maharashtra,SKU-007,Non-stick Pan,Home & Kitchen,19,2108.56,29-11-2025,40062.64,Yes
ORD-02146,19-11-2025,CUST-188,South,Karnataka,SKU-008,Air Fryer,Home & Kitchen,49,912.26,27-11-2025,44700.74,Yes
ORD-02147,19-11-2025,CUST-116,East,Odisha,SKU-014,Cricket Bat,Sports,5,1833.14,25-11-2025,9165.7,No
ORD-02148,20-11-2025,CUST-102,East,Jharkhand,SKU-006,Running Shoes,Apparel,26,183.06,30-11-2025,4759.56,Yes
ORD-02149,20-11-2025,CUST-167,West,Madhya Pradesh,SKU-008,Air Fryer,Home & Kitchen,50,912.26,24-11-2025,45613,No
ORD-02150,20-11-2025,CUST-199,South,Kerala,SKU-013,Yoga Mat,Sports,16,2445.11,29-11-2025,39121.76,No
ORD-02151,20-11-2025,CUST-160,South,Karnataka,SKU-015,Football,Sports,15,1952.28,23-11-2025,29284.2,No
ORD-02152,21-11-2025,CUST-141,East,Jharkhand,SKU-001,Wireless Mouse,Electronics,63,2055.9,24-11-2025,129521.7,No
ORD-02153,21-11-2025,CUST-177,South,Tamil Nadu,SKU-004,Cotton T-Shirt,Apparel,16,850.8,29-11-2025,13612.8,Yes
ORD-02154,21-11-2025,CUST-194,South,Karnataka,SKU-009,LED Lamp,Home & Kitchen,31,1646.8,24-11-2025,51050.8,No
ORD-02155,21-11-2025,CUST-138,East,West Bengal,SKU-012,Green Tea Pack,Groceries,20,815.88,24-11-2025,16317.6,No
ORD-02156,21-11-2025,CUST-103,North,Delhi,SKU-013,Yoga Mat,Sports,44,2445.11,28-11-2025,107584.84,No
ORD-02157,22-11-2025,CUST-157,West,Goa,SKU-001,Wireless Mouse,Electronics,10,2055.9,27-11-2025,20559,No
ORD-02158,22-11-2025,CUST-158,East,Jharkhand,SKU-005,Denim Jacket,Apparel,39,1110.65,29-11-2025,43315.35,Yes
ORD-02159,22-11-2025,CUST-141,North,Punjab,SKU-006,Running Shoes,Apparel,13,183.06,27-11-2025,2379.78,No
ORD-02160,22-11-2025,CUST-170,West,Gujarat,SKU-007,Non-stick Pan,Home & Kitchen,14,2108.56,30-11-2025,29519.84,Yes
ORD-02161,22-11-2025,CUST-180,West,Madhya Pradesh,SKU-008,Air Fryer,Home & Kitchen,39,912.26,25-11-2025,35578.14,No
ORD-02162,22-11-2025,CUST-178,North,Rajasthan,SKU-010,Basmati Rice 5kg,Groceries,72,689,30-11-2025,49608,Yes
ORD-02163,22-11-2025,CUST-192,South,Karnataka,SKU-012,Green Tea Pack,Groceries,33,815.88,25-11-2025,26924.04,No
ORD-02164,22-11-2025,CUST-166,South,Telangana,SKU-015,Football,Sports,10,1952.28,26-11-2025,19522.8,No
ORD-02165,23-11-2025,CUST-110,West,Goa,SKU-002,Bluetooth Speaker,Electronics,22,1695.1,01-12-2025,37292.2,No
ORD-02166,23-11-2025,CUST-163,West,Madhya Pradesh,SKU-003,USB-C Charger,Electronics,3,2555.22,27-11-2025,7665.66,No
ORD-02167,23-11-2025,CUST-157,South,Andhra Pradesh,SKU-007,Non-stick Pan,Home & Kitchen,23,2108.56,29-11-2025,48496.88,No
ORD-02168,23-11-2025,CUST-129,South,Andhra Pradesh,SKU-008,Air Fryer,Home & Kitchen,77,912.26,30-11-2025,70244.02,No
ORD-02169,23-11-2025,CUST-161,North,Uttar Pradesh,SKU-009,LED Lamp,Home & Kitchen,23,1646.8,29-11-2025,37876.4,No
ORD-02170,23-11-2025,CUST-119,South,Andhra Pradesh,SKU-010,Basmati Rice 5kg,Groceries,44,689,29-11-2025,30316,Yes
ORD-02171,23-11-2025,CUST-165,East,Odisha,SKU-012,Green Tea Pack,Groceries,33,815.88,26-11-2025,26924.04,No
ORD-02172,24-11-2025,CUST-126,South,Tamil Nadu,SKU-002,Bluetooth Speaker,Electronics,10,1695.1,27-11-2025,16951,No
ORD-02173,24-11-2025,CUST-165,South,Telangana,SKU-004,Cotton T-Shirt,Apparel,15,850.8,02-12-2025,12762,No
ORD-02174,24-11-2025,CUST-168,North,Delhi,SKU-005,Denim Jacket,Apparel,19,1110.65,29-11-2025,21102.35,No
ORD-02175,24-11-2025,CUST-125,East,Bihar,SKU-008,Air Fryer,Home & Kitchen,30,912.26,29-11-2025,27367.8,No
ORD-02176,24-11-2025,CUST-133,West,Goa,SKU-009,LED Lamp,Home & Kitchen,21,1646.8,02-12-2025,34582.8,Yes
ORD-02177,24-11-2025,CUST-126,South,Andhra Pradesh,SKU-010,Basmati Rice 5kg,Groceries,46,689,03-12-2025,31694,No
ORD-02178,24-11-2025,CUST-113,South,Tamil Nadu,SKU-011,Cooking Oil 1L,Groceries,52,1064.79,03-12-2025,55369.08,Yes
ORD-02179,24-11-2025,CUST-175,East,Odisha,SKU-012,Green Tea Pack,Groceries,15,815.88,30-11-2025,12238.2,No
ORD-02180,24-11-2025,CUST-182,South,Telangana,SKU-013,Yoga Mat,Sports,24,2445.11,27-11-2025,58682.64,No
ORD-02181,25-11-2025,CUST-123,East,Bihar,SKU-001,Wireless Mouse,Electronics,29,2055.9,01-12-2025,59621.1,No
ORD-02182,25-11-2025,CUST-192,East,Bihar,SKU-002,Bluetooth Speaker,Electronics,21,1695.1,04-12-2025,35597.1,No
ORD-02183,25-11-2025,CUST-171,East,Bihar,SKU-004,Cotton T-Shirt,Apparel,17,850.8,05-12-2025,14463.6,Yes
ORD-02184,25-11-2025,CUST-100,North,Uttar Pradesh,SKU-008,Air Fryer,Home & Kitchen,11,912.26,29-11-2025,10034.86,No
ORD-02185,25-11-2025,CUST-112,North,Delhi,SKU-013,Yoga Mat,Sports,21,2445.11,30-11-2025,51347.31,No
ORD-02186,25-11-2025,CUST-154,East,Odisha,SKU-014,Cricket Bat,Sports,10,1833.14,01-12-2025,18331.4,No
ORD-02187,25-11-2025,CUST-115,East,Jharkhand,SKU-015,Football,Sports,10,1952.28,28-11-2025,19522.8,No
ORD-02188,26-11-2025,CUST-126,North,Haryana,SKU-001,Wireless Mouse,Electronics,43,2055.9,06-12-2025,88403.7,Yes
ORD-02189,26-11-2025,CUST-114,North,Haryana,SKU-005,Denim Jacket,Apparel,46,1110.65,29-11-2025,51089.9,No
ORD-02190,26-11-2025,CUST-189,West,Gujarat,SKU-010,Basmati Rice 5kg,Groceries,39,689,29-11-2025,26871,No
ORD-02191,26-11-2025,CUST-186,West,Madhya Pradesh,SKU-011,Cooking Oil 1L,Groceries,44,1064.79,05-12-2025,46850.76,Yes
ORD-02192,26-11-2025,CUST-155,West,Madhya Pradesh,SKU-012,Green Tea Pack,Groceries,25,815.88,06-12-2025,20397,No
ORD-02193,26-11-2025,CUST-184,North,Uttar Pradesh,SKU-013,Yoga Mat,Sports,46,2445.11,29-11-2025,112475.06,No
ORD-02194,27-11-2025,CUST-103,East,Jharkhand,SKU-003,USB-C Charger,Electronics,41,2555.22,04-12-2025,104764.02,No
ORD-02195,27-11-2025,CUST-172,West,Goa,SKU-005,Denim Jacket,Apparel,26,1110.65,30-11-2025,28876.9,No
ORD-02196,27-11-2025,CUST-176,East,West Bengal,SKU-011,Cooking Oil 1L,Groceries,19,1064.79,01-12-2025,20231.01,No
ORD-02197,27-11-2025,CUST-141,East,Jharkhand,SKU-014,Cricket Bat,Sports,6,1833.14,02-12-2025,10998.84,No
ORD-02198,27-11-2025,CUST-147,West,Madhya Pradesh,SKU-015,Football,Sports,8,1952.28,06-12-2025,15618.24,No
ORD-02199,28-11-2025,CUST-146,West,Gujarat,SKU-003,USB-C Charger,Electronics,29,2555.22,07-12-2025,74101.38,Yes
ORD-02200,28-11-2025,CUST-117,East,Odisha,SKU-004,Cotton T-Shirt,Apparel,6,850.8,05-12-2025,5104.8,Yes
ORD-02201,28-11-2025,CUST-176,East,Odisha,SKU-011,Cooking Oil 1L,Groceries,89,1064.79,03-12-2025,94766.31,No
ORD-02202,28-11-2025,CUST-126,West,Gujarat,SKU-014,Cricket Bat,Sports,4,1833.14,03-12-2025,7332.56,No
ORD-02203,28-11-2025,CUST-166,North,Uttar Pradesh,SKU-015,Football,Sports,9,1952.28,01-12-2025,17570.52,No
ORD-02204,29-11-2025,CUST-194,South,Tamil Nadu,SKU-002,Bluetooth Speaker,Electronics,23,1695.1,04-12-2025,38987.3,No
ORD-02205,29-11-2025,CUST-166,West,Goa,SKU-006,Running Shoes,Apparel,20,183.06,08-12-2025,3661.2,No
ORD-02206,29-11-2025,CUST-195,West,Madhya Pradesh,SKU-007,Non-stick Pan,Home & Kitchen,12,2108.56,07-12-2025,25302.72,No
ORD-02207,29-11-2025,CUST-191,North,Rajasthan,SKU-010,Basmati Rice 5kg,Groceries,41,689,05-12-2025,28249,No
ORD-02208,30-11-2025,CUST-138,South,Telangana,SKU-002,Bluetooth Speaker,Electronics,18,1695.1,09-12-2025,30511.8,No
ORD-02209,30-11-2025,CUST-137,North,Haryana,SKU-004,Cotton T-Shirt,Apparel,18,850.8,03-12-2025,15314.4,No
ORD-02210,30-11-2025,CUST-108,East,West Bengal,SKU-005,Denim Jacket,Apparel,31,1110.65,04-12-2025,34430.15,No
ORD-02211,30-11-2025,CUST-189,East,Bihar,SKU-007,Non-stick Pan,Home & Kitchen,25,2108.56,03-12-2025,52714,No
ORD-02212,30-11-2025,CUST-126,East,Bihar,SKU-008,Air Fryer,Home & Kitchen,41,912.26,08-12-2025,37402.66,No
ORD-02213,30-11-2025,CUST-186,West,Madhya Pradesh,SKU-009,LED Lamp,Home & Kitchen,16,1646.8,03-12-2025,26348.8,No
ORD-02214,30-11-2025,CUST-189,West,Maharashtra,SKU-012,Green Tea Pack,Groceries,25,815.88,07-12-2025,20397,No
ORD-02215,30-11-2025,CUST-187,West,Gujarat,SKU-014,Cricket Bat,Sports,6,1833.14,08-12-2025,10998.84,No
ORD-02216,01-12-2025,CUST-197,North,Punjab,SKU-001,Wireless Mouse,Electronics,40,2055.9,11-12-2025,82236,No
ORD-02217,01-12-2025,CUST-158,West,Maharashtra,SKU-004,Cotton T-Shirt,Apparel,15,850.8,05-12-2025,12762,No
ORD-02218,01-12-2025,CUST-104,East,West Bengal,SKU-006,Running Shoes,Apparel,8,183.06,11-12-2025,1464.48,No
ORD-02219,01-12-2025,CUST-178,West,Goa,SKU-007,Non-stick Pan,Home & Kitchen,19,2108.56,07-12-2025,40062.64,Yes
ORD-02220,01-12-2025,CUST-175,North,Uttar Pradesh,SKU-008,Air Fryer,Home & Kitchen,16,912.26,06-12-2025,14596.16,No
ORD-02221,01-12-2025,CUST-168,North,Punjab,SKU-010,Basmati Rice 5kg,Groceries,29,689,10-12-2025,19981,Yes
ORD-02222,01-12-2025,CUST-189,West,Madhya Pradesh,SKU-011,Cooking Oil 1L,Groceries,48,1064.79,05-12-2025,51109.92,No
ORD-02223,01-12-2025,CUST-137,East,West Bengal,SKU-012,Green Tea Pack,Groceries,11,815.88,04-12-2025,8974.68,No
ORD-02224,01-12-2025,CUST-109,South,Tamil Nadu,SKU-013,Yoga Mat,Sports,39,2445.11,06-12-2025,95359.29,No
ORD-02225,01-12-2025,CUST-198,West,Madhya Pradesh,SKU-015,Football,Sports,6,1952.28,06-12-2025,11713.68,No
ORD-02226,02-12-2025,CUST-128,East,Jharkhand,SKU-001,Wireless Mouse,Electronics,57,2055.9,07-12-2025,117186.3,No
ORD-02227,02-12-2025,CUST-156,West,Goa,SKU-008,Air Fryer,Home & Kitchen,55,912.26,05-12-2025,50174.3,No
ORD-02228,02-12-2025,CUST-102,East,Jharkhand,SKU-009,LED Lamp,Home & Kitchen,28,1646.8,11-12-2025,46110.4,No
ORD-02229,02-12-2025,CUST-108,North,Uttar Pradesh,SKU-011,Cooking Oil 1L,Groceries,35,1064.79,11-12-2025,37267.65,Yes
ORD-02230,02-12-2025,CUST-160,West,Maharashtra,SKU-012,Green Tea Pack,Groceries,34,815.88,10-12-2025,27739.92,Yes
ORD-02231,02-12-2025,CUST-120,North,Rajasthan,SKU-014,Cricket Bat,Sports,9,1833.14,05-12-2025,16498.26,No
ORD-02232,03-12-2025,CUST-171,East,West Bengal,SKU-002,Bluetooth Speaker,Electronics,19,1695.1,11-12-2025,32206.9,No
ORD-02233,03-12-2025,CUST-117,West,Goa,SKU-007,Non-stick Pan,Home & Kitchen,21,2108.56,10-12-2025,44279.76,Yes
ORD-02234,03-12-2025,CUST-165,North,Delhi,SKU-008,Air Fryer,Home & Kitchen,53,912.26,06-12-2025,48349.78,No
ORD-02235,03-12-2025,CUST-138,South,Kerala,SKU-009,LED Lamp,Home & Kitchen,18,1646.8,06-12-2025,29642.4,No
ORD-02236,03-12-2025,CUST-161,South,Andhra Pradesh,SKU-010,Basmati Rice 5kg,Groceries,28,689,09-12-2025,19292,No
ORD-02237,03-12-2025,CUST-122,West,Gujarat,SKU-011,Cooking Oil 1L,Groceries,29,1064.79,07-12-2025,30878.91,No
ORD-02238,03-12-2025,CUST-165,South,Tamil Nadu,SKU-015,Football,Sports,11,1952.28,08-12-2025,21475.08,No
ORD-02239,04-12-2025,CUST-131,West,Goa,SKU-002,Bluetooth Speaker,Electronics,1,1695.1,09-12-2025,1695.1,No
ORD-02240,04-12-2025,CUST-133,West,Maharashtra,SKU-004,Cotton T-Shirt,Apparel,16,850.8,10-12-2025,13612.8,No
ORD-02241,04-12-2025,CUST-103,South,Tamil Nadu,SKU-005,Denim Jacket,Apparel,12,1110.65,13-12-2025,13327.8,Yes
ORD-02242,04-12-2025,CUST-195,South,Telangana,SKU-008,Air Fryer,Home & Kitchen,65,912.26,10-12-2025,59296.9,No
ORD-02243,04-12-2025,CUST-176,East,West Bengal,SKU-012,Green Tea Pack,Groceries,44,815.88,10-12-2025,35898.72,No
ORD-02244,04-12-2025,CUST-153,North,Rajasthan,SKU-014,Cricket Bat,Sports,5,1833.14,07-12-2025,9165.7,No
ORD-02245,05-12-2025,CUST-138,East,Bihar,SKU-004,Cotton T-Shirt,Apparel,16,850.8,13-12-2025,13612.8,Yes
ORD-02246,06-12-2025,CUST-111,West,Gujarat,SKU-001,Wireless Mouse,Electronics,53,2055.9,14-12-2025,108962.7,No
ORD-02247,06-12-2025,CUST-176,South,Telangana,SKU-005,Denim Jacket,Apparel,15,1110.65,13-12-2025,16659.75,No
ORD-02248,06-12-2025,CUST-130,South,Telangana,SKU-006,Running Shoes,Apparel,7,183.06,14-12-2025,1281.42,Yes
ORD-02249,06-12-2025,CUST-135,East,Odisha,SKU-007,Non-stick Pan,Home & Kitchen,13,2108.56,15-12-2025,27411.28,No
ORD-02250,06-12-2025,CUST-198,East,Jharkhand,SKU-010,Basmati Rice 5kg,Groceries,76,689,11-12-2025,52364,No
ORD-02251,06-12-2025,CUST-126,West,Goa,SKU-011,Cooking Oil 1L,Groceries,38,1064.79,14-12-2025,40462.02,Yes
ORD-02252,06-12-2025,CUST-181,South,Telangana,SKU-013,Yoga Mat,Sports,16,2445.11,13-12-2025,39121.76,No
ORD-02253,06-12-2025,CUST-182,West,Madhya Pradesh,SKU-014,Cricket Bat,Sports,9,1833.14,11-12-2025,16498.26,No
ORD-02254,06-12-2025,CUST-161,East,Odisha,SKU-015,Football,Sports,4,1952.28,15-12-2025,7809.12,No
ORD-02255,07-12-2025,CUST-148,West,Gujarat,SKU-003,USB-C Charger,Electronics,44,2555.22,11-12-2025,112429.68,No
ORD-02256,07-12-2025,CUST-132,West,Goa,SKU-004,Cotton T-Shirt,Apparel,19,850.8,13-12-2025,16165.2,Yes
ORD-02257,07-12-2025,CUST-154,West,Madhya Pradesh,SKU-008,Air Fryer,Home & Kitchen,39,912.26,10-12-2025,35578.14,No
ORD-02258,07-12-2025,CUST-117,South,Telangana,SKU-011,Cooking Oil 1L,Groceries,43,1064.79,11-12-2025,45785.97,No
ORD-02259,07-12-2025,CUST-108,East,Odisha,SKU-012,Green Tea Pack,Groceries,35,815.88,10-12-2025,28555.8,No
ORD-02260,07-12-2025,CUST-116,North,Rajasthan,SKU-013,Yoga Mat,Sports,1,2445.11,14-12-2025,2445.11,No
ORD-02261,08-12-2025,CUST-114,East,Odisha,SKU-001,Wireless Mouse,Electronics,56,2055.9,11-12-2025,115130.4,No
ORD-02262,08-12-2025,CUST-129,South,Kerala,SKU-004,Cotton T-Shirt,Apparel,12,850.8,14-12-2025,10209.6,No
ORD-02263,08-12-2025,CUST-102,East,West Bengal,SKU-007,Non-stick Pan,Home & Kitchen,6,2108.56,13-12-2025,12651.36,No
ORD-02264,08-12-2025,CUST-126,North,Delhi,SKU-009,LED Lamp,Home & Kitchen,19,1646.8,17-12-2025,31289.2,No
ORD-02265,08-12-2025,CUST-162,North,Delhi,SKU-011,Cooking Oil 1L,Groceries,45,1064.79,15-12-2025,47915.55,No
ORD-02266,08-12-2025,CUST-128,South,Kerala,SKU-012,Green Tea Pack,Groceries,1,815.88,17-12-2025,815.88,Yes
ORD-02267,08-12-2025,CUST-100,South,Andhra Pradesh,SKU-014,Cricket Bat,Sports,8,1833.14,12-12-2025,14665.12,No
ORD-02268,09-12-2025,CUST-157,South,Kerala,SKU-001,Wireless Mouse,Electronics,50,2055.9,18-12-2025,102795,No
ORD-02269,09-12-2025,CUST-156,South,Karnataka,SKU-002,Bluetooth Speaker,Electronics,26,1695.1,19-12-2025,44072.6,Yes
ORD-02270,09-12-2025,CUST-102,East,Bihar,SKU-004,Cotton T-Shirt,Apparel,12,850.8,18-12-2025,10209.6,No
ORD-02271,09-12-2025,CUST-141,North,Haryana,SKU-005,Denim Jacket,Apparel,28,1110.65,17-12-2025,31098.2,No
ORD-02272,09-12-2025,CUST-176,West,Goa,SKU-010,Basmati Rice 5kg,Groceries,32,689,13-12-2025,22048,No
ORD-02273,09-12-2025,CUST-151,East,West Bengal,SKU-011,Cooking Oil 1L,Groceries,38,1064.79,17-12-2025,40462.02,No
ORD-02274,09-12-2025,CUST-129,West,Goa,SKU-012,Green Tea Pack,Groceries,37,815.88,16-12-2025,30187.56,Yes
ORD-02275,09-12-2025,CUST-157,North,Punjab,SKU-015,Football,Sports,13,1952.28,13-12-2025,25379.64,No
ORD-02276,10-12-2025,CUST-146,West,Madhya Pradesh,SKU-001,Wireless Mouse,Electronics,37,2055.9,18-12-2025,76068.3,No
ORD-02277,10-12-2025,CUST-111,West,Gujarat,SKU-002,Bluetooth Speaker,Electronics,14,1695.1,19-12-2025,23731.4,No
ORD-02278,10-12-2025,CUST-134,East,Odisha,SKU-003,USB-C Charger,Electronics,51,2555.22,16-12-2025,130316.22,No
ORD-02279,10-12-2025,CUST-104,West,Maharashtra,SKU-005,Denim Jacket,Apparel,38,1110.65,16-12-2025,42204.7,No
ORD-02280,10-12-2025,CUST-111,South,Andhra Pradesh,SKU-006,Running Shoes,Apparel,21,183.06,16-12-2025,3844.26,No
ORD-02281,10-12-2025,CUST-167,East,West Bengal,SKU-007,Non-stick Pan,Home & Kitchen,16,2108.56,14-12-2025,33736.96,No
ORD-02282,10-12-2025,CUST-135,South,Telangana,SKU-009,LED Lamp,Home & Kitchen,21,1646.8,19-12-2025,34582.8,Yes
ORD-02283,10-12-2025,CUST-111,North,Punjab,SKU-010,Basmati Rice 5kg,Groceries,40,689,16-12-2025,27560,No
ORD-02284,11-12-2025,CUST-154,South,Telangana,SKU-001,Wireless Mouse,Electronics,58,2055.9,21-12-2025,119242.2,No
ORD-02285,11-12-2025,CUST-108,North,Rajasthan,SKU-002,Bluetooth Speaker,Electronics,23,1695.1,15-12-2025,38987.3,No
ORD-02286,11-12-2025,CUST-168,North,Delhi,SKU-003,USB-C Charger,Electronics,35,2555.22,16-12-2025,89432.7,No
ORD-02287,11-12-2025,CUST-131,North,Rajasthan,SKU-006,Running Shoes,Apparel,20,183.06,16-12-2025,3661.2,No
ORD-02288,11-12-2025,CUST-198,East,Odisha,SKU-007,Non-stick Pan,Home & Kitchen,23,2108.56,16-12-2025,48496.88,No
ORD-02289,11-12-2025,CUST-121,North,Uttar Pradesh,SKU-009,LED Lamp,Home & Kitchen,21,1646.8,16-12-2025,34582.8,Yes
ORD-02290,11-12-2025,CUST-173,East,Odisha,SKU-012,Green Tea Pack,Groceries,32,815.88,19-12-2025,26108.16,Yes
ORD-02291,12-12-2025,CUST-117,North,Rajasthan,SKU-002,Bluetooth Speaker,Electronics,20,1695.1,21-12-2025,33902,No
ORD-02292,12-12-2025,CUST-186,West,Gujarat,SKU-003,USB-C Charger,Electronics,41,2555.22,22-12-2025,104764.02,No
ORD-02293,12-12-2025,CUST-164,West,Madhya Pradesh,SKU-013,Yoga Mat,Sports,32,2445.11,17-12-2025,78243.52,No
ORD-02294,12-12-2025,CUST-126,North,Delhi,SKU-014,Cricket Bat,Sports,14,1833.14,15-12-2025,25663.96,No
ORD-02295,13-12-2025,CUST-148,West,Maharashtra,SKU-001,Wireless Mouse,Electronics,35,2055.9,22-12-2025,71956.5,No
ORD-02296,13-12-2025,CUST-140,West,Gujarat,SKU-002,Bluetooth Speaker,Electronics,31,1695.1,16-12-2025,52548.1,No
ORD-02297,13-12-2025,CUST-157,South,Andhra Pradesh,SKU-003,USB-C Charger,Electronics,60,2555.22,18-12-2025,153313.2,No
ORD-02298,13-12-2025,CUST-118,North,Rajasthan,SKU-005,Denim Jacket,Apparel,35,1110.65,19-12-2025,38872.75,No
ORD-02299,13-12-2025,CUST-126,West,Gujarat,SKU-008,Air Fryer,Home & Kitchen,28,912.26,21-12-2025,25543.28,Yes
ORD-02300,13-12-2025,CUST-131,South,Kerala,SKU-009,LED Lamp,Home & Kitchen,32,1646.8,16-12-2025,52697.6,No
ORD-02301,13-12-2025,CUST-183,West,Maharashtra,SKU-012,Green Tea Pack,Groceries,44,815.88,22-12-2025,35898.72,No
ORD-02302,13-12-2025,CUST-145,West,Madhya Pradesh,SKU-013,Yoga Mat,Sports,36,2445.11,20-12-2025,88023.96,No
ORD-02303,13-12-2025,CUST-145,East,West Bengal,SKU-014,Cricket Bat,Sports,13,1833.14,17-12-2025,23830.82,No
ORD-02304,13-12-2025,CUST-101,North,Punjab,SKU-015,Football,Sports,10,1952.28,18-12-2025,19522.8,No
ORD-02305,14-12-2025,CUST-165,South,Andhra Pradesh,SKU-001,Wireless Mouse,Electronics,39,2055.9,17-12-2025,80180.1,No
ORD-02306,14-12-2025,CUST-151,East,Odisha,SKU-003,USB-C Charger,Electronics,32,2555.22,24-12-2025,81767.04,No
ORD-02307,14-12-2025,CUST-156,West,Goa,SKU-007,Non-stick Pan,Home & Kitchen,24,2108.56,18-12-2025,50605.44,No
ORD-02308,14-12-2025,CUST-185,North,Rajasthan,SKU-008,Air Fryer,Home & Kitchen,56,912.26,17-12-2025,51086.56,No
ORD-02309,14-12-2025,CUST-193,East,West Bengal,SKU-010,Basmati Rice 5kg,Groceries,54,689,24-12-2025,37206,Yes
ORD-02310,14-12-2025,CUST-111,West,Madhya Pradesh,SKU-011,Cooking Oil 1L,Groceries,34,1064.79,20-12-2025,36202.86,No
ORD-02311,14-12-2025,CUST-117,South,Karnataka,SKU-012,Green Tea Pack,Groceries,33,815.88,17-12-2025,26924.04,No
ORD-02312,14-12-2025,CUST-153,South,Telangana,SKU-013,Yoga Mat,Sports,35,2445.11,20-12-2025,85578.85,No
ORD-02313,14-12-2025,CUST-100,North,Rajasthan,SKU-014,Cricket Bat,Sports,1,1833.14,20-12-2025,1833.14,No
ORD-02314,14-12-2025,CUST-133,West,Goa,SKU-015,Football,Sports,6,1952.28,17-12-2025,11713.68,No
ORD-02315,15-12-2025,CUST-114,North,Delhi,SKU-002,Bluetooth Speaker,Electronics,25,1695.1,25-12-2025,42377.5,No
ORD-02316,15-12-2025,CUST-160,East,Jharkhand,SKU-005,Denim Jacket,Apparel,30,1110.65,23-12-2025,33319.5,No
ORD-02317,15-12-2025,CUST-176,South,Andhra Pradesh,SKU-011,Cooking Oil 1L,Groceries,62,1064.79,22-12-2025,66016.98,No
ORD-02318,15-12-2025,CUST-155,West,Maharashtra,SKU-012,Green Tea Pack,Groceries,47,815.88,18-12-2025,38346.36,No
ORD-02319,15-12-2025,CUST-106,East,Bihar,SKU-013,Yoga Mat,Sports,41,2445.11,24-12-2025,100249.51,No
ORD-02320,15-12-2025,CUST-171,South,Kerala,SKU-015,Football,Sports,10,1952.28,20-12-2025,19522.8,No
ORD-02321,16-12-2025,CUST-112,East,Odisha,SKU-002,Bluetooth Speaker,Electronics,29,1695.1,21-12-2025,49157.9,No
ORD-02322,16-12-2025,CUST-153,East,Odisha,SKU-003,USB-C Charger,Electronics,39,2555.22,25-12-2025,99653.58,Yes
ORD-02323,16-12-2025,CUST-199,East,Jharkhand,SKU-004,Cotton T-Shirt,Apparel,17,850.8,20-12-2025,14463.6,No
ORD-02324,16-12-2025,CUST-155,South,Karnataka,SKU-006,Running Shoes,Apparel,25,183.06,25-12-2025,4576.5,No
ORD-02325,16-12-2025,CUST-115,East,Jharkhand,SKU-007,Non-stick Pan,Home & Kitchen,22,2108.56,24-12-2025,46388.32,No
ORD-02326,16-12-2025,CUST-150,South,Telangana,SKU-008,Air Fryer,Home & Kitchen,48,912.26,26-12-2025,43788.48,No
ORD-02327,16-12-2025,CUST-143,South,Karnataka,SKU-009,LED Lamp,Home & Kitchen,28,1646.8,21-12-2025,46110.4,No
ORD-02328,16-12-2025,CUST-194,North,Delhi,SKU-013,Yoga Mat,Sports,25,2445.11,20-12-2025,61127.75,No
ORD-02329,16-12-2025,CUST-106,North,Haryana,SKU-014,Cricket Bat,Sports,3,1833.14,21-12-2025,5499.42,No
ORD-02330,17-12-2025,CUST-146,East,Bihar,SKU-001,Wireless Mouse,Electronics,55,2055.9,24-12-2025,113074.5,No
ORD-02331,17-12-2025,CUST-104,North,Punjab,SKU-003,USB-C Charger,Electronics,51,2555.22,21-12-2025,130316.22,No
ORD-02332,17-12-2025,CUST-150,West,Goa,SKU-007,Non-stick Pan,Home & Kitchen,21,2108.56,22-12-2025,44279.76,No
ORD-02333,17-12-2025,CUST-178,East,Bihar,SKU-008,Air Fryer,Home & Kitchen,30,912.26,21-12-2025,27367.8,No
ORD-02334,17-12-2025,CUST-177,East,Odisha,SKU-009,LED Lamp,Home & Kitchen,18,1646.8,27-12-2025,29642.4,No
ORD-02335,17-12-2025,CUST-177,South,Kerala,SKU-010,Basmati Rice 5kg,Groceries,51,689,27-12-2025,35139,Yes
ORD-02336,17-12-2025,CUST-185,South,Tamil Nadu,SKU-012,Green Tea Pack,Groceries,19,815.88,25-12-2025,15501.72,Yes
ORD-02337,17-12-2025,CUST-153,South,Telangana,SKU-015,Football,Sports,8,1952.28,26-12-2025,15618.24,No
ORD-02338,18-12-2025,CUST-119,South,Tamil Nadu,SKU-004,Cotton T-Shirt,Apparel,17,850.8,28-12-2025,14463.6,Yes
ORD-02339,18-12-2025,CUST-113,West,Madhya Pradesh,SKU-005,Denim Jacket,Apparel,56,1110.65,23-12-2025,62196.4,No
ORD-02340,18-12-2025,CUST-136,East,Jharkhand,SKU-006,Running Shoes,Apparel,21,183.06,22-12-2025,3844.26,No
ORD-02341,18-12-2025,CUST-190,South,Kerala,SKU-010,Basmati Rice 5kg,Groceries,64,689,25-12-2025,44096,No
ORD-02342,18-12-2025,CUST-124,East,Odisha,SKU-013,Yoga Mat,Sports,43,2445.11,27-12-2025,105139.73,No
ORD-02343,18-12-2025,CUST-149,South,Telangana,SKU-014,Cricket Bat,Sports,13,1833.14,25-12-2025,23830.82,No
ORD-02344,19-12-2025,CUST-195,West,Gujarat,SKU-005,Denim Jacket,Apparel,38,1110.65,27-12-2025,42204.7,No
ORD-02345,19-12-2025,CUST-153,North,Uttar Pradesh,SKU-010,Basmati Rice 5kg,Groceries,54,689,26-12-2025,37206,Yes
ORD-02346,19-12-2025,CUST-130,West,Goa,SKU-013,Yoga Mat,Sports,27,2445.11,24-12-2025,66017.97,No
ORD-02347,20-12-2025,CUST-178,East,Odisha,SKU-002,Bluetooth Speaker,Electronics,23,1695.1,28-12-2025,38987.3,Yes
ORD-02348,20-12-2025,CUST-161,South,Telangana,SKU-003,USB-C Charger,Electronics,22,2555.22,24-12-2025,56214.84,No
ORD-02349,20-12-2025,CUST-167,West,Madhya Pradesh,SKU-004,Cotton T-Shirt,Apparel,13,850.8,27-12-2025,11060.4,No
ORD-02350,20-12-2025,CUST-158,East,Bihar,SKU-009,LED Lamp,Home & Kitchen,35,1646.8,23-12-2025,57638,No
ORD-02351,20-12-2025,CUST-160,West,Maharashtra,SKU-012,Green Tea Pack,Groceries,27,815.88,24-12-2025,22028.76,No
ORD-02352,21-12-2025,CUST-175,South,Karnataka,SKU-001,Wireless Mouse,Electronics,54,2055.9,29-12-2025,111018.6,No
ORD-02353,21-12-2025,CUST-129,East,Odisha,SKU-002,Bluetooth Speaker,Electronics,18,1695.1,24-12-2025,30511.8,No
ORD-02354,21-12-2025,CUST-167,South,Kerala,SKU-003,USB-C Charger,Electronics,65,2555.22,24-12-2025,166089.3,No
ORD-02355,21-12-2025,CUST-100,West,Maharashtra,SKU-004,Cotton T-Shirt,Apparel,23,850.8,30-12-2025,19568.4,Yes
ORD-02356,21-12-2025,CUST-135,West,Madhya Pradesh,SKU-005,Denim Jacket,Apparel,30,1110.65,25-12-2025,33319.5,No
ORD-02357,21-12-2025,CUST-198,North,Delhi,SKU-006,Running Shoes,Apparel,24,183.06,28-12-2025,4393.44,Yes
ORD-02358,21-12-2025,CUST-122,South,Kerala,SKU-014,Cricket Bat,Sports,4,1833.14,29-12-2025,7332.56,No
ORD-02359,21-12-2025,CUST-161,North,Haryana,SKU-015,Football,Sports,8,1952.28,27-12-2025,15618.24,No
ORD-02360,22-12-2025,CUST-121,East,Odisha,SKU-001,Wireless Mouse,Electronics,47,2055.9,29-12-2025,96627.3,No
ORD-02361,22-12-2025,CUST-146,North,Punjab,SKU-003,USB-C Charger,Electronics,53,2555.22,27-12-2025,135426.66,No
ORD-02362,22-12-2025,CUST-109,South,Tamil Nadu,SKU-005,Denim Jacket,Apparel,29,1110.65,26-12-2025,32208.85,No
ORD-02363,22-12-2025,CUST-122,North,Uttar Pradesh,SKU-008,Air Fryer,Home & Kitchen,52,912.26,29-12-2025,47437.52,No
ORD-02364,22-12-2025,CUST-165,North,Rajasthan,SKU-010,Basmati Rice 5kg,Groceries,76,689,01-01-2026,52364,No
ORD-02365,22-12-2025,CUST-169,East,Odisha,SKU-014,Cricket Bat,Sports,9,1833.14,28-12-2025,16498.26,No
ORD-02366,23-12-2025,CUST-120,South,Telangana,SKU-006,Running Shoes,Apparel,19,183.06,31-12-2025,3478.14,Yes
ORD-02367,23-12-2025,CUST-113,West,Maharashtra,SKU-010,Basmati Rice 5kg,Groceries,65,689,01-01-2026,44785,No
ORD-02368,23-12-2025,CUST-179,West,Maharashtra,SKU-011,Cooking Oil 1L,Groceries,24,1064.79,29-12-2025,25554.96,No
ORD-02369,23-12-2025,CUST-171,West,Gujarat,SKU-014,Cricket Bat,Sports,10,1833.14,02-01-2026,18331.4,No
ORD-02370,23-12-2025,CUST-125,North,Uttar Pradesh,SKU-015,Football,Sports,11,1952.28,31-12-2025,21475.08,No
ORD-02371,24-12-2025,CUST-185,East,Odisha,SKU-001,Wireless Mouse,Electronics,49,2055.9,27-12-2025,100739.1,No
ORD-02372,24-12-2025,CUST-140,West,Goa,SKU-003,USB-C Charger,Electronics,63,2555.22,27-12-2025,160978.86,No
ORD-02373,24-12-2025,CUST-175,South,Tamil Nadu,SKU-004,Cotton T-Shirt,Apparel,21,850.8,28-12-2025,17866.8,No
ORD-02374,24-12-2025,CUST-181,East,West Bengal,SKU-009,LED Lamp,Home & Kitchen,15,1646.8,27-12-2025,24702,No
ORD-02375,24-12-2025,CUST-113,North,Uttar Pradesh,SKU-010,Basmati Rice 5kg,Groceries,30,689,27-12-2025,20670,No
ORD-02376,25-12-2025,CUST-109,East,Odisha,SKU-002,Bluetooth Speaker,Electronics,19,1695.1,03-01-2026,32206.9,Yes
ORD-02377,25-12-2025,CUST-103,East,West Bengal,SKU-003,USB-C Charger,Electronics,39,2555.22,28-12-2025,99653.58,No
ORD-02378,25-12-2025,CUST-117,North,Delhi,SKU-004,Cotton T-Shirt,Apparel,22,850.8,29-12-2025,18717.6,No
ORD-02379,25-12-2025,CUST-140,North,Haryana,SKU-005,Denim Jacket,Apparel,41,1110.65,02-01-2026,45536.65,No
ORD-02380,25-12-2025,CUST-174,North,Delhi,SKU-006,Running Shoes,Apparel,20,183.06,31-12-2025,3661.2,No
ORD-02381,25-12-2025,CUST-191,East,Bihar,SKU-007,Non-stick Pan,Home & Kitchen,15,2108.56,29-12-2025,31628.4,Yes
ORD-02382,25-12-2025,CUST-196,North,Haryana,SKU-010,Basmati Rice 5kg,Groceries,79,689,03-01-2026,54431,Yes
ORD-02383,25-12-2025,CUST-134,North,Uttar Pradesh,SKU-011,Cooking Oil 1L,Groceries,53,1064.79,02-01-2026,56433.87,No
ORD-02384,25-12-2025,CUST-175,North,Uttar Pradesh,SKU-012,Green Tea Pack,Groceries,29,815.88,29-12-2025,23660.52,No
ORD-02385,25-12-2025,CUST-151,North,Rajasthan,SKU-013,Yoga Mat,Sports,20,2445.11,02-01-2026,48902.2,No
ORD-02386,25-12-2025,CUST-110,East,West Bengal,SKU-014,Cricket Bat,Sports,8,1833.14,31-12-2025,14665.12,No
ORD-02387,25-12-2025,CUST-180,North,Rajasthan,SKU-015,Football,Sports,8,1952.28,29-12-2025,15618.24,No
ORD-02388,26-12-2025,CUST-152,North,Punjab,SKU-003,USB-C Charger,Electronics,28,2555.22,01-01-2026,71546.16,No
ORD-02389,26-12-2025,CUST-124,East,Jharkhand,SKU-010,Basmati Rice 5kg,Groceries,27,689,04-01-2026,18603,No
ORD-02390,26-12-2025,CUST-175,West,Gujarat,SKU-011,Cooking Oil 1L,Groceries,58,1064.79,04-01-2026,61757.82,No
ORD-02391,26-12-2025,CUST-190,West,Madhya Pradesh,SKU-013,Yoga Mat,Sports,32,2445.11,30-12-2025,78243.52,No
ORD-02392,26-12-2025,CUST-100,North,Punjab,SKU-014,Cricket Bat,Sports,13,1833.14,05-01-2026,23830.82,No
ORD-02393,26-12-2025,CUST-173,South,Karnataka,SKU-015,Football,Sports,12,1952.28,31-12-2025,23427.36,No
ORD-02394,27-12-2025,CUST-129,South,Andhra Pradesh,SKU-004,Cotton T-Shirt,Apparel,21,850.8,30-12-2025,17866.8,No
ORD-02395,27-12-2025,CUST-183,South,Karnataka,SKU-008,Air Fryer,Home & Kitchen,59,912.26,30-12-2025,53823.34,No
ORD-02396,27-12-2025,CUST-143,South,Kerala,SKU-011,Cooking Oil 1L,Groceries,89,1064.79,31-12-2025,94766.31,No
ORD-02397,27-12-2025,CUST-147,East,Bihar,SKU-012,Green Tea Pack,Groceries,42,815.88,31-12-2025,34266.96,No
ORD-02398,27-12-2025,CUST-156,South,Karnataka,SKU-014,Cricket Bat,Sports,11,1833.14,03-01-2026,20164.54,No
ORD-02399,28-12-2025,CUST-162,West,Goa,SKU-001,Wireless Mouse,Electronics,34,2055.9,03-01-2026,69900.6,No
ORD-02400,28-12-2025,CUST-100,West,Goa,SKU-003,USB-C Charger,Electronics,50,2555.22,04-01-2026,127761,No
ORD-02401,28-12-2025,CUST-167,East,West Bengal,SKU-005,Denim Jacket,Apparel,37,1110.65,07-01-2026,41094.05,No
ORD-02402,28-12-2025,CUST-136,South,Kerala,SKU-006,Running Shoes,Apparel,16,183.06,01-01-2026,2928.96,No
ORD-02403,28-12-2025,CUST-197,North,Uttar Pradesh,SKU-007,Non-stick Pan,Home & Kitchen,21,2108.56,07-01-2026,44279.76,Yes
ORD-02404,28-12-2025,CUST-157,South,Karnataka,SKU-009,LED Lamp,Home & Kitchen,37,1646.8,03-01-2026,60931.6,No
ORD-02405,28-12-2025,CUST-161,South,Telangana,SKU-011,Cooking Oil 1L,Groceries,31,1064.79,02-01-2026,33008.49,No
ORD-02406,28-12-2025,CUST-102,South,Tamil Nadu,SKU-012,Green Tea Pack,Groceries,34,815.88,02-01-2026,27739.92,No
ORD-02407,28-12-2025,CUST-114,East,Odisha,SKU-014,Cricket Bat,Sports,11,1833.14,02-01-2026,20164.54,No
ORD-02408,29-12-2025,CUST-195,West,Gujarat,SKU-003,USB-C Charger,Electronics,42,2555.22,05-01-2026,107319.24,No
ORD-02409,29-12-2025,CUST-136,East,Jharkhand,SKU-004,Cotton T-Shirt,Apparel,6,850.8,04-01-2026,5104.8,No
ORD-02410,29-12-2025,CUST-167,North,Punjab,SKU-012,Green Tea Pack,Groceries,23,815.88,08-01-2026,18765.24,No
ORD-02411,29-12-2025,CUST-172,East,Jharkhand,SKU-013,Yoga Mat,Sports,51,2445.11,07-01-2026,124700.61,No
ORD-02412,29-12-2025,CUST-123,North,Haryana,SKU-014,Cricket Bat,Sports,8,1833.14,04-01-2026,14665.12,No
ORD-02413,30-12-2025,CUST-180,West,Gujarat,SKU-002,Bluetooth Speaker,Electronics,19,1695.1,05-01-2026,32206.9,No
ORD-02414,30-12-2025,CUST-160,South,Tamil Nadu,SKU-006,Running Shoes,Apparel,13,183.06,08-01-2026,2379.78,No
ORD-02415,30-12-2025,CUST-168,East,Odisha,SKU-008,Air Fryer,Home & Kitchen,60,912.26,05-01-2026,54735.6,Yes
ORD-02416,30-12-2025,CUST-188,North,Uttar Pradesh,SKU-010,Basmati Rice 5kg,Groceries,35,689,02-01-2026,24115,No
ORD-02417,30-12-2025,CUST-126,West,Goa,SKU-011,Cooking Oil 1L,Groceries,58,1064.79,02-01-2026,61757.82,No
ORD-02418,30-12-2025,CUST-113,West,Madhya Pradesh,SKU-012,Green Tea Pack,Groceries,27,815.88,03-01-2026,22028.76,No
ORD-02419,30-12-2025,CUST-132,North,Haryana,SKU-014,Cricket Bat,Sports,8,1833.14,02-01-2026,14665.12,No
ORD-02420,31-12-2025,CUST-182,West,Maharashtra,SKU-001,Wireless Mouse,Electronics,55,2055.9,07-01-2026,113074.5,No
ORD-02421,31-12-2025,CUST-132,South,Tamil Nadu,SKU-003,USB-C Charger,Electronics,63,2555.22,04-01-2026,160978.86,No
ORD-02422,31-12-2025,CUST-169,South,Telangana,SKU-004,Cotton T-Shirt,Apparel,13,850.8,07-01-2026,11060.4,No
ORD-02423,31-12-2025,CUST-152,East,Bihar,SKU-007,Non-stick Pan,Home & Kitchen,23,2108.56,06-01-2026,48496.88,No
ORD-02424,31-12-2025,CUST-173,East,Bihar,SKU-008,Air Fryer,Home & Kitchen,23,912.26,06-01-2026,20981.98,Yes
ORD-02425,31-12-2025,CUST-171,South,Telangana,SKU-009,LED Lamp,Home & Kitchen,18,1646.8,10-01-2026,29642.4,Yes
ORD-02426,31-12-2025,CUST-180,North,Rajasthan,SKU-010,Basmati Rice 5kg,Groceries,11,689,04-01-2026,7579,No
ORD-02427,31-12-2025,CUST-193,South,Karnataka,SKU-012,Green Tea Pack,Groceries,36,815.88,03-01-2026,29371.68,No
ORD-02428,31-12-2025,CUST-125,South,Tamil Nadu,SKU-013,Yoga Mat,Sports,25,2445.11,06-01-2026,61127.75,No
ORD-02429,31-12-2025,CUST-104,North,Haryana,SKU-014,Cricket Bat,Sports,10,1833.14,05-01-2026,18331.4,No
